AAC1	adp|atp|h|pi
AAC3	adp|atp|h|pi
AAH1_1	adn|dnh3|h|h2o|ins
AAH1_2	dad-2|din|dnh3|h|h2o
AAH1_3	ade|dnh3|h|h2o|hxan
AAT1_1	akg|asp-L|glu-L|oaa
AAT1_2	34hpp|akg|glu-L|tyr-L
AAT2_1	akg|asp-L|glu-L|oaa
AAT2_2	34hpp|akg|glu-L|tyr-L
ABZ1	4adcho|chor|gln-L|glu-L
ACC1	accoa|adp|atp|h|hco3|malcoa|pi
ACH1	ac|accoa|coa|h|h2o
ACO1	cit|icit
ACP1	nad+|nadh|ubiqui|ubiqui9
ACS1	ac|accoa|amp|atp|coa|h|ppi
ACS2	ac|accoa|amp|atp|coa|h|ppi
ADE1	25aics|adp|asp-L|atp|h|pdaic|pi
ADE12	asp-L|dcamp|gdp|gtp|h|imp|pi
ADE13_1	25aics|aicar|fum
ADE13_2	amp|dcamp|fum
ADE16_1	10fthf|aicar|fprica|thf
ADE16_2	fprica|h2o|imp
ADE17_1	10fthf|aicar|fprica|thf
ADE17_2	fprica|h2o|imp
ADE2	air|dco2|h|pdaic
ADE3_1	methf|mlthf|nadp+|nadph
ADE3_2	10fthf|adp|atp|for|pi|thf
ADE3_3	10fthf|h|h2o|methf
ADE4	gln-L|glu-L|h2o|ppi|pram|prpp
ADE5_7_1	adp|atp|gar|gly|h|pi|pram
ADE5_7_2	adp|air|atp|fpram|h|pi
ADE6	adp|atp|fgam|fpram|gln-L|glu-L|h|h2o|pi
ADE8	10fthf|fgam|gar|h|thf
ADH1	acald|etoh|h|nad+|nadh
ADH2	acald|etoh|h|nad+|nadh
ADH3	acald|etoh|h|nad+|nadh
ADH4	acald|etoh|h|nad+|nadh
ADH5	acald|etoh|h|nad+|nadh
ADK1_1	adp|amp|atp
ADK1_2	adp|amp|gdp|gtp
ADK1_3	adp|amp|idp|itp
ADK2_1	adp|amp|atp
ADK2_2	adp|amp|gdp|gtp
ADK2_3	adp|amp|idp|itp
ADY2	ac|h
AGC1_1	glu-L|h
AGC1_2	asp-L|h
AGP1_1	glu-L
AGP1_10	h|tyr-L
AGP1_11	h|val-L
AGP1_12	h|ser-L
AGP1_13	h|thr-L
AGP1_2	ala-L|h
AGP1_3	asn-L|h
AGP1_4	gln-L|h
AGP1_5	h|his-L
AGP1_6	h|ile-L
AGP1_7	h|leu-L
AGP1_8	h|met-L
AGP1_9	h|phe-L
AGP2	crn
AGP3_1	glu-L
AGP3_2	asp-L|h
AGP3_3	h|ser-L
ALA1	ala-L|alatrna|amp|atp|h|ppi|trnaala
ALD2	ac|acald|h|h2o|nad+|nadh
ALD3	ac|acald|h|h2o|nad+|nadh
ALD4_1	ac|acald|h|h2o|nad+|nadh
ALD4_2	ac|acald|h|h2o|nadp+|nadph
ALD5_1	ac|acald|h|h2o|nadp+|nadph
ALD5_2	h|h2o|lac-S|lald-S|nad+|nadh
ALD6	ac|acald|h|h2o|nadp+|nadph
ALP1	arg-L|h
AMD1_1	amp|dnh3|h|h2o|imp
AMD1_2	ade|amp|h2o|r5p
AMD2_1	4gudbd|4gudbutn|dnh3|h2o
AMD2_2	dnh3|h|h2o|pac|pad
AMD2_3	dnh3|h2o|iad|indac
APA1_1	adp|ap4a|gtp|h|h2o|pi
APA1_2	gdp|gp4g|gtp|h|pi
APA1_3	adp|aps|pi|so4
APA2	adp|ap4a|atp|h|pi
APT1	ade|amp|ppi|prpp
APT2	ade|amp|ppi|prpp
ARA1_1	Dara14lac|arab-D|h|nad+|nadh
ARA1_2	Dara14lac|arab-D|h|nadp+|nadph
ARE1	acoa|coa|ergst|ergstest_SC
ARE2	acoa|coa|ergst|ergstest_SC
ARG1	amp|argsuc|asp-L|atp|citr-L|ppi
ARG3	cbp|citr-L|h|orn|pi
ARG4	arg-L|argsuc|fum
ARG5_1	acglu|acgluph|adp|atp|h
ARG5_2	acg5sa|acgluph|nadp+|nadph|pi
ARG8	acg5sa|acorn|akg|glu-L
ARO1_1	2dda7p|3dhq|h|pi
ARO1_2	3dhq|3dhsk|h2o
ARO1_3	3dhsk|h|nadp+|nadph|skm
ARO1_4	adp|atp|skm|skm3p
ARO1_5	3psme|h|pep|pi|skm3p
ARO2	3psme|chor|h|pi
ARO3	2dda7p|e4p|h|h2o|pep|pi
ARO4	2dda7p|e4p|h|h2o|pep|pi
ARO7	chor|pphn
ARO8	34hpp|akg|glu-L|tyr-L
ARO9_1	akg|glu-L|phe-L|phpyr
ARO9_2	34hpp|akg|glu-L|tyr-L
ASN1	amp|asn-L|asp-L|atp|gln-L|glu-L|h2o|ppi
ASN2	amp|asn-L|asp-L|atp|gln-L|glu-L|h2o|ppi
ASP1	asn-L|asp-L|dnh3|h2o
ASP31	asn-L|asp-L|dnh3|h2o
ASP32	asn-L|asp-L|dnh3|h2o
ASP33	asn-L|asp-L|dnh3|h2o
ASP34	asn-L|asp-L|dnh3|h2o
ATH1	glc-D|h2o|tre
ATP1	adp|atp|h|h2o|pi
AUR1_1	cera-D|inphdcer|ptd1ino_SC
AUR1_2	inphpcer|pcer|ptd1ino_SC
AUS1_1	ergst
AUS1_2	zymst
AUS1_3	lanost
AUS1_4	44mzym
AUS1_5	fecost
AUS1_6	epist
AUS1_7	5ergdeo
AUS1_8	ergtetrol
AYR1	1ag3p_SC|acpho|nadp+|nadph
BAP2_1	cys-L|h
BAP2_2	h|ile-L
BAP2_3	h|leu-L
BAP2_4	h|met-L
BAP2_5	h|phe-L
BAP2_6	h|trp-L
BAP2_7	h|tyr-L
BAP2_8	h|val-L
BAP3_1	cys-L|h
BAP3_2	h|ile-L
BAP3_3	h|leu-L
BAP3_4	h|met-L
BAP3_5	h|phe-L
BAP3_6	h|trp-L
BAP3_7	h|tyr-L
BAP3_8	h|val-L
BAT1_1	4mop|akg|glu-L|leu-L
BAT1_2	3mop|akg|glu-L|ile-L
BAT2_1	3mop|akg|glu-L|ile-L
BAT2_2	3mob|akg|glu-L|val-L
BAT2_3	4mop|akg|glu-L|leu-L
BET2	3no4hyben|4hbz|atnodp|ppi
BGL2	13BDglcn|13BDglcnb|glc-D
BIO2	amp|atp|btn|dh2s|dtbt|h|h2o|nad+|nadh|ppi
BIO3	8aonn|amet|amob|dann
BIO4	adp|atp|dann|dco2|dtbt|h|pi
BIO5	btn|h
BNA1	3hanthrn|cmusa|h|o2
BPH1	ac|h
CAN1_1	arg-L|h
CAN1_2	h|orn
CAR1	arg-L|h2o|orn|urea
CAR2	akg|glu-L|glu5sa|orn
CAT2	accoa|acrn|coa|crn
CBIOMASS	13BDglcn|adp|ala-L|amp|arg-L|asn-L|asp-L|atp|biomass|cmp|cys-L|damp|dcmp|dgmp|dtmp|gln-L|glu-L|gly|glycogen|gmp|his-L|ile-L|leu-L|lys-L|mannan|met-L|phe-L|pi|pro-L|ser-L|so4|thr-L|tre|trp-L|tyr-L|ump|val-L
CDA1	ac|chitin|chitos|h|h2o
CDA2	ac|chitin|chitos|h|h2o
CDC19	adp|atp|pep|pyr
CDC21	dhf|dtmp|dump|mlthf
CDC60	amp|atp|h|leu-L|leutrna|ppi|trnaleu
CDC8	adp|atp|dtdp|dtmp
CDD1_1	cytd|dnh3|h|h2o|uri
CDD1_2	dcyt|dnh3|duri|h|h2o
CDS1_1	cdpdag_SC|ctp|phosda|ppi
CDS1_2	cdpdag_SC|ctp|phosda|ppi
CEM1_1	acACP|aceacp|acphsr|dco2|h|malACP
CEM1_2	3oxhexacp|acphsr|butlacp|dco2|h|malACP
CEM1_3	3oxoctacp|acphsr|dco2|h|hexacp|malACP
CEM1_4	3oxdecacp|acphsr|dco2|h|malACP|ocACP
CEM1_5	3oxododacp|acphsr|dcaACP|dco2|h|malACP
CEM1_6	3oxtetdeacp|acphsr|dco2|ddcaACP|h|malACP
CEM1_7	3oxphexacp|acphsr|dco2|h|malACP|tetdeacp
CEM1_8	3oxstacp|acphsr|dco2|hedacp|malACP
CHA1_1	2obut|dnh3|thr-L
CHA1_2	dnh3|pyr|ser-L
CHO1_1	cdpdag_SC|cmp|h|ps_SC|ser-L
CHO1_2	cdpdag_SC|cmp|h|ps_SC|ser-L
CHO2	ahcys|amet|h|pe_SC|ptdmeeta_SC
CHS1	chitin|h|udp|udpacgal
CHS2	chitin|h|udp|udpacgal
CHS3	chitin|h|udp|udpacgal
CIT1	accoa|cit|coa|h|h2o|oaa
CIT2	accoa|cit|coa|h|h2o|oaa
CIT3	accoa|cit|coa|h|h2o|oaa
CKI1	adp|atp|chol|cholp
CLIPIDS	44mzym|aca|epist|ergst|ergstest_SC|ergtetrol|fecost|inmapdcer|inmappcer|lanost|lipid|pc_SC|pe_SC|ps_SC|ptd1ino_SC|triglyc_SC|zymst
COQ1	3no4hyben|4hbz|atnodp|ppi
COQ2	3no4hyben|4hbz|atnodp|ppi
COQ3	3demubi|ahcys|amet|ubiqui
COQ5	2no3me6obe|2no6obe|ahcys|amet
COQ6	2no3me6obe|3demubi|o2
COX1	ficytc|focytc|h|h2o|o2
COX10	3no4hyben|4hbz|atnodp|ppi
CPA2	adp|atp|cbp|dco2|gln-L|glu-L|h|h2o|pi
CPT1	cdpchol|cmp|diglyrd|pc_SC
CRC1	acrn|crn
CRD1	cdpdag_SC|clpn_SC|cmp|pg_SC
CSG2_1	gdp|gdpmann|inphdcer|mainpdcer
CSG2_2	gdp|gdpmann|inphpcer|mainppcer
CTA1	h2o|h2o2|o2
CTP1_1	cit|mal-L
CTP1_2	cit|pep
CTP1_3	cit|icit
CTT1	h2o|h2o2|o2
CYB2	ficytc|focytc|h|lac-S|pyr
CYR1	35camp|atp|ppi
CYS3	2obut|cys-L|cysta-L|dnh3|h2o
CYS4	cysta-L|h2o|hcys-L|ser-L
DAK1	adp|atp|glyone|glyonep
DAK2	adp|atp|glyone|glyonep
DAL1	alltn|alltt|h|h2o
DAL2	alltt|h2o|urdglyc|urea
DAL3	dco2|dnh3|glx|h|h2o|urdglyc
DAL4	alltn
DAL5	alltt
DAL7	accoa|coa|glx|h|h2o|mal-L
DCD1_1	dcmp|dnh3|dump|h|h2o
DCD1_2	dctp|dnh3|dutp|h|h2o
DCI1_1	t3c16coa|tc16coa
DCI1_2	t3c18coa|tc18coa
DCI1_3	t3c14coa|tc14coa
DCI1_4	t24c14coa|t35c14coa
DCI1_5	t24c16coa|t35c16coa
DCI1_6	t24c18coa|t35c18coa
DED81	amp|asn-L|asntrna|atp|ppi|trna
DEG1	h2o|psd5p|r5p|ura
DFR1_1	dhf|h|nadp+|nadph|thf
DFR1_2	dhf|h|nadp+|nadph|thf
DGA1	acoa|coa|diglyrd|triglyc_SC
DIA1	amp|atp|ppi|ser-L|sertrna|trnaser
DIC1_1	mal-L|succ
DIC1_2	mal-L|pi
DIC1_3	pi|succ
DIM1	2no6moph|2no6oph|ahcys|amet
DIP5_1	glu-L
DIP5_2	ala-L|h
DIP5_3	asn-L|h
DIP5_4	asp-L|h
DIP5_5	gly|h
DIP5_6	gln-L|h
DIP5_7	h|ser-L
DLD1	ficytc|focytc|h|lac-R|pyr
DPH5	ahcys|amet|caphis|cmaphis|h
DPL1_1	c16a|ethamp|sph1p
DPL1_2	c16a|ethamp|psph1p
DPM1	dolmanp|dolp|gdp|gdpmann
DPP1	diglyrd|h|h2o|phosda|pi
DPS1	amp|asp-L|asptrna|atp|h|ppi|trnaasp
DUR1_1	adp|atp|dco2|h|h2o|pi|urea|ureacar
DUR1_2	dco2|dnh3|h|h2o|ureacar
DUR3	h|urea
DUT1	dump|dutp|h2o|ppi
DYS1	spmd|tmetdia|ubiqui|ubiqui9
ECI1_1	t3c16coa|tc16coa
ECI1_2	t3c18coa|tc18coa
ECI1_3	t3c14coa|tc14coa
ECM17	dh2s|h|h2o|nadp+|nadph|so3
ECM31	2dhp|3mob|h2o|mlthf|thf
ECM38	ala-L|gthrd|lcygly|rsalagly
ECM40_1	accoa|acglu|coa|glu-L|h
ECM40_2	acglu|acorn|glu-L|orn
EKI1	adp|atp|etha|ethamp
ELO1_1	3kc14coa|coa|dco2|h|lauocoa|malcoa
ELO1_2	3kc16coa|coa|dco2|h|malcoa|myricoa
ELO2_3	3kc18coa|coa|dco2|h|malcoa|pmtcoa
ELO2_4	3kc20coa|coa|dco2|h|malcoa|octdecancoa
ELO2_5	3kc22coa|c20coa|coa|dco2|h|malcoa
ELO2_6	3kc24coa|c22coa|coa|dco2|h|malcoa
ELO2_7	3kc26coa|c24coa|coa|dco2|h|malcoa
ELO3_3	3kc18coa|coa|dco2|h|malcoa|pmtcoa
ELO3_4	3kc20coa|coa|dco2|h|malcoa|octdecancoa
ELO3_5	3kc22coa|c20coa|coa|dco2|h|malcoa
ELO3_6	3kc24coa|c22coa|coa|dco2|h|malcoa
ELO3_7	3kc26coa|c24coa|coa|dco2|h|malcoa
ENO1	2pg|h2o|pep
ENO2	2pg|h2o|pep
EPT1	cdpea|cmp|diglyrd|h|pe_SC
ERG1	2,3epsq|h|h2o|nadp+|nadph|o2|sql
ERG10	aacoa|accoa|coa
ERG11	44mctr|lanost|nadp+|nadph|o2
ERG12_1	5pmev|adp|atp|mev-R
ERG12_2	5pmev|cdp|ctp|mev-R
ERG12_3	5pmev|gdp|gtp|mev-R
ERG12_4	5pmev|mev-R|udp|utp
ERG2	epist|fecost
ERG20_1	dmpp|ggdp|ipdp|ppi
ERG20_2	frdp|ggdp|ipdp|ppi
ERG24	44mctr|44mzym|h|nadp+|nadph
ERG25_1	44mzym|4mzym_int1|o2
ERG25_2	4mzym|o2|zym_int1
ERG26_1	4mzym_int1|4mzym_int2|dco2|h
ERG26_2	dco2|h|zym_int1|zym_int2
ERG27_1	4mzym|4mzym_int2|h|nadp+|nadph
ERG27_2	h|nadp+|nadph|zym_int2|zymst
ERG3	epist|ergtrol|h|h2o|nadp+|nadph|o2
ERG4	ergst|ergtetrol|h|nadp+|nadph
ERG5	ergtetrol|ergtrol|h2o|nadp+|nadph|o2
ERG6	ahcys|amet|fecost|h|zymst
ERG7	2,3epsq|lanost
ERG8	5dpmev|5pmev|adp|atp
ERG9_1	frdp|ppi|prsqdp
ERG9_2	h|nadp+|nadph|ppi|prsqdp|sql
ERR1_1	2pg|h2o|pep
ERR1_2	2pg|h2o|pep
ERR2	2pg|h2o|pep
ETR1_1	butlacp|h|nadp+|nadph|tbuenacp
ETR1_2	h|hexacp|nadp+|nadph|theenacp
ETR1_3	h|nadp+|nadph|ocACP|tocenacp
ETR1_4	dcaACP|h|nadp+|nadph|tdeacp
ETR1_5	ddcaACP|h|nadp+|nadph|tdodeacp
ETR1_6	h|nadp+|nadph|tetdeacp|ttetdeenacp
ETR1_7	h|hedacp|nadp+|nadph|thenedacp
ETR1_8	nadp+|nadph|stearacp|tocdeenacp
EXG1	13BDglcn|13BDglcnb|glc-D
EXG2	13BDglcn|13BDglcnb|glc-D
FAA1_1	amp|atp|coa|h|lauac|lauocoa|ppi
FAA1_2	amp|atp|coa|h|myrac|myricoa|ppi
FAA1_3	amp|atp|coa|h|palac|pmtcoa|ppi
FAA2_1	amp|atp|coa|dcacoa|decac|h|ppi
FAA2_2	amp|atp|coa|h|lauac|lauocoa|ppi
FAA3_1	amp|atp|coa|h|palac|pmtcoa|ppi
FAA3_2	amp|atp|coa|h|octdecancoa|ppi|steac
FAA4_1	amp|atp|coa|h|palac|pmtcoa|ppi
FAA4_2	amp|atp|coa|h|octdecancoa|ppi|steac
FAA4_3	amp|atp|coa|h|hedcoa|hexeac|ppi
FAA4_4	amp|atp|coa|h|octde9encoa|oleac|ppi
FAA4_5	amp|atp|coa|h|ppi|tedeac|tetdecoa
FAB1	adp|atp|pi3p|ptd135bp_SC
FAD1	atp|fad|fmn|ppi
FAS1_1	acphsr|coa|malACP|malcoa
FAS1_1_1	3hc4acp|h2o|tbuenacp
FAS1_1_2	butlacp|h|nadp+|nadph|tbuenacp
FAS1_2_1	3hc6acp|h2o|theenacp
FAS1_2_2	h|hexacp|nadp+|nadph|theenacp
FAS1_3_1	3hc8acp|h2o|tocenacp
FAS1_3_2	h|nadp+|nadph|ocACP|tocenacp
FAS1_4_1	3hc10acp|h2o|tdeacp
FAS1_4_2	dcaACP|h|nadp+|nadph|tdeacp
FAS1_4_c	acphsr|coa|dcaACP|dcacoa
FAS1_4_f	acphsr|dcaACP|decac|h|h2o
FAS1_5_1	3hc12acp|h2o|tdodeacp
FAS1_5_2	ddcaACP|h|nadp+|nadph|tdodeacp
FAS1_5_c	acphsr|coa|ddcaACP|lauocoa
FAS1_5_f	acphsr|ddcaACP|h|h2o|lauac
FAS1_6_1	3hc14acp|h2o|ttetdeenacp
FAS1_6_2	h|nadp+|nadph|tetdeacp|ttetdeenacp
FAS1_6_c	acphsr|coa|myricoa|tetdeacp
FAS1_6_f	acphsr|h|h2o|myrac|tetdeacp
FAS1_7_1	3h3kc22coa|3hc22coa|nadp+|nadph
FAS1_7_2	h|hedacp|nadp+|nadph|thenedacp
FAS1_7_c	acphsr|coa|hedacp|pmtcoa
FAS1_7_f	acphsr|h|h2o|hedacp|palac
FAS1_8_1	3hc18acp|h2o|tocdeenacp
FAS1_8_2	nadp+|nadph|stearacp|tocdeenacp
FAS1_8_c	acphsr|coa|octdecancoa|stearacp
FAS1_8_f	acphsr|h|h2o|steac|stearacp
FAS1_s	acACP|accoa|acphsr|coa
FAS2_1_1	acACP|aceacp|acphsr|dco2|h|malACP
FAS2_1_2	3hc4acp|aceacp|h|nadp+|nadph
FAS2_2_1	3oxhexacp|acphsr|butlacp|dco2|h|malACP
FAS2_2_2	3hc6acp|3oxhexacp|h|nadp+|nadph
FAS2_3_1	3oxoctacp|acphsr|dco2|h|hexacp|malACP
FAS2_3_2	3hc8acp|3oxoctacp|h|nadp+|nadph
FAS2_4_1	3oxdecacp|acphsr|dco2|h|malACP|ocACP
FAS2_4_2	3hc10acp|3oxdecacp|h|nadp+|nadph
FAS2_5_1	3oxododacp|acphsr|dcaACP|dco2|h|malACP
FAS2_5_2	3hc12acp|3oxododacp|h|nadp+|nadph
FAS2_6_1	3oxtetdeacp|acphsr|dco2|ddcaACP|h|malACP
FAS2_6_2	3hc14acp|3oxtetdeacp|h|nadp+|nadph
FAS2_7_1	3oxphexacp|acphsr|dco2|h|malACP|tetdeacp
FAS2_7_2	3hc16acp|3oxphexacp|h|nadp+|nadph
FAS2_8_1	3oxstacp|acphsr|dco2|hedacp|malACP
FAS2_8_2	3hc18acp|3oxstacp|h|nadp+|nadph
FAT1_1	amp|atp|coa|h|palac|pmtcoa|ppi
FAT1_2	amp|atp|coa|h|octdecancoa|ppi|steac
FAT1_3	amp|atp|coa|h|hedcoa|hexeac|ppi
FAT1_4	amp|atp|coa|h|octde9encoa|oleac|ppi
FAT1_5	amp|atp|coa|h|ppi|tedeac|tetdecoa
FAT1_6	amp|atp|c24ac|c24coa|coa|h|ppi
FAT1_7	amp|atp|c26ac|c26coa|coa|ppi
FATP	adp|atp|pi
FBA1	fdp|g3pi|glyonep
FBP1	f6p|fdp|h|h2o|pi
FBP26	f26bp|f6p|h|h2o|pi
FCY1	csn|dnh3|h|h2o|ura
FCY21_1	csn|h
FCY21_2	ade|h
FCY21_3	gua|h
FCY22_1	csn|h
FCY22_2	ade|h
FCY22_3	gua|h
FCY2_1	csn|h
FCY2_2	ade|h
FCY2_3	gua|h
FDH1	dco2|for|nad+|nadh
FEN2	h|pnto-R
FIG4	h|h2o|pi|pi3p|ptd135bp_SC
FKS1	13BDglcn|13BDglcnb|udp|udpg
FKS3	13BDglcn|13BDglcnb|udp|udpg
FLX1	fad|fmn
FMN1_1	adp|atp|fmn|ribflv
FMN1_2	adp|atp|fmn|ribflv
FMT1	10fthf|fmettrna|h|mettrna|thf
FNADH	h|nad+|nadh
FNADPH	h|nadp+|nadph
FOL1_1	2ahhmpo|dhnpt|gcald
FOL1_2	2ahhm3hd|2ahhmpo|amp|atp
FOL1_3	2ahhm3hd|4abz|dhpt|ppi
FOL1_4	2ahhmpo|4abz|dhpt|h2o
FOL2	dhn3tp|for|gtp|h|h2o
FOL3	adp|atp|glu-L|h|pi|thf|thfglu
FOX1_1	3hc18coa|h2o|tc18coa
FOX1_2	3hc16coa|h2o|tc16coa
FOX1_3	3hc14coa|h2o|tc14coa
FOX1_4	3hc12coa|h2o|tddeccoa
FOX1_5	3hc10coa|h2o|tdeccoa
FOX1_6	3hc8coa|h|h2o|tocacoa
FOX1_7	3hc6coa|h|h2o|theacoa
FOX1_8	3hc4coa|h|h2o|tbuecoa
FOX2_1	3hc18coa|3kc18coa|h|nad+|nadh
FOX2_2	3hc16coa|3kc16coa|h|nad+|nadh
FOX2_3	3hc14coa|3kc14coa|h|nad+|nadh
FOX2_4	3hc12coa|3kc12coa|h|nad+|nadh
FOX2_5	3hc10coa|3kc10coa|h|nad+|nadh
FOX2_6	3hc8coa|3kc8coa|h|nad+|nadh
FOX2_7	3hc6coa|3oxhexcoa|h|nad+|nadh
FOX2_8	3hc4coa|3kc4coa|h|nad+|nadh
FPS1	glyc
FRS1	amp|atp|h|phe-L|phetrna|ppi|trnaphe
FRS2	amp|atp|h|phe-L|phetrna|ppi|trnaphe
FSP2_1	glc-D|h2o|malt
FSP2_2	gal|glc-D|h2o|melib
FUI1_1	h|uri
FUI1_2	h|uri
FUI1_3	h|uri
FUM1_1	fum|h2o|mal-L
FUM1_2	fum|h2o|mal-L
FUN63	h|h2o|imp|nad+|nadh|xmp
FUR1	ppi|prpp|ump|ura
FUR4	h|ura
GAD1	amibut|dco2|glu-L|h
GAL1	adp|atp|gal|gal1p
GAL10	udpg|udpgal
GAL2_1	glc-D
GAL2_2	gal
GAL7_1	gal1p|ppi|udpgal|utp
GAL7_2	g1p|gal1p|udpg|udpgal
GAP1_1	glu-L
GAP1_10	h|ile-L
GAP1_11	h|leu-L
GAP1_12	h|met-L
GAP1_13	h|phe-L
GAP1_14	h|pro-L
GAP1_15	h|trp-L
GAP1_16	h|tyr-L
GAP1_17	h|val-L
GAP1_18	h|ser-L
GAP1_19	h|thr-L
GAP1_2	ala-L|h
GAP1_20	h|lys-L
GAP1_21	h|orn
GAP1_3	arg-L|h
GAP1_4	asn-L|h
GAP1_5	asp-L|h
GAP1_6	cys-L|h
GAP1_7	gly|h
GAP1_8	gln-L|h
GAP1_9	h|his-L
GCV1_1	dco2|dnh3|gly|mlthf|nad+|nadh|thf
GCV1_2	dco2|dnh3|gly|mlthf|nad+|nadh|thf
GCV2	alpro|dco2|gly|lpam
GDE1	chol|gly3p|h2o
GDH1	akg|dnh3|glu-L|h|h2o|nadp+|nadph
GDH2	akg|dnh3|glu-L|h|h2o|nad+|nadh
GDH3	akg|dnh3|glu-L|h|h2o|nadp+|nadph
GFA1	f6p|gam6p|gln-L|glu-L
GIT1_1	glycephocho
GIT1_2	glyphoino
GLC3	g1p|glycogen|glycogenb|h|pi
GLK1_1	adp|atp|g6p|glc-D
GLK1_2	adp|atp|man|man6p
GLK1_3	adp|atp|g6p-B|glc-D-B
GLN1	adp|atp|dnh3|gln-L|glu-L|h|pi
GLN4	amp|atp|gln-L|glntrna|ppi
GLO1	gthrd|lgt-S|mthgxl
GLO2	gthrd|h|h2o|lac-R|lgt-S
GLO4	gthrd|h|h2o|lac-R|lgt-S
GLR1	gthox|gthrd|h|nadp+|nadph
GLT1	akg|gln-L|glu-L|h|nad+|nadh
GLY1	acald|gly|thr-L
GNA1	accoa|acgam6p|coa|gam6p|h
GND1	6pgc|dco2|nadp+|nadph|ru5p-D
GND2	6pgc|dco2|nadp+|nadph|ru5p-D
GNP1_1	asn-L|h
GNP1_2	cys-L|h
GNP1_3	gln-L|h
GNP1_4	h|leu-L
GNP1_5	h|met-L
GNP1_6	h|ser-L
GNP1_7	h|thr-L
GPD1	gly3p|glyonep|h|nad+|nadh
GPD2	gly3p|glyonep|h|nad+|nadh
GPH1	g1p|glycogen|glycogenb|h|pi
GPM1_1	13dpg|bpglyc-D|h
GPM1_2	2pg|3pg
GPM2	2pg|3pg
GPM3	2pg|3pg
GPT2_1	1ag3p_SC|acoa|coa|gly3p
GPT2_2	acoa|acpho|coa|glyonep
GPX1	gthox|gthrd|h2o|h2o2
GPX2	gthox|gthrd|h2o|h2o2
GROWTH	biomass
GRS1	amp|atp|gly|glytrna|h|ppi|trnagly
GRS2	amp|atp|gly|glytrna|h|ppi|trnagly
GSC2	13BDglcn|13BDglcnb|udp|udpg
GSH1	adp|atp|cys-L|glu-L|glucys|h|pi
GSH2	adp|atp|glucys|gly|gthrd|h|pi
GSY1	glycogen|glycogenb|udp|udpg
GSY2	glycogen|glycogenb|udp|udpg
GUA1	amp|atp|gln-L|glu-L|gmp|h|h2o|ppi|xmp
GUK1_1	adp|atp|gdp|gmp
GUK1_2	adp|atp|dgdp|dgmp
GUK1_3	dadp|datp|gdp|gmp
GUT1	adp|atp|gly3p|glyc
GUT2	fad|fadh2|gly3p|glyonep
HEM1	5amev|coa|dco2|gly|h|succoa
HEM12	cpppg|dco2|uppg3
HEM13	cpppg|dco2|o2|pppg9
HEM14	o2|ppp9|pppg9
HEM15	pheme|ppp9
HEM2	5amev|h|h2o|ppbng
HEM3	dnh3|h2o|hmbil|ppbng
HEM4	h2o|hmbil|uppg3
HFA1	accoa|adp|atp|dco2|h|h2o|malcoa|pi
HIP1	h|his-L
HIS1	atp|ppi|prbatp|prpp
HIS2	h|h2o|hisp|histd|pi
HIS3	epistest_SC|h2o|imacp
HIS4_1	h2o|ppi|prbamp|prbatp
HIS4_2	h2o|prbamp|prfp
HIS4_3	h|h2o|his-L|histd|nad+|nadh
HIS5	akg|glu-L|hisp|imacp
HIS6	5p1d1aimi4ca|prfp
HIS7	5p1d1aimi4ca|aicar|epistest_SC|gln-L|glu-L|h
HMG1	coa|h|hmgcoa|mev-R|nadp+|nadph
HMG2	coa|h|hmgcoa|mev-R|nadp+|nadph
HMGS	aacoa|accoa|coa|h|h2o|hmgcoa
HMT1	NPmehis|ahcys|amet|h|his-L
HNM1	chol|h
HOM2	4pasp|aspsa|nadp+|nadph|pi
HOM3	4pasp|adp|asp-L|atp|h
HOM6_1	aspsa|h|hom-L|nad+|nadh
HOM6_2	aspsa|h|hom-L|nadp+|nadph
HOR2	gly3p|glyc|h|h2o|pi
HPT1_1	hxan|imp|ppi|prpp
HPT1_2	gmp|gua|ppi|prpp
HTD2_1	3hc4acp|h2o|tbuenacp
HTD2_2	3hc6acp|h2o|theenacp
HTD2_3	3hc8acp|h2o|tocenacp
HTD2_4	3hc10acp|h2o|tdeacp
HTD2_5	3hc12acp|h2o|tdodeacp
HTD2_6	3hc14acp|h2o|ttetdeenacp
HTD2_7	3hc16acp|h2o|thenedacp
HTD2_8	3hc18acp|h2o|tocdeenacp
HTS1	amp|atp|h|his-L|histrna|ppi|trnahis
HXK1_1	adp|atp|g6p|glc-D-B
HXK1_2	adp|atp|g6p|glc-D
HXK1_3	adp|atp|man|man6p
HXK1_4	adp|atp|f6p|fru
HXK2_1	adp|atp|g6p|glc-D-B
HXK2_2	adp|atp|g6p|glc-D
HXK2_3	adp|atp|man|man6p
HXK2_4	adp|atp|f6p|fru
HXT10_1	glc-D
HXT10_2	gal
HXT10_3	fru
HXT10_4	man
HXT11_1	glc-D
HXT11_2	glc-D
HXT11_3	gal
HXT11_4	fru
HXT11_5	man
HXT13_1	glc-D
HXT13_2	fru
HXT13_3	man
HXT14	gal
HXT15_1	glc-D
HXT15_2	fru
HXT15_3	man
HXT16_1	glc-D
HXT16_2	fru
HXT16_3	man
HXT17_1	glc-D
HXT17_2	fru
HXT17_3	man
HXT1_1	glc-D
HXT1_2	fru
HXT1_3	man
HXT2_1	glc-D
HXT2_2	fru
HXT2_3	man
HXT3_1	glc-D
HXT3_2	fru
HXT3_3	man
HXT4_1	glc-D
HXT4_2	glc-D
HXT4_3	fru
HXT4_4	man
HXT5_1	glc-D
HXT5_2	fru
HXT5_3	man
HXT6_1	glc-D
HXT6_2	fru
HXT6_3	man
HXT7_1	glc-D
HXT7_2	fru
HXT7_3	man
HXT8_1	glc-D
HXT8_2	fru
HXT8_3	man
HXT9_1	glc-D
HXT9_2	gal
HXT9_3	fru
HXT9_4	man
HYR1	gthox|gthrd|h2o|h2o2
ICL1	glx|icit|succ
ICL2	glx|icit|succ
IDH1	akg|dco2|icit|nad+|nadh
IDI1	dmpp|ipdp
IDP1_1	h|icit|nadp+|nadph|oxasucc
IDP1_2	akg|dco2|h|oxasucc
IDP2_1	h|icit|nadp+|nadph|oxasucc
IDP2_2	akg|dco2|h|oxasucc
IDP3_1	h|icit|nadp+|nadph|oxasucc
IDP3_2	akg|dco2|h|oxasucc
IFA38_1	3hc14coa|3kc14coa|h|nadp+|nadph
IFA38_2	3hc16coa|3kc16coa|h|nadp+|nadph
IFA38_3	3hc18coa|3kc18coa|h|nadp+|nadph
IFA38_4	3hc20coa|3kc20coa|h|nadp+|nadph
IFA38_5	3hc22coa|3kc22coa|h|nadp+|nadph
IFA38_6	3hc24coa|3kc24coa|h|nadp+|nadph
IFA38_7	3hc26coa|3kc26coa|h|nadp+|nadph
ILS1	amp|atp|h|ile-L|iletrna|ppi|trnaile
ILV1	2obut|dnh3|thr-L
ILV2_1	2obut|achybu|dco2|h|pyr
ILV2_2	alac-|dco2|h|pyr
ILV3_1	33hmeoxobut|3mob
ILV3_2	33hmeoxobut|3mob
ILV3_3	23dhmp|3mop|h2o
ILV5_1	33hmeoxobut|alac-|h|nadp+|nadph
ILV5_2	23dhmp|achybu|h|nadp+|nadph
ILV5_3	2dhp|h|nadp+|nadph|pant-R
IMD3	h|h2o|imp|nad+|nadh|xmp
IMD4	h|h2o|imp|nad+|nadh|xmp
INM1	1in3p|h|h2o|inost|pi
INO1	1in3p|g6p
INP51	h|h2o|pi|pi4p|ptd145bp_SC
INP52_1	pi|pi3p|ptd1ino_SC
INP52_2	pi|pi4p|ptd1ino_SC
INP52_3	h|h2o|pi|pi3p|ptd135bp_SC
INP52_4	h|h2o|pi|pi4p|ptd145bp_SC
INP53_1	pi|pi3p|ptd1ino_SC
INP53_2	pi|pi4p|ptd1ino_SC
INP53_3	h|h2o|pi|pi3p|ptd135bp_SC
INP53_4	h|h2o|pi|pi4p|ptd145bp_SC
INP54	h|h2o|pi|pi4p|ptd145bp_SC
IPK1	adp|atp|inost|minohp
IPP1	h|h2o|pi|ppi
IPT1_1	h2o|inmapdcer|mainpdcer|ptd1ino_SC
IPT1_2	h2o|inmappcer|mainppcer|ptd1ino_SC
ISC1_1	cholp|diglyrd|h2o|pc_SC
ISC1_2_1	cera-D|diglyrd|inphdcer|ptd1ino_SC
ISC1_2_2	diglyrd|inphpcer|pcer|pino
ISC1_3_1	1in3p|cera-D|h2o|inphdcer
ISC1_3_2	1in3p|h2o|inphpcer|pcer
ISM1	amp|atp|h|ile-L|iletrna|ppi|trnaile
ITR1	h|inost
ITR2	h|inost
JEN1_1	h|lac-R
JEN1_2	h|pyr
KGD1	akg|coa|dco2|nad+|nadh|succoa
KRE2	gdp|gdpmann|m1macchitppdol|m2macchitppdol
KRS1	amp|atp|lys-L|lystrna(L)|ppi|trnalys
KTR1	gdp|gdpmann|m1macchitppdol|m2macchitppdol
KTR2	gdp|gdpmann|m1macchitppdol|m2macchitppdol
KTR3	gdp|gdpmann|m1macchitppdol|m2macchitppdol
KTR4	gdp|gdpmann|m1macchitppdol|m2macchitppdol
KTR6	gdp|gdpmann|m1macchitppdol|m2macchitppdol
LAC1_1	cera-D|coa|lcacylcoa|sphgn
LAC1_2	coa|lcacylcoa|pcer|psphings
LAG1_1	cera-D|coa|lcacylcoa|sphgn
LAG1_2	coa|lcacylcoa|pcer|psphings
LAT1	accoa|coa|dhlam|sacdhpoa
LCB1	3dsphgn|coa|dco2|h|pmtcoa|ser-L
LCB2	3dsphgn|coa|dco2|h|pmtcoa|ser-L
LCB3_1	h|h2o|pi|sph1p|sphgn
LCB3_2	h|h2o|pi|psph1p|psphings
LCB4_1	adp|atp|sph1p|sphgn
LCB4_2	adp|atp|psph1p|psphings
LCB5_1	adp|atp|sph1p|sphgn
LCB5_2	adp|atp|psph1p|psphings
LEU1_1	2ispma|3ispma
LEU1_2	2ippm|2ispma|h2o
LEU2	2ispma|4mop|dco2|nad+|nadh
LEU4	2ispma|3mob|accoa|coa|h|h2o
LPD1	dhlam|h|lpam|nad+|nadh
LPP1	dagpy_SC|h|h2o|phosda|pi
LRO1	coa|diglyrd|glycephocho|pc_SC
LSB6	adp|atp|pi4p|ptd1ino_SC
LSC1	adp|atp|coa|itaccoa|itacon|pi
LSC2	adp|atp|coa|pi|succ|succoa
LYP1	h|lys-L
LYS1	akg|h|h2o|lys-L|nad+|nadh|saccrp-L
LYS12	2oxoadp|dco2|hicit|nad+|nadh
LYS20_1	accoa|akg|coa|h|h2o|hoci
LYS20_2	accoa|akg|coa|h|h2o|hoci
LYS21	accoa|akg|coa|h|h2o|hoci
LYS2_1	L2aadp|L2aadp6sa|amp|atp|h|nadp+|nadph|ppi
LYS2_2	L2aadp|L2aadp6sa|amp|atp|h|nad+|nadh|ppi
LYS4	b124tc|h2o|hicit
LYS9	L2aadp6sa|glu-L|h|h2o|nadp+|nadph|saccrp-L
LongAcyl	c26coa|lcacylcoa
MAE1	dco2|mal-L|nadp+|nadph|pyr
MAL11	h|malt
MAL12	glc-D|h2o|malt
MAL31	h|mal-L
MAL32	glc-D|h2o|malt
MCT1	acphsr|coa|malACP|malcoa
MDH1	h|mal-L|nad+|nadh|oaa
MDH2	h|mal-L|nad+|nadh|oaa
MDH3	h|mal-L|nad+|nadh|oaa
MEP1	dnh3
MEP2	dnh3
MEP3	dnh3
MES1	amp|atp|h|met-L|mettrna|ppi|trnamet
MET1	ahcys|amet|scl|uppg3
MET10	dh2s|h|h2o|nadp+|nadph|so3
MET12	5mthf|h|mlthf|nadp+|nadph
MET13	5mthf|h|mlthf|nadp+|nadph
MET14	adp|aps|atp|paps
MET16	pap|paps|so3|thidisu|thidit
MET17_1	ac|achms|ch4s|h|met-L
MET17_2	ac|achms|dh2s|h|hcys-L
MET17_3	ac|achms|dh2s|h|hcys-L
MET2	accoa|achms|coa|hom-L
MET22	amp|h|h2o|pap|pi
MET3	aps|atp|h|ppi|so4
MET6	hcys-L|hpglu|met-L|mhpglu
MET7	adp|atp|glu-L|h|pi|thf|thfglu
MHT1	ahcys|amet|h|hcys-L|met-L
MIR1	h|pi
MIS1_1	methf|mlthf|nadp+|nadph
MIS1_2	10fthf|adp|atp|for|pi|thf
MIS1_3	10fthf|h|h2o|methf
MLS1	accoa|coa|glx|h|h2o|mal-L
MMP1	h|mmet
MPH2	h|malt
MPH3	h|malt
MSD1	amp|asp-L|asptrna|atp|h|ppi|trnaasp
MSE1	amp|atp|glu-L|glutrna|ppi
MSF1	amp|atp|h|phe-L|phetrna|ppi|trnaphe
MSK1	amp|atp|lys-L|lystrna(L)|ppi|trnalys
MSM1	amp|atp|h|met-L|mettrna|ppi|trnamet
MSR1	amp|arg-L|argtrna|atp|h|ppi|trnaarg
MSS4	adp|atp|pi4p|ptd145bp_SC
MST1	amp|atp|ppi|thr-L|thrtrna|trnathr
MSW1	amp|atp|ppi|trna|trp-L|trptrna
MSY1	amp|atp|h|ppi|trnatyr|tyr-L|tyrtrna
MTD1	methf|mlthf|nad+|nadh
MUP1	h|met-L
MUP3	h|met-L
MUQ1	cdpea|ctp|ethamp|ppi
MVD1	5dpmev|adp|atp|dco2|ipdp|pi
NAM2	amp|atp|h|leu-L|leutrna|ppi|trnaleu
NAT1	accoa|apep|coa|h|pepd
NAT2	accoa|apep|coa|h|pepd
NBIOMASS	13BDglcn|adp|ala-L|amp|arg-L|asn-L|asp-L|atp|biomass|cmp|cys-L|damp|dcmp|dgmp|dtmp|gln-L|glu-L|gly|glycogen|gmp|his-L|ile-L|leu-L|lipid|lys-L|mannan|met-L|phe-L|pi|pro-L|ser-L|so4|thr-L|tre|trp-L|tyr-L|ump|val-L
NCP1	ficytc|focytc|h|nadp+|nadph
NDH1	nad+|nadh|ubiqui|ubiqui9
NDH2	nad+|nadh|ubiqui|ubiqui9
NDI1	nad+|nadh|ubiqui|ubiqui9
NHA1	h|na
NIT2_1	dnh3|h2o|ind3acnl|indac
NIT2_2	ala-L|aprop|dnh3|h|h2o
NIT2_3	acybut|dnh3|glu-L|h|h2o
NLIPIDS	44mzym|aca|epist|ergst|ergstest_SC|ergtetrol|fecost|inmapdcer|inmappcer|lanost|lipid|pc_SC|pe_SC|ps_SC|ptd1ino_SC|triglyc_SC|zymst
NMT1	coa|glp|h|myricoa|tglp
NPT1_1	h|nac|nicrnt|ppi|prpp
NPT1_2	h|nac|nicrnt|ppi|prpp
NTE1	aca|glycephocho|pc_SC
NTH1	glc-D|h2o|tre
NTH2	glc-D|h2o|tre
OAC1	h|oaa
OAR1_1	3hc4acp|aceacp|h|nadp+|nadph
OAR1_2	3hc6acp|3oxhexacp|h|nadp+|nadph
OAR1_3	3hc8acp|3oxoctacp|h|nadp+|nadph
OAR1_4	3hc10acp|3oxdecacp|h|nadp+|nadph
OAR1_5	3hc12acp|3oxododacp|h|nadp+|nadph
OAR1_6	3hc14acp|3oxtetdeacp|h|nadp+|nadph
OAR1_7	3hc16acp|3oxphexacp|h|nadp+|nadph
OAR1_8	3hc18acp|3oxstacp|h|nadp+|nadph
ODC1	akg|oxag
ODC2	akg|oxag
OLE1_c14	h|h2o|myricoa|o2|tetdecoa
OLE1_c16	h|h2o|hedcoa|o2|pmtcoa
OLE1_c18	h|h2o|o2|octde9encoa|octdecancoa
OPI3_1	ahcys|amet|ptd2meeta_SC|ptdmeeta_SC
OPI3_2	ahcys|amet|h|pc_SC|ptd2meeta_SC
ORT1	h|orn
OSM1	fad|fadh2|fum|succ
PAD1	2nophe|3no4hyben|dco2|h
PAN5	2dhp|h|nadp+|nadph|pant-R
PCK1	adp|atp|dco2|h|oaa|pep
PCM1_1	acgam1p|acgam6p
PCM1_2	acgam1p|gam6p
PCT1	cdpchol|cholp|ctp|ppi
PDA1	dco2|h|lpam|pyr|sacdhpoa
PDC1	acald|dco2|h|pyr
PDC5	acald|dco2|h|pyr
PDC6	acald|dco2|h|pyr
PDE1	35camp|amp|h2o
PDE2_1	35camp|amp|h2o
PDE2_2	35cdamp|damp|h2o
PDE2_3	35cimp|h2o|imp
PDE2_4	35cgmp|gmp|h2o
PDE2_5	35ccmp|cmp|h2o
PDX3_1	dnh3|h2o|h2o2|o2|pyam5p|pydx5p
PDX3_2	h2o2|o2|pdx5p|pydx5p
PDX3_3	h2o2|o2|pydx|pydxn
PDX3_4	dnh3|h2o|h2o2|o2|pydam|pydx
PDX3_5	dnh3|h2o|h2o2|o2|pyam5p|pydx5p
PET9	adp|atp|h|pi
PFK1_1	adp|atp|f6p|fdp
PFK1_2	Dtagafurbp|adp|atp|tagadur6p-D
PFK1_3	adp|atp|s17bp|s7p
PFK2	adp|atp|f6p|fdp
PFK26	adp|atp|f26bp|f6p
PFK27	adp|atp|f26bp|f6p
PGI1_1	f6p|g6p
PGI1_2	g6p|g6p-B
PGI1_3	f6p|g6p-B
PGK1	13dpg|3pg|adp|atp|h
PGM1_1	r1p|r5p
PGM1_2	g1p|g6p
PGM2_1	r1p|r5p
PGM2_2	g1p|g6p
PGS1	cdpdag_SC|cmp|gly3p|pgp_SC
PHA2	dco2|h|h2o|phpyr|pphn
PHO11	fmn|h|h2o|pi|ribflv
PHO8	dhn3tp|dhnpt|h|h2o|pi
PHO84	h|pi
PHO90	h|pi
PHO91	h|pi
PIK1	adp|atp|pi4p|ptd1ino_SC
PIS1	cdpdag_SC|cmp|inost|ptd1ino_SC
PLB1	aca|glycephocho|lysphchol
PLB2	aca|glycephocho|lysphchol
PLB3	aca|glycephocho|lysphchol
PLC1	diglyrd|h2o|mi145p|ptd145bp_SC
PMA1	adp|atp|h|h2o|pi
PMA2	adp|atp|h|h2o|pi
PMI40	f6p|man6p
PMP1	adp|atp|h|h2o|pi
PMP2	adp|atp|h|h2o|pi
PMT1	dolmanp|dolp|h|mannan
PMT2	dolmanp|dolp|h|mannan
PMT3	dolmanp|dolp|h|mannan
PMT4	dolmanp|dolp|h|mannan
PMT5	dolmanp|dolp|h|mannan
PMT6	dolmanp|dolp|h|mannan
PNC1_1	dnh3|h2o|nac|ncam
PNC1_2	dnh3|h2o|nac|ncam
PNP1_1	2dr1p|duri|h|pi|ura
PNP1_10	ade|adn|h|pi|r1p
PNP1_11	gsn|gua|h|pi|r1p
PNP1_2	2dr1p|h|pi|thym|thymd
PNP1_3	2dr1p|din|h|hxan|pi
PNP1_4	2dr1p|ade|dad-2|h|pi
PNP1_5	2dr1p|dgsn|gua|h|pi
PNP1_6	h|hxan|ins|pi|r1p
PNP1_7	ade|adn|h|pi|r1p
PNP1_8	gsn|gua|h|pi|r1p
PNP1_9	h|pi|r1p|xan|xtsn
POS5_1	adp|atp|nad+|nadp+
POS5_2	adp|atp|nad+|nadp+
POT1_1	3kc18coa|accoa|coa|pmtcoa
POT1_2	3kc16coa|accoa|coa|myricoa
POT1_3	3kc14coa|accoa|coa|h2o|lauocoa|o2
POT1_4	3kc12coa|accoa|coa|dcacoa
POT1_5	3kc10coa|accoa|coa|occoa
POT1_6	3kc8coa|accoa|coa|hexcoa
POT1_7	3oxhexcoa|accoa|butlcoa|coa
POT1_8	3kc4coa|accoa|coa
POX1_1	h2o2|o2|octdecancoa|tc18coa
POX1_10	h2o2|o2|octde9encoa|tc181coa
POX1_11	h2o2|o2|tc141coa|tetdecoa
POX1_12	ffadecoa|h2o2|o2|t35c14coa
POX1_13	ffadecoa|h2o2|o2|t35c16coa
POX1_14	ffadecoa|h2o2|o2|t35c18coa
POX1_2	h2o2|o2|pmtcoa|tc16coa
POX1_3	h2o2|myricoa|o2|tc14coa
POX1_4	h|h2o2|lauocoa|o2|tddeacoa
POX1_5	dcacoa|h|h2o2|o2|tdeacoa
POX1_6	h|h2o2|o2|occoa|tocacoa
POX1_7	h|h2o2|hexcoa|o2|theacoa
POX1_8	butlcoa|h|h2o2|o2|tbuecoa
POX1_9	h2o2|hedcoa|o2|tc161coa
PPA2	pi|ppi
PRO1	adp|atp|glu-L|gluph-D|h
PRO2_1	glu5sa|gluph-D|nad+|nadh|pi
PRO2_2	glu5sa|gluph-D|nadp+|nadph|pi
PRO3_1	1pyr5c|h|nadp+|nadph|pro-L
PRO3_2	1p3h5c|4hpro-LT|h|nadp+|nadph
PRO3_3	1p3h5c|4hpro-LT|h|nad+|nadh
PRS1	amp|atp|prpp|r5p
PRS2	amp|atp|prpp|r5p
PRS3	amp|atp|prpp|r5p
PRS4	amp|atp|prpp|r5p
PRS5	amp|atp|prpp|r5p
PSA1	gdpmann|gtp|man1p|ppi
PSD1	dco2|h|pe_SC|ps_SC
PSD2	dco2|h|pe_SC|ps_SC
PTR2_1	dpep|h
PTR2_2	h|olipep
PTR2_3	h|pepd
PUR5	h|h2o|imp|nad+|nadh|xmp
PUS1	h2o|psd5p|r5p|ura
PUS2	h2o|psd5p|r5p|ura
PUS4	h2o|psd5p|r5p|ura
PUT1	1pyr5c|h|nad+|nadh|pro-L
PUT2	glu-L|glu5sa|h|h2o|nadp+|nadph
PUT4_1	ala-L|h
PUT4_2	gly|h
PUT4_3	h|pro-L
PUT4_4	amibut|h
PYC1	adp|atp|h|hco3|oaa|pi|pyr
PYC2	adp|atp|h|hco3|oaa|pi|pyr
PYK2	adp|atp|pep|pyr
PYRD	dhor-S|orot|ubiqui|ubiqui9
Pool_Acyl1	aca|coa|dcacoa|hedcoa|lauocoa|myricoa|octde9encoa|octdecancoa|pmtcoa|tetdecoa
Pool_Acyl2	acoa|dcacoa|hedcoa|lauocoa|myricoa|octde9encoa|octdecancoa|pmtcoa|tetdecoa
QNS1_1	amp|atp|dnad|dnh3|nad+|ppi
QNS1_2	amp|atp|dnad|dnh3|nad+|ppi
QPT1_1	dco2|h|nicrnt|ppi|prpp|quln
QPT1_2	dco2|h|nicrnt|ppi|prpp|quln
QRI1	acgam1p|ppi|udpacgal|utp
RAM1	3no4hyben|4hbz|atnodp|ppi
RBK1_1	adp|atp|r5p|rib-D
RBK1_2	2dr5p|adp|atp|drib
RER2	3no4hyben|4hbz|atnodp|ppi
RHR2	gly3p|glyc|h|h2o|pi
RIB1	25dhpp|for|gtp|h|h2o|ppi
RIB5	4riadhp|db4p|dmlz|h|h2o|pi
RIB7_1	25dhpp|5am5pramur|dnh3|h|h2o
RIB7_2	5am5pramur|5aprbu|h|nadp+|nadph
RIP1	ficytc|focytc|h|ubiqui|ubiqui9
RKI1	r5p|ru5p-D
RMA1	adp|atp|glu-L|h|pi|thf|thfglu
RNR1_1	adp|dadp|thidisu|thidit
RNR1_2	dgdp|gdp|h2o|thidisu|thidit
RNR1_3	cdp|dcdp|h2o|thidisu|thidit
RNR1_4	dudp|h2o|thidisu|thidit|udp
RNR3	adp|dadp|thidisu|thidit
RPE1	ru5p-D|xu5p-D
SAC1_1	pi|pi3p|ptd1ino_SC
SAC1_2	pi|pi4p|ptd1ino_SC
SAC1_3	h|h2o|pi|pi3p|ptd135bp_SC
SAH1	adn|ahcys|h2o|hcys-L
SAM1	amet|atp|h2o|met-L|pi|ppi
SAM2	amet|atp|h2o|met-L|pi|ppi
SAM3	amet|h
SAM4	ahcys|amet|h|hcys-L|met-L
SCS7	h|h2o|nadp+|nadph|o2|pcer
SCT1_1	1ag3p_SC|acoa|coa|gly3p
SCT1_2	acoa|acpho|coa|glyonep
SDH3_1	fad|fadh2|fum|succ
SDH3_2	fad|fadh2|ubiqui|ubiqui9
SEC53	man1p|man6p
SEC59	cdp|ctp|dolichol|dolp
SER1_1	3phnopyr|akg|glu-L|ophse
SER1_2	akg|glu-L|ohpb|phthr
SER2	h|h2o|ophse|pi|ser-L
SER3	3pg|3phnopyr|h|nad+|nadh
SER33	3pg|3phnopyr|h|nad+|nadh
SES1	amp|atp|ppi|ser-L|sertrna|trnaser
SFA1_1	Sfglutth|fald|gthrd|h|nad+|nadh
SFA1_2	acald|etoh|h|nad+|nadh
SFC1	fum|succ
SHM1	gly|h2o|mlthf|ser-L|thf
SHM2	gly|h2o|mlthf|ser-L|thf
SLC1	1ag3p_SC|acoa|coa|phosda
SOL1	6pgc|6pgl|h|h2o
SOL2	6pgc|6pgl|h|h2o
SOL3	6pgc|6pgl|h|h2o
SOL4	6pgc|6pgl|h|h2o
SOR1	fru|h|nad+|nadh|sbt-D
SPE1	dco2|h|orn|ptrc
SPE2	amet|ametam|dco2|h
SPE3	5mta|amet|dco2|ptrc|spmd
SPE4	5mta|ametam|h|spmd|sprm
SPO14	chol|h2o|pc_SC|phosda
SPO22	aca|glycephocho|lysphchol|pc_SC
SPR1	13BDglcn|13BDglcnb|glc-D
SPS19_1	h|nadp+|nadph|t3c16coa|tc161coa
SPS19_2	h|nadp+|nadph|t3c18coa|tc181coa
SPS19_3	h|nadp+|nadph|t3c14coa|tc141coa
SPS19_4	h|nadp+|nadph|t24c16coa|tc16coa
SPS19_5	h|nadp+|nadph|t24c18coa|tc18coa
SPS19_6	h|nadp+|nadph|t24c14coa|tc14coa
SRT1	3no4hyben|4hbz|atnodp|ppi
STL1_1	glc-D
STL1_2	gal
STL1_3	glu-L
STL1_4	glu-L
STT4	adp|atp|pi4p|ptd1ino_SC
SUC2	fru|glc-D|h2o|sucr
SUL1	so4
SUL2	so4
SUR1_1	gdp|gdpmann|inphdcer|mainpdcer
SUR1_2	gdp|gdpmann|inphpcer|mainppcer
SUR2	h|h2o|nadp+|nadph|o2|psphings|sphgn
TAL1	e4p|f6p|g3pi|s7p
TAT1_1	h|ile-L
TAT1_2	h|leu-L
TAT1_3	h|trp-L
TAT1_4	h|tyr-L
TAT1_5	h|thr-L
TAT2_1	ala-L|h
TAT2_2	cys-L|h
TAT2_3	gly|h
TAT2_4	h|phe-L
TAT2_5	h|trp-L
TAT2_6	h|tyr-L
TDH1	13dpg|g3pi|nad+|nadh|pi
TDH2	13dpg|g3pi|nad+|nadh|pi
TDH3	13dpg|g3pi|nad+|nadh|pi
TES1	aca|acoa|coa
TGL1	aca|ergst|ergstest_SC|h|h2o
TGL2	aca|diglyrd|h|h2o|triglyc_SC
TGL3	aca|diglyrd|h|h2o|triglyc_SC
TGL4	aca|diglyrd|h|h2o|triglyc_SC
TGL5	aca|diglyrd|h|h2o|triglyc_SC
THI20_1	4ahmmp|4ampm|adp|atp
THI20_2	2mahmp|4ampm|adp|atp
THI21	4ahmmp|4ampm|adp|atp
THI22	4ahmmp|4ampm|adp|atp
THI6_1	4mpetz|adp|atp|hyemeth
THI6_2	2mahmp|4mpetz|h|ppi|thmmp
THI7	h|thm
THI80_1	amp|atp|thm|thmpp
THI80_2	adp|atp|thmpp|thmtp
THR1	adp|atp|hom-L|phom
THR4_1	h|h2o|phom|pi|thr-L
THR4_2	4hthr|h|h2o|phthr|pi
THS1	amp|atp|ppi|thr-L|thrtrna|trnathr
TKL1_1	g3pi|r5p|s7p|xu5p-D
TKL1_2	chol|gly3p|h2o
TKL2_1	g3pi|r5p|s7p|xu5p-D
TKL2_2	chol|gly3p|h2o
TOR1	adp|atp|pi3p|ptd1ino_SC
TOR2	adp|atp|pi3p|ptd1ino_SC
TPC1	thmpp
TPI1	g3pi|glyonep
TPN1	pydxn
TPS1	g6p|tre6p|udp|udpg
TPS2	h|h2o|pi|tre|tre6p
TPS3	g6p|tre6p|udp|udpg
TRK1	h|k
TRP1	2cpr5p|pran
TRP2_1	anth|chor|gln-L|glu-L|h|pyr
TRP2_2	4hbz|chor|pyr
TRP3_1	anth|chor|gln-L|glu-L|h|pyr
TRP3_2	2cpr5p|3ig3p|dco2|h|h2o
TRP3_3	4hbz|chor|pyr
TRP4	anth|ppi|pran|prpp
TRP5	3ig3p|g3pi|h2o|ser-L|trp-L
TRR1	nadp+|nadph|thidisu|thidit
TRR2	nadp+|nadph|thidisu|thidit
TSC10	3dsphgn|h|nadp+|nadph|sphgn
TSC13_1	h|myricoa|nadp+|nadph|tc14coa
TSC13_2	h|nadp+|nadph|pmtcoa|tc16coa
TSC13_3	h|nadp+|nadph|octdecancoa|tc18coa
TSC13_4	c20coa|h|nadp+|nadph|tc20coa
TSC13_5	c22coa|h|nadp+|nadph|tc22coa
TSC13_6	c24coa|h|nadp+|nadph|tc24coa
TSC13_7	c26coa|h|nadp+|nadph|tc26coa
TSL1	g6p|tre6p|udp|udpg
TYR1	34hpp|dco2|nadp+|nadph|pphn
TYS1	amp|atp|h|ppi|trnatyr|tyr-L|tyrtrna
U1	adp|atp|f1p|fdp
U100	glyonep|h|h2o|iasp|pi|quln
U101	h|h2o|nad+|nadp+|pi
U102	adprib|h|h2o|nad+|ncam
U103	ade|adn|h|pi|r1p
U104	gsn|gua|h|pi|r1p
U105	h|h2o|nad+|nadp+|pi
U106	adprib|h|h2o|nad+|ncam
U107	2no6oph|2nophe|h|h2o|o2
U108	2no6moph|2no6obe|o2
U109	o2
U110	dco2
U111	etoh
U112	dnh3
U113	metha
U114	thf
U115	mlthf
U116	ser-L
U117	gly
U118	3ispma
U119	4mop
U120	pro-L
U121	cmp
U122	ac
U123	acrn
U124	crn
U125	alac-
U126	acac
U127	h|so4
U128	thr-L
U129	2oxoadp
U130	mlne|pi
U131	2ispma
U132	h|lac-R
U133	h|pyr
U135	glu-L|h2o
U136	3mob
U137	3mob
U137b	3mop
U138	ribflv
U139	dtbt
U140	hmgcoa
U141	mev-R
U142	phosda
U143	pan4p
U144	ade
U145	prpp
U146	dhf
U147	quln
U149	amet
U15	adp|atp|dump|duri
U150	ahcys
U151	glyonep
U152	gly3p
U154	h|sucr
U155	akg|mal-L
U156	meglu
U157	srb-L
U158	arab-D
U159	bfru-D|h
U16	adp|atp|dtmp|thymd
U161	gluci(L)|h
U162	gluam|h
U163	h|manni-D
U164	h|melib
U165	acegluam-D|h
U166	h|rham-D
U167	h|rib-D
U168	h|tre
U17	adp|atp|dcdp|dcmp
U170	xyl-D
U171	h|ptrc
U172	h|spmd
U173	h|nmn
U174	adn|h
U175	gsn|h
U176	cytd|h
U177	h|ins
U178	h|xtsn
U179	h|thymd
U18	adp|atp|cdp|cmp
U180	din|h
U181	dgsn|h
U182	dad-2|h
U183	dcyt|h
U184	duri|h
U185	adn|h
U186	cytd|h
U187	h|thymd
U188	dad-2|h
U189	dcyt|h
U19	adp|atp|dadp|damp
U190	duri|h
U191	adn|h
U192	gsn|h
U193	cytd|h
U194	h|ins
U195	h|thymd
U196	din|h
U197	dgsn|h
U198	dad-2|h
U199	dcyt|h
U2	dco2|for|h|ubiqui|ubiqui9
U20	adp|atp|imp|ins
U200	duri|h
U201	h|hxan
U202	xan
U203	for
U204	etoh
U205	h|succ
U206	cit|h
U207	fum|h
U208	myrac
U2081	tedeac
U209	palac
U21	adp|atp|gmp|gsn
U210	hexeac
U211	steac
U212	octeac|oleac
U213	akg|h
U214	adp|atp|pi
U215	gcald
U216	acald
U217	metha
U218	pap
U219	dttp
U22	h|pi|r1p|ura|uri
U220	h|thym
U221	gam6p
U222	8aonn|h
U223	dann|h
U224	gthox
U225	sprm
U226	pimelicac
U227	o2
U228	dco2
U229	h|ribflv
U23	cmp|cytd|h2o|r5p
U24	dump|duri|h|h2o|pi
U25	dtmp|h|h2o|pi|thymd
U26	dad-2|damp|pi
U27	dgmp|dgsn|h|h2o|pi
U28	dcmp|dcyt|h|h2o|pi
U29	cmp|cytd|h|h2o|pi
U30	adn|amp|h|h2o|pi
U31	gmp|gsn|h|h2o|pi
U32	h|h2o|imp|ins|pi
U33	h|h2o|pi|xmp|xtsn
U34	h|h2o|pi|ump|uri
U35	atp|datp|h2o|thidisu|thidit
U36	dgtp|gtp|h2o|thidisu|thidit
U37	ctp|dctp|h2o|thidisu|thidit
U38	dutp|h2o|thidisu|thidit|utp
U39	gsn|gtp|h|h2o|pi
U40	dgsn|dgtp|h|h2o|pi
U41	1pyr5c|glu-L|h|h2o|nad+|nadh
U42	dnh3|gln-L|glu-L|h2o
U43	dnh3|gln-L|glu-L|h2o
U44	acgam1p|dnh3|f6p|h2o
U45	f6p|h2o|mannip-D|nad+|nadh
U46	ac|gly|h|h2o|nad+|nadh|thr-L
U47	5mthf|hcys-L|met-L|thf
U48	accoa|acser|coa|ser-L
U49	b124tc|h2o|hoci
U50	2oxoadp|dco2|h|oxag
U51	2oxoadp|L2aadp|akg|glu-L
U52	34hpp|dco2|nad+|nadh|pphn
U53	Lfmkynr|Lkynr|for|h|h2o
U54	am6sa|cmusa|dco2|h
U55	2amuc|am6sa|h|h2o|nad+|nadh
U56	2amuc|2oxoadp|dnh3|h|h2o|nadp+|nadph
U57	34hpp|dco2|hgentis|o2
U58	4mlacac|h|hgentis|o2
U59	4fumacac|4mlacac
U60	4fumacac|acac|fum|h|h2o
U61	N1aspmd|accoa|coa|h|spmd
U62	N1aspmd|aproa|aprut|h2o|h2o2|o2
U63	4abutn|aproa|aprut|h2o|h2o2|o2
U64	N1sprm|accoa|coa|h|sprm
U65	N1aspmd|N1sprm|aproa|h2o|h2o2|o2
U66	1pyr5c|glu5sa
U67	1pyr5c|glu5sa
U68	4abutn|amibut|h|h2o|nad+|nadh
U70	4ahmmp|air|gcald|pi
U71	dco2|dxy-D|g3pi|h2o|pi|pyr
U72	cys-L|dco2|dxy-D|hyemeth|metophe|tyr-L
U73	cys-L|dco2|dxy-D|hyemeth|metophe|tyr-L
U74	cys-L|dco2|dxy-D|hyemeth|metophe|tyr-L
U75	cys-L|dco2|dxy-D|hyemeth|metophe|tyr-L
U76	adp|atp|thmmp|thmpp
U77	h|h2o|pi|thm|thmmp
U78	4riadhp|5aprbu|h|h2o|pi
U79	db4p|for|h|ru5p-D
U80	atp|fad|fmn|ppi
U81	adp|atp|pdx5p|pydxn
U82	adp|atp|pyam5p|pydam
U83	adp|atp|pydx|pydx5p
U84	h|h2o|pi|pyam5p|pydam
U85	coa|dco2|h|h2o|malcoa|o2|picoa
U86	8aonn|ala-L|coa|dco2|h|picoa
U87	dhn3tp|dhpmp|h2o|ppi
U88	4abz|4adcho|h|pyr
U89	adp|atp|dhf|dhpt|glu-L|h|pi
U9	h|h2o|pg_SC|pgp_SC|pi
U90	10fthf|5mthf|adp|atp|h|h2o|o2|pi
U91	10fthf|5mthf|adp|atp|h|h2o|o2|pi
U92	4ppan|4ppcys|cmp|ctp|cys-L|ppi
U93	4ppcys|dco2|h|pan4p
U94	atp|dpcoa|pan4p|ppi
U95	atp|dpcoa|pan4p|ppi
U96	adp|atp|coa|dpcoa
U97	adp|atp|coa|dpcoa
U98	ala-B|asp-L|dco2|h
U99	asp-L|fad|fadh2|h|iasp
UAcyl_1_1	acACP
UAcyl_2_1	butlacp
UAcyl_3_1	hexacp
UAcyl_4_1	ocACP
UAcyl_5_1	dcaACP
UAcyl_6_1	ddcaACP
UAcyl_7_1	tetdeacp
UAcyl_8_1	hedacp
UAcyl_8_2	stearacp
UGA1	akg|amibut|glu-L|succsa
UGA4_1	amibut|h
UGA4_2	5amev|h
UGP1	g1p|ppi|udpg|utp
URA1	dhor-S|h2o2|o2|orot
URA10	orot|orot5p|ppi|prpp
URA2_1	asp-L|cbasp|cbp|h|pi
URA2_2	adp|atp|cbp|dco2|gln-L|glu-L|h|h2o|pi
URA3	dco2|h|orot5p|ump
URA4	cbasp|dhor-S|h|h2o
URA5	orot|orot5p|ppi|prpp
URA6_1	adp|atp|udp|ump
URA6_2	adp|atp|udp|ump
URA6_3	adp|atp|dudp|dump
URA7_1	adp|atp|ctp|gln-L|glu-L|h|h2o|pi|utp
URA7_2	adp|atp|ctp|dnh3|h|pi|utp
URA8_1	adp|atp|ctp|gln-L|glu-L|h|h2o|pi|utp
URA8_2	adp|atp|ctp|dnh3|h|pi|utp
URH1_1	gsn|gua|h2o|rib-D
URH1_2	ade|adn|h2o|rib-D
URK1_1	gdp|gtp|ump|uri
URK1_2	cmp|cytd|gdp|gtp
URK1_3	adp|atp|ump|uri
UTR1_1	adp|atp|nad+|nadp+
UTR1_2	adp|atp|nad+|nadp+
Uc10	decac
Uc12	lauac
Uc24	c24ac|c24coa
Uc26	c26ac
Uelo_1	3hc14coa|tc14coa
Uelo_2	3hc16coa|tc16coa
Uelo_3	3hc18coa|tc18coa
Uelo_4	3hc20coa|tc20coa
Uelo_5	3hc22coa|h2o|tc22coa
Uelo_6	3hc24coa|h2o|tc24coa
Uelo_7	3hc26coa|h2o|tc26coa
VAP1_1	cys-L|h
VAP1_2	h|his-L
VAP1_3	h|ile-L
VAP1_4	h|leu-L
VAP1_5	h|trp-L
VAP1_6	h|tyr-L
VAP1_7	h|val-L
VAS1	amp|atp|h|ppi|trnaval|val-L|valtrna
VHT1	btn|h
VPS34	adp|atp|pi3p|ptd1ino_SC
WRS1	amp|atp|h|ppi|trnatrp|trp-L|trptrna
XKS1	adp|atp|xu5p-D|xylu-D
XPT1	ppi|prpp|xan|xmp
YAR075W	h|h2o|imp|nad+|nadh|xmp
YAT1	accoa|acrn|coa|crn
YAT2	accoa|acrn|coa|crn
YBL098W	3hykyn|Lkynr|h|h2o|nadp+|nadph|o2
YBR006W	h|h2o|nadp+|nadph|succ|succsa
YBR184W_1	gal|glc-D|h2o|melib
YBR184W_2	gal|glc-D|h2o|melib
YBR184W_3	gal|h2o|raffin|sucr
YBR184W_4	1Dgali|gal|h2o|inost
YBR184W_5	epm|gal|h2o|man
YBR184W_6	gal|ggl|glyc|h2o
YBR184W_7	gal|h2o|melt|sbt-D
YBR284W	ade|amp|h2o|r5p
YCR024C	amp|asn-L|asntrna|atp|ppi|trna
YDC1_1	cera-D|h2o|sphgn
YDC1_2	h2o|pcer|psphings
YDL100C	dhnpt|dhpmp|h|h2o|pi
YDR111C	akg|ala-L|glu-L|pyr
YDR287W	1in3p|h|h2o|inost|pi
YDR341C	amp|arg-L|argtrna|atp|h|ppi|trnaarg
YDR531W	4ppan|adp|atp|pnto-R
YEA6	nad+
YEH1	aca|ergst|ergstest_SC|h|h2o
YEH2	aca|ergst|ergstest_SC|h|h2o
YEL041W_1	adp|atp|nad+|nadp+
YEL041W_2	adp|atp|nad+|nadp+
YEL047C	fad|fadh2|fum|succ
YER053C	pi
YER087W	amp|atp|h|ppi|pro-L|protrna|trnapro
YFL030W	ala-L|glx|gly|pyr
YFR055W	cysta-L|dnh3|h2o|hcys-L|pyr
YGL186C_1	csn|h
YGL186C_2	ade|h
YGL186C_3	gua|h
YGL245W	amp|atp|glu-L|glutrna|ppi
YGR012W	ac|acser|cys-L|dh2s|h
YGR012W_1	amp|atp|cys-L|cystrna|h|ppi|trnacys
YGR043C	e4p|f6p|g3pi|s7p
YGR125W	so4
YGR287C	glc-D|h2o|malt
YHL012W	g1p|ppi|udpg|utp
YHR020W	amp|atp|h|ppi|pro-L|protrna|trnapro
YIA6	nad+
YIL145C	ala-B|amp|atp|pant-R|pnto-R|ppi
YIL167W	dnh3|pyr|ser-L
YIL172C	glc-D|h2o|malt
YJL068C	Sfglutth|for|gthrd|h|h2o
YJL070C	ade|amp|h2o|r5p
YJL200C	cit|icit
YJL216C	glc-D|h2o|malt
YJR078W	Lfmkynr|o2|trp-L
YJR105W	adn|adp|amp|atp
YLR089C	akg|ala-L|glu-L|pyr
YLR231C_1	Lkynr|ala-L|anth|h|h2o
YLR231C_2	3hanthrn|3hykyn|ala-L|h|h2o
YLR328W_1	atp|dnad|nicrnt|ppi
YLR328W_2	atp|dnad|nicrnt|ppi
YLR328W_3	atp|nad+|nmn|ppi
YML082W	2obut|dnh3|h|h2o|succ|suchms
YMR1	pi|pi3p|ptd1ino_SC
YMR293C	4gudbd|4gudbutn|dnh3|h2o
YNK1_1	adp|atp|udp|utp
YNK1_2	adp|atp|cdp|ctp
YNK1_3	adp|atp|dgdp|dgtp
YNK1_4	adp|atp|dudp|dutp
YNK1_5	adp|atp|dcdp|dctp
YNK1_6	adp|atp|dtdp|dttp
YNK1_7	adp|atp|dadp|datp
YNK1_8	adp|atp|gdp|gtp
YNK1_9	adp|atp|idp|itp
YNL247W	amp|atp|cys-L|cystrna|h|ppi|trnacys
YOR071C	h|thm
YOR192C	h|thm
YPC1_1	cera-D|h2o|sphgn
YPC1_2	h2o|pcer|psphings
YPL275W	dco2|for|nad+|nadh
YPL276W	dco2|for|nad+|nadh
YSR3_1	h|h2o|pi|sph1p|sphgn
YSR3_2	h|h2o|pi|psph1p|psphings
YUR1	gdp|gdpmann|m1macchitppdol|m2macchitppdol
ZWF1	6pgl|g6p|h|nadp+|nadph
