12DGR120tipp	12dgr120
12DGR140tipp	12dgr140
12DGR141tipp	12dgr141
12DGR160tipp	12dgr160
12DGR161tipp	12dgr161
12DGR180tipp	12dgr180
12DGR181tipp	12dgr181
12PPDRtex	12ppd-R
12PPDRtpp	12ppd-R
12PPDStex	12ppd-S
12PPDStpp	12ppd-S
14GLUCANabcpp	14glucan|adp|atp|h|h2o|pi
14GLUCANtexi	14glucan
23CAMPtex	23camp
23CCMPtex	23ccmp
23CGMPtex	23cgmp
23CUMPtex	23cump
23DAPPAt2pp	23dappa|h
23DAPPAtex	23dappa
23PDE2pp	23cump|3ump|h|h2o
23PDE4pp	23ccmp|3cmp|h|h2o
23PDE7pp	23camp|3amp|h|h2o
23PDE9pp	23cgmp|3gmp|h|h2o
26DAHtex	26dap-M
2AGPA120tipp	2ddecg3p
2AGPA140tipp	2tdecg3p
2AGPA141tipp	2tdec7eg3p
2AGPA160tipp	2hdecg3p
2AGPA161tipp	2hdec9eg3p
2AGPA180tipp	2odecg3p
2AGPA181tipp	2odec11eg3p
2AGPE120tipp	2agpe120
2AGPE140tipp	2agpe140
2AGPE141tipp	2agpe141
2AGPE160tipp	2agpe160
2AGPE161tipp	2agpe161
2AGPE180tipp	2agpe180
2AGPE181tipp	2agpe181
2AGPEAT120	2agpe120|amp|atp|ddca|pe120|ppi
2AGPEAT140	2agpe140|amp|atp|pe140|ppi|ttdca
2AGPEAT141	2agpe141|amp|atp|pe141|ppi|ttdcea
2AGPEAT160	2agpe160|amp|atp|hdca|pe160|ppi
2AGPEAT161	2agpe161|amp|atp|hdcea|pe161|ppi
2AGPEAT180	2agpe180|amp|atp|ocdca|pe180|ppi
2AGPEAT181	2agpe181|amp|atp|ocdcea|pe181|ppi
2AGPG120tipp	2agpg120
2AGPG140tipp	2agpg140
2AGPG141tipp	2agpg141
2AGPG160tipp	2agpg160
2AGPG161tipp	2agpg161
2AGPG180tipp	2agpg180
2AGPG181tipp	2agpg181
2AGPGAT120	2agpg120|amp|atp|ddca|pg120|ppi
2AGPGAT140	2agpg140|amp|atp|pg140|ppi|ttdca
2AGPGAT141	2agpg141|amp|atp|pg141|ppi|ttdcea
2AGPGAT160	2agpg160|amp|atp|hdca|pg160|ppi
2AGPGAT161	2agpg161|amp|atp|hdcea|pg161|ppi
2AGPGAT180	2agpg180|amp|atp|ocdca|pg180|ppi
2AGPGAT181	2agpg181|amp|atp|ocdcea|pg181|ppi
2DGLCNRx	2dhglcn|glcn|h|nad|nadh
2DGLCNRy	2dhglcn|glcn|h|nadp|nadph
2DGULRx	2dhguln|h|idon-L|nad|nadh
2DGULRy	2dhguln|h|idon-L|nadp|nadph
2MAHMP	2mahmp|4ampm|h|h2o|pi
2OBUTtex	2obut|h
2OBUTtpp	2obut|h
2PGLYCt6ex	2pglyc|h
2PGLYCt6pp	2pglyc|h
2PGt6ex	2pg|h
2PGt6pp	2pg|h
34dhpactex	34dhpac
3AMPtex	3amp
3CMPtex	3cmp
3GMPtex	3gmp
3HAD100	3hdecACP|h2o|tdec2eACP
3HAD120	3hddecACP|h2o|tddec2eACP
3HAD121	3hcddec5eACP|h2o|t3c5ddeceACP
3HAD140	3hmrsACP|h2o|tmrs2eACP
3HAD141	3hcmrs7eACP|h2o|t3c7mrseACP
3HAD160	3hpalmACP|h2o|tpalm2eACP
3HAD161	3hcpalm9eACP|h2o|t3c9palmeACP
3HAD180	3hoctaACP|h2o|toctd2eACP
3HAD181	3hcvac11eACP|h2o|t3c11vaceACP
3HAD40	3haACP|but2eACP|h2o
3HAD60	3hhexACP|h2o|thex2eACP
3HAD80	3hoctACP|h2o|toct2eACP
3NTD2pp	3ump|h2o|pi|uri
3NTD4pp	3cmp|cytd|h2o|pi
3NTD7pp	3amp|adn|h2o|pi
3NTD9pp	3gmp|gsn|h2o|pi
3OAR100	3hdecACP|3odecACP|h|nadp|nadph
3OAR120	3hddecACP|3oddecACP|h|nadp|nadph
3OAR121	3hcddec5eACP|3ocddec5eACP|h|nadp|nadph
3OAR140	3hmrsACP|3omrsACP|h|nadp|nadph
3OAR141	3hcmrs7eACP|3ocmrs7eACP|h|nadp|nadph
3OAR160	3hpalmACP|3opalmACP|h|nadp|nadph
3OAR161	3hcpalm9eACP|3ocpalm9eACP|h|nadp|nadph
3OAR180	3hoctaACP|3ooctdACP|h|nadp|nadph
3OAR181	3hcvac11eACP|3ocvac11eACP|h|nadp|nadph
3OAR40	3haACP|actACP|h|nadp|nadph
3OAR60	3hhexACP|3ohexACP|h|nadp|nadph
3OAR80	3hoctACP|3ooctACP|h|nadp|nadph
3OAS100	3odecACP|ACP|co2|h|malACP|ocACP
3OAS120	3oddecACP|ACP|co2|dcaACP|h|malACP
3OAS121	3ocddec5eACP|ACP|cdec3eACP|co2|h|malACP
3OAS140	3omrsACP|ACP|co2|ddcaACP|h|malACP
3OAS141	3ocmrs7eACP|ACP|cddec5eACP|co2|h|malACP
3OAS160	3opalmACP|ACP|co2|h|malACP|myrsACP
3OAS161	3ocpalm9eACP|ACP|co2|h|malACP|tdeACP
3OAS180	3ooctdACP|ACP|co2|h|malACP|palmACP
3OAS181	3ocvac11eACP|ACP|co2|h|hdeACP|malACP
3OAS60	3ohexACP|ACP|butACP|co2|h|malACP
3OAS80	3ooctACP|ACP|co2|h|hexACP|malACP
3PEPTabcpp	LalaDgluMdap|adp|atp|h|h2o|pi
3PEPTtex	LalaDgluMdap
3PGt6ex	3pg|h
3PGt6pp	3pg|h
3SALAtex	3sala|h
3SALAtpp	3sala|h
3UMPtex	3ump
4HOXPACDtex	4hoxpacd
4HOXPACDtpp	4hoxpacd
4HPHACtex	4hphac|h
4HPHACtpp	4hphac|h
4HTHRS	4hthr|h2o|phthr|pi
4PCPpp	LalaDgluMdap|LalaDgluMdapDala|ala-D|h2o
4PEPTabcpp	LalaDgluMdapDala|adp|atp|h|h2o|pi
4PEPTtex	LalaDgluMdapDala
5DGLCNR	5dglcn|glcn|h|nadp|nadph
5DGLCNt2rpp	5dglcn|h
5DGLCNtex	5dglcn
5DOAN	5drib|ade|dad-5|h2o
6PGCt6ex	6pgc|h
6PGCt6pp	6pgc|h
A5PISO	ara5p|ru5p-D
AACPS1	ACP|amp|atp|myrsACP|ppi|ttdca
AACPS2	ACP|amp|atp|ppi|tdeACP|ttdcea
AACPS3	ACP|amp|atp|hdca|palmACP|ppi
AACPS4	ACP|amp|atp|hdcea|hdeACP|ppi
AACPS5	ACP|amp|atp|ocdcea|octeACP|ppi
AACPS6	ACP|amp|atp|ocdca|ocdcaACP|ppi
AACPS7	ACP|amp|atp|ddca|ddcaACP|ppi
AACPS8	ACP|amp|atp|dca|dcaACP|ppi
AACPS9	ACP|amp|atp|ocACP|octa|ppi
AACTOOR	aact|h2o|h2o2|mthgxl|nh4|o2
AAMYL	14glucan|malthx
AAMYLpp	14glucan|malthx
AB6PGH	arbt6p|g6p|h2o|hqn
ABTA	4abut|akg|glu-L|sucsal
ABUTD	4abut|4abutn|h|h2o|nad|nadh
ABUTt2pp	4abut|h
ABUTtex	4abut
ACACCT	aacoa|ac|acac|accoa
ACACt2pp	acac|h
ACACtex	acac
ACALD	acald|accoa|coa|h|nad|nadh
ACALDtex	acald
ACALDtpp	acald
ACBIPGT	adocbip|agdpcbi|gtp|h|ppi
ACCOAC	accoa|adp|atp|h|hco3|malcoa|pi
ACCOAL	adp|atp|coa|pi|ppa|ppcoa
ACGAL1PPpp	acgal|acgal1p|h2o|pi
ACGAL1Ptex	acgal1p
ACGALtex	acgal
ACGAM1PPpp	acgam|acgam1p|h2o|pi
ACGAM1Ptex	acgam1p
ACGAMK	acgam|acgam6p|adp|atp|h
ACGAptspp	acgam|acgam6p|pep|pyr
ACGAtex	acgam
ACGK	acg5p|acglu|adp|atp
ACGS	accoa|acglu|coa|glu-L|h
ACHBS	2ahbut|2obut|co2|h|pyr
ACKr	ac|actp|adp|atp
ACLS	alac-S|co2|h|pyr
ACM6PH	acgam6p|acmum6p|h2o|lac-D
ACMAMUT	h|uacmamu|udp|unaga|unagamu
ACMANAptspp	acmana|acmanap|pep|pyr
ACMANAtex	acmana
ACMUMptspp	acmum|acmum6p|pep|pyr
ACMUMtex	acmum
ACNAMt2pp	acnam|h
ACNAMtex	acnam
ACNML	acmana|acnam|pyr
ACOATA	ACP|acACP|accoa|coa
ACODA	ac|acorn|h2o|orn
ACOLIPAtex	acolipa
ACONIs	acon-C|acon-T
ACONTa	acon-C|cit|h2o
ACONTb	acon-C|h2o|icit
ACOTA	acg5sa|acorn|akg|glu-L
ACPS1	ACP|apoACP|coa|h|pap
ACSERtex	acser
ACSERtpp	acser
ACt2rpp	ac|h
ACt4pp	ac|na1
ACtex	ac
ADA	adn|h|h2o|ins|nh4
ADCL	4abz|4adcho|h|pyr
ADCOBAPS	1ap2olp|adcobhex|adocbip|adp|atp|h|pi
ADCOBHEXS	adcobdam|adcobhex|adp|atp|gln-L|glu-L|h|h2o|pi
ADCS	4adcho|chor|gln-L|glu-L
ADEt2rpp	ade|h
ADEtex	ade
ADK1	adp|amp|atp
ADK3	adp|amp|gdp|gtp
ADK4	adp|amp|idp|itp
ADMDC	amet|ametam|co2|h
ADNCYC	atp|camp|ppi
ADNK1	adn|adp|amp|atp|h
ADNUC	ade|adn|h2o|rib-D
ADNt2pp	adn|h
ADNtex	adn
ADOCBIK	adocbi|adocbip|adp|atp|h
ADOCBLS	adocbl|agdpcbi|gmp|h|rdmbzi
ADOCBLabcpp	adocbl|adp|atp|h|h2o|pi
ADOCBLtonex	adocbl|h
ADPRDP	adprib|amp|h|h2o|r5p
ADPT	ade|amp|ppi|prpp
ADSK	adp|aps|atp|h|paps
ADSL1r	amp|dcamp|fum
ADSL2r	25aics|aicar|fum
ADSS	asp-L|dcamp|gdp|gtp|h|imp|pi
AGDC	ac|acgam6p|gam6p|h2o
AGM3PA	LalaDgluMdap|anhgm|anhgm3p|h2o
AGM3PApp	LalaDgluMdap|anhgm|anhgm3p|h2o
AGM3Pt2pp	anhgm3p|h
AGM4PA	LalaDgluMdapDala|anhgm|anhgm4p|h2o
AGM4PApp	LalaDgluMdapDala|anhgm|anhgm4p|h2o
AGM4PCPpp	ala-D|anhgm3p|anhgm4p|h2o
AGM4Pt2pp	anhgm4p|h
AGMHE	adphep-DD|adphep-LD
AGMT	agm|h2o|ptrc|urea
AGMt2pp	anhgm|h
AGMtex	agm
AGPAT120	1ddecg3p|ACP|ddcaACP|pa120
AGPAT140	1tdecg3p|ACP|myrsACP|pa140
AGPAT141	1tdec7eg3p|ACP|pa141|tdeACP
AGPAT160	1hdecg3p|ACP|pa160|palmACP
AGPAT161	1hdec9eg3p|ACP|hdeACP|pa161
AGPAT180	1odecg3p|ACP|ocdcaACP|pa180
AGPAT181	1odec11eg3p|ACP|octeACP|pa181
AGPR	acg5p|acg5sa|h|nadp|nadph|pi
AHCYSNS	ade|ahcys|h2o|rhcys
AICART	10fthf|aicar|fprica|thf
AIRC2	5caiz|adp|air|atp|h|hco3|pi
AIRC3	5aizc|5caiz
AKGDH	akg|co2|coa|nad|nadh|succoa
AKGt2rpp	akg|h
AKGtex	akg
ALAALAabcpp	adp|alaala|atp|h|h2o|pi
ALAALAr	adp|ala-D|alaala|atp|h|pi
ALAALAtex	alaala
ALAGLUE	LalaDglu|LalaLglu
ALAR	ala-D|ala-L
ALATA_D2	ala-D|pyam5p|pydx5p|pyr
ALATA_L	akg|ala-L|glu-L|pyr
ALATA_L2	ala-L|pyam5p|pydx5p|pyr
ALATRS	ala-L|alatrna|amp|atp|ppi|trnaala
ALAabcpp	adp|ala-L|atp|h|h2o|pi
ALAt2pp	ala-L|h
ALAt4pp	ala-L|na1
ALAtex	ala-L
ALCD2x	acald|etoh|h|nad|nadh
ALDD2y	ac|acald|h|h2o|nadp|nadph
ALDD3y	h|h2o|nadp|nadph|ppa|ppal
ALDD4	btal|but|h|h2o|nad|nadh
ALLTAMH	alltt|co2|h|h2o|nh4|urdglyc
ALLTN	alltn|alltt|h|h2o
ALLTNtex	alltn
ALLtex	all-D
ALPATE160pp	2agpe160|alpp|lpp|pe160
ALPATG160pp	2agpg160|alpp|lpp|pg160
ALR2	acetol|h|mthgxl|nadp|nadph
ALTRH	2ddglcn|altrn|h2o
AM3PA	LalaDgluMdap|anhm|anhm3p|h2o
AM4PA	LalaDgluMdapDala|anhm|anhm4p|h2o
AMALT1	glc-D|malt|malttr|maltttr
AMALT2	glc-D|malt|maltpt|maltttr
AMALT3	glc-D|malt|malthx|maltpt
AMALT4	glc-D|malt|malthp|malthx
AMANAPEr	acgam6p|acmanap
AMANK	acmana|acmanap|adp|atp|h
AMAOTr	8aonn|amet|amob|dann
AMMQLT8	2dmmql8|ahcys|amet|h|mql8
AMPEPAD	LalaLasp|ala-L|asp-L|h2o
AMPEPAE	LalaLglu|ala-L|glu-L|h2o
AMPEPAG	Lalagly|ala-L|gly|h2o
AMPEPAH	LalaLhis|ala-L|h2o|his-L
AMPEPAL	LalaLleu|ala-L|h2o|leu-L
AMPEPAQ	LalaLgln|ala-L|gln-L|h2o
AMPEPAT	LalaLthr|ala-L|h2o|thr-L
AMPEPGE	glu-L|gly|glyLglu|h2o
AMPEPGM	gly|glyLmet|h2o|met-L
AMPEPGN	asn-L|gly|glyLasn|h2o
AMPEPGQ	gln-L|gly|glyLgln|h2o
AMPEPMA	LmetLala|ala-L|h2o|met-L
AMPMS2	4ampm|air|for|h|h2o|nad|nadh
AMPN	ade|amp|h2o|r5p
AMPTASECG	cgly|cys-L|gly|h2o
AMPTASEPG	gly|h2o|pro-L|progly
AMPtex	amp
ANHGMtex	anhgm
ANHMK	acmum6p|adp|anhm|atp|h|h2o
ANPRT	anth|ppi|pran|prpp
ANS	anth|chor|gln-L|glu-L|h|pyr
AOBUTDs	2aobut|aact|co2|h
AOXSr	8aonn|ala-L|co2|coa|h|pmcoa
AP4AH	adp|ap4a|h|h2o
AP5AH	adp|ap5a|atp|h|h2o
APRAUR	5aprbu|5apru|h|nadp|nadph
ARAI	arab-L|rbl-L
ARBTNR1	arbtn|arbtn-fe3|fad|fadh2|fe2|h
ARBTNR2	arbtn|arbtn-fe3|fe2|fmn|fmnh2|h
ARBTNR3	arbtn|arbtn-fe3|fe2|h|rbflvrd|ribflv
ARBTNabcpp	adp|arbtn-fe3|atp|h|h2o|pi
ARBTNexs	arbtn|arbtn-fe3|fe3
ARBTNtex	arbtn|h
ARBTNtonex	arbtn-fe3|h
ARBTNtpp	arbtn|h
ARBTptspp	arbt|arbt6p|pep|pyr
ARBTtex	arbt
ARBt2rpp	arab-L|h
ARBt3ipp	arab-L|h
ARBtex	arab-L
ARGAGMt7pp	agm|arg-L
ARGDCpp	agm|arg-L|co2|h
ARGORNt7pp	arg-L|orn
ARGSL	arg-L|argsuc|fum
ARGSS	amp|argsuc|asp-L|atp|citr-L|h|ppi
ARGTRS	amp|arg-L|argtrna|atp|ppi|trnaarg
ARGabcpp	adp|arg-L|atp|h|h2o|pi
ARGt3pp	arg-L|h
ARGtex	arg-L
ASAD	4pasp|aspsa|h|nadp|nadph|pi
ASCBPL	3dhgulnp|ascb6p|h|h2o
ASCBptspp	ascb-L|ascb6p|pep|pyr
ASCBtex	ascb-L
ASNN	asn-L|asp-L|h2o|nh4
ASNS1	amp|asn-L|asp-L|atp|gln-L|glu-L|h|h2o|ppi
ASNS2	amp|asn-L|asp-L|atp|h|nh4|ppi
ASNabcpp	adp|asn-L|atp|h|h2o|pi
ASNt2rpp	asn-L|h
ASNtex	asn-L
ASO3tex	aso3
ASP1DC	ala-B|asp-L|co2|h
ASPCT	asp-L|cbasp|cbp|h|pi
ASPDt2pp	asp-D|h
ASPDtex	asp-D
ASPK	4pasp|adp|asp-L|atp
ASPO3	asp-L|h|iasp|q8|q8h2
ASPO4	asp-L|h|iasp|mql8|mqn8
ASPO5	asp-L|fum|h|iasp|succ
ASPO6	asp-L|h|h2o2|iasp|o2
ASPRM	asp-D|asp-L
ASPT	asp-L|fum|nh4
ASPTA	akg|asp-L|glu-L|oaa
ASPTRS	amp|asp-L|asptrna|atp|ppi|trnaasp
ASPabcpp	adp|asp-L|atp|h|h2o|pi
ASPt2_2pp	asp-L|h
ASPt2_3pp	asp-L|h
ASPt2pp	asp-L|h
ASPtex	asp-L
ASR	aso3|aso4|gthox|gthrd|h2o
ATHRDHr	2aobut|athr-L|h|nadp|nadph
ATPHs	atp|h|h2o|itp|nh4
ATPM	adp|atp|h|h2o|pi
ATPPRT	atp|ppi|prbatp|prpp
ATPS4rpp	adp|atp|h|h2o|pi
BALAt2pp	ala-B|h
BALAtex	ala-B
BG(CELLB)	cellb|glc-D|h2o
BPNT	amp|h2o|pap|pi
BSORx	btn|btnso|h|h2o|nad|nadh
BSORy	btn|btnso|h|h2o|nadp|nadph
BTS4	amet|btn|dad-5|dtbt|h|met-L|s
BUTSO3tex	butso3
BUTtex	but
CA2t3pp	ca2|h
CA2tex	ca2
CADVtpp	15dap|h|lys-L
CAT	h2o|h2o2|o2
CAt6pp	ca2|na1
CBIA	adp|atp|co2dam|cobrnt|gln-L|glu-L|h|h2o|pi
CBIAT	adocbi|atp|cbi|h|pppi
CBItonex	cbi|h
CBIuabcpp	adp|atp|cbi|h|h2o|pi
CBL1abcpp	adp|atp|cbl1|h|h2o|pi
CBL1tonex	cbl1|h
CBLAT	adocbl|atp|cbl1|h|pppi
CBPS	adp|atp|cbp|gln-L|glu-L|h|h2o|hco3|pi
CD2t3pp	cd2|h
CD2tex	cd2
CD2tpp	cd2
CDAPPA120	cdpdddecg|cmp|h|h2o|pa120
CDAPPA140	cdpdtdecg|cmp|h|h2o|pa140
CDAPPA141	cdpdtdec7eg|cmp|h|h2o|pa141
CDAPPA160	cdpdhdecg|cmp|h|h2o|pa160
CDAPPA161	cdpdhdec9eg|cmp|h|h2o|pa161
CDAPPA180	cdpdodecg|cmp|h|h2o|pa180
CDAPPA181	cdpdodec11eg|cmp|h|h2o|pa181
CDPMEK	2p4c2me|4c2me|adp|atp|h
CELBptspp	6pgg|cellb|pep|pyr
CELBtex	cellb
CFAS160E	ahcys|amet|cpe160|h|pe161
CFAS160G	ahcys|amet|cpg160|h|pg161
CFAS180E	ahcys|amet|cpe180|h|pe181
CFAS180G	ahcys|amet|cpg180|h|pg181
CGLYabcpp	adp|atp|cgly|h|h2o|pi
CGLYtex	cgly
CHLabcpp	adp|atp|chol|h|h2o|pi
CHLtex	chol
CHORM	chor|pphn
CHORS	3psme|chor|pi
CHRPL	4hbz|chor|pyr
CITL	ac|cit|oaa
CITR_Lt2ex	citr-L|h
CITR_Lt2pp	citr-L|h
CITt7pp	cit|succ
CITtex	cit
CLIPAtex	lipa_cold
CLPNH120pp	clpn120|h|h2o|pa120|pg120
CLPNH140pp	clpn140|h|h2o|pa140|pg140
CLPNH141pp	clpn141|h|h2o|pa141|pg141
CLPNH160pp	clpn160|h|h2o|pa160|pg160
CLPNH161pp	clpn161|h|h2o|pa161|pg161
CLPNH180pp	clpn180|h|h2o|pa180|pg180
CLPNH181pp	clpn181|h|h2o|pa181|pg181
CLPNS120pp	clpn120|glyc|pg120
CLPNS140pp	clpn140|glyc|pg140
CLPNS141pp	clpn141|glyc|pg141
CLPNS160pp	clpn160|glyc|pg160
CLPNS161pp	clpn161|glyc|pg161
CLPNS180pp	clpn180|glyc|pg180
CLPNS181pp	clpn181|glyc|pg181
CLt3_2pp	cl|h
CLtex	cl
CMPN	cmp|csn|h2o|r5p
CMPtex	cmp
CO2DAMR	co1dam|co2dam|h|nad|nadh
CO2tex	co2
CO2tpp	co2
COBALT2t3pp	cobalt2|h
COBALT2tex	cobalt2
COBALT2tpp	cobalt2
COLIPAabcpp	adp|atp|colipa|h|h2o|pi
COLIPAtex	colipa
COPREC2MT	ahcys|amet|copre2|copre3|h
COPREC3MT	ahcys|amet|copre3|copre4|h
COPREC4MT	ahcys|amet|copre4|copre5|h
COPREC5AHy	acald|copre5|copre5b|h|h2o
COPREC6MT	ahcys|amet|codhpre6|copre7|h
COPREC6R	codhpre6|copre6|h|nadp|nadph
COPREC7MT	ahcys|amet|co2|copre7|copre8
COPRECI	cobrnt|copre8
COPRECT	ahcys|amet|copre5b|copre6
CPGNR1	cpgn|cpgn-un|fad|fadh2|fe2|h
CPGNR2	cpgn|cpgn-un|fe2|fmn|fmnh2|h
CPGNR3	cpgn|cpgn-un|fe2|h|rbflvrd|ribflv
CPGNUtex	cpgn-un|h
CPGNUtpp	cpgn-un|h
CPGNabcpp	adp|atp|cpgn|h|h2o|pi
CPGNexs	cpgn|cpgn-un|fe3
CPGNtonex	cpgn|h
CPPPGO	co2|cpppg3|h|h2o|o2|pppg9
CPPPGO2	amet|co2|cpppg3|dad-5|met-L|pppg9
CRNBTCT	bbtcoa|crn|crncoa|gbbtn
CRNCAL2	adp|atp|coa|crn|crncoa|pi
CRNCAR	crnDcoa|crncoa
CRNCBCT	crn|crncoa|ctbt|ctbtcoa
CRNCDH	crncoa|ctbtcoa|h2o
CRNDCAL2	adp|atp|coa|crn-D|crnDcoa|pi
CRNDabcpp	adp|atp|crn-D|h|h2o|pi
CRNabcpp	adp|atp|crn|h|h2o|pi
CRNt7pp	crn|gbbtn
CRNt8pp	crn|crn-D
CRNtex	crn
CS	accoa|cit|coa|h|h2o|oaa
CSNt2pp	csn|h
CSNtex	csn
CTBTCAL2	adp|atp|coa|ctbt|ctbtcoa|pi
CTBTabcpp	adp|atp|ctbt|h|h2o|pi
CTPS2	adp|atp|ctp|gln-L|glu-L|h|h2o|pi|utp
CU1Opp	cu|cu2|h|h2o|o2
CU2tex	cu2
CU2tpp	cu2
CUtex	cu
CYANST	cyan|h|so3|tcynt|tsul
CYANtex	cyan
CYNTtex	cynt
CYSDDS	cys-D|h2o|h2s|nh4|pyr
CYSDS	cys-L|h2o|h2s|nh4|pyr
CYSDabcpp	adp|atp|cys-D|h|h2o|pi
CYSDtex	cys-D
CYSS	ac|acser|cys-L|h|h2s
CYSSADS	3sala|ala-L|h|so2
CYSTL	cyst-L|h2o|hcys-L|nh4|pyr
CYSTRS	amp|atp|cys-L|cystrna|ppi|trnacys
CYSTabctpp	adp|atp|cyst-L|h|h2o|pi
CYSTtex	cyst-L
CYSabc2pp	adp|atp|cys-L|h|h2o|pi
CYSabcpp	adp|atp|cys-L|h|h2o|pi
CYStex	cys-L
CYStpp	cys-L
CYTBD2pp	h|h2o|mql8|mqn8|o2
CYTBDpp	h|h2o|o2|q8|q8h2
CYTBO3_4pp	h|h2o|o2|q8|q8h2
CYTD	cytd|h|h2o|nh4|uri
CYTDH	csn|cytd|h2o|rib-D
CYTDK2	cmp|cytd|gdp|gtp|h
CYTDt2pp	cytd|h
CYTDtex	cytd
CYTK1	adp|atp|cdp|cmp
CYTK2	adp|atp|dcdp|dcmp
D-LACt2pp	h|lac-D
D-LACtex	lac-D
DAAD	ala-D|fad|fadh2|h2o|nh4|pyr
DADA	dad-2|din|h|h2o|nh4
DADK	adp|atp|dadp|damp
DADNt2pp	dad-2|h
DADNtex	dad-2
DALAt2pp	ala-D|h
DALAtex	ala-D
DAMPtex	damp
DAPDC	26dap-M|co2|h|lys-L
DAPE	26dap-LL|26dap-M
DAPabcpp	26dap-M|adp|atp|h|h2o|pi
DAPtex	15dap
DASYN120	cdpdddecg|ctp|h|pa120|ppi
DASYN140	cdpdtdecg|ctp|h|pa140|ppi
DASYN141	cdpdtdec7eg|ctp|h|pa141|ppi
DASYN160	cdpdhdecg|ctp|h|pa160|ppi
DASYN161	cdpdhdec9eg|ctp|h|pa161|ppi
DASYN180	cdpdodecg|ctp|h|pa180|ppi
DASYN181	cdpdodec11eg|ctp|h|pa181|ppi
DATPHs	datp|ditp|h|h2o|nh4
DB4PS	db4p|for|h|ru5p-D
DBTS	adp|atp|co2|dann|dtbt|h|pi
DCAtex	dca
DCMPtex	dcmp
DCYTD	dcyt|duri|h|h2o|nh4
DCYTt2pp	dcyt|h
DCYTtex	dcyt
DDCAtexi	ddca
DDGALK	2dh3dgal|2dh3dgal6p|adp|atp|h
DDGLCNt2rpp	2ddglcn|h
DDGLCNtex	2ddglcn
DDGLK	2ddg6p|2ddglcn|adp|atp|h
DDPA	2dda7p|e4p|h2o|pep|pi
DDPGALA	2dh3dgal6p|g3p|pyr
DGK1	adp|atp|dgdp|dgmp
DGMPtex	dgmp
DGSNt2pp	dgsn|h
DGSNtex	dgsn
DHAD1	23dhmb|3mob|h2o
DHAD2	23dhmp|3mop|h2o
DHAPT	dha|dhap|pep|pyr
DHAtex	dha
DHAtpp	dha
DHBD	23ddhb|23dhb|h|nad|nadh
DHBS	23dhb|23dhba|atp|h|ppi
DHBSH	23dhb|23dhbzs|h2o|ser-L
DHDPRy	23dhdp|h|nadp|nadph|thdp
DHDPS	23dhdp|aspsa|h|h2o|pyr
DHFR	dhf|h|nadp|nadph|thf
DHFS	adp|atp|dhf|dhpt|glu-L|h|pi
DHNAOT4	2dmmql8|co2|dhna|h|octdp|ppi
DHNPA2	6hmhpt|dhnpt|gcald
DHORD2	dhor-S|orot|q8|q8h2
DHORD5	dhor-S|mql8|mqn8|orot
DHORTS	cbasp|dhor-S|h|h2o
DHPPDA2	25drapp|5apru|h|h2o|nh4
DHPS2	4abz|6hmhptpp|dhpt|ppi
DHPTDCs	dhptd|h2o|hmfurn
DHQS	2dda7p|3dhq|pi
DHQTi	3dhq|3dhsk|h2o
DIMPtex	dimp
DINSt2pp	din|h
DINStex	din
DIPEPADabctpp	LalaLasp|adp|atp|h|h2o|pi
DIPEPADtex	LalaLasp
DIPEPAEabctpp	LalaLglu|adp|atp|h|h2o|pi
DIPEPAEtex	LalaLglu
DIPEPAGabctpp	Lalagly|adp|atp|h|h2o|pi
DIPEPAGtex	Lalagly
DIPEPAHabctpp	LalaLhis|adp|atp|h|h2o|pi
DIPEPAHtex	LalaLhis
DIPEPALabctpp	LalaLleu|adp|atp|h|h2o|pi
DIPEPALtex	LalaLleu
DIPEPAQabctpp	LalaLgln|adp|atp|h|h2o|pi
DIPEPAQtex	LalaLgln
DIPEPATabctpp	LalaLthr|adp|atp|h|h2o|pi
DIPEPATtex	LalaLthr
DIPEPGEabctpp	adp|atp|glyLglu|h|h2o|pi
DIPEPGEtex	glyLglu
DIPEPGMabctpp	adp|atp|glyLmet|h|h2o|pi
DIPEPGMtex	glyLmet
DIPEPGNabctpp	adp|atp|glyLasn|h|h2o|pi
DIPEPGNtex	glyLasn
DIPEPGQabctpp	adp|atp|glyLgln|h|h2o|pi
DIPEPGQtex	glyLgln
DIPEPMAabctpp	LmetLala|adp|atp|h|h2o|pi
DIPEPMAtex	LmetLala
DKGLCNR1	25dkglcn|2dhguln|h|nadp|nadph
DKGLCNR2x	25dkglcn|5dglcn|h|nad|nadh
DKGLCNR2y	25dkglcn|5dglcn|h|nadp|nadph
DKMPPD	2kmb|dkmpp|for|h|h2o|o2|pi
DKMPPD3	2kmb|dkmpp|for|h|h2o|nad|nadh|pi
DMATT	dmpp|grdp|ipdp|ppi
DMPPS	dmpp|h|h2mb4p|h2o|nad|nadh
DMQMT	2omhmbl|ahcys|amet|h|q8h2
DMSOR1	dms|dmso|h2o|mql8|mqn8
DMSOR2	2dmmq8|2dmmql8|dms|dmso|h2o
DMSOtex	dmso
DMStex	dms
DM_4HBA	4hba
DM_5DRIB	5drib
DM_AACALD	aacald
DM_HMFURN	hmfurn
DM_OXAM	oxam
DNMPPA	dhnpt|dhpmp|h2o|pi
DNTPPA	ahdt|dhpmp|h|h2o|ppi
DOPAtex	dopa
DPCOAK	adp|atp|coa|dpcoa|h
DPR	2dhp|h|nadp|nadph|pant-R
DRPA	2dr5p|acald|g3p
DSBAO1	dsbaox|dsbard|q8|q8h2
DSBAO2	dsbaox|dsbard|mql8|mqn8
DSBCGT	dsbcox|dsbcrd|gthox|gthrd
DSBDR	dsbdox|dsbdrd|trdox|trdrd
DSBGGT	dsbgox|dsbgrd|gthox|gthrd
DSERDHr	2amsa|h|nadp|nadph|ser-D
DSERt2pp	h|ser-D
DSERtex	ser-D
DTMPK	adp|atp|dtdp|dtmp
DTMPtex	dtmp
DUMPtex	dump
DURIK1	adp|atp|dump|duri|h
DURIPP	2dr1p|duri|pi|ura
DURIt2pp	duri|h
DURItex	duri
DUTPDP	dump|dutp|h|h2o|ppi
DXPRIi	2me4p|dxyl5p|h|nadp|nadph
DXPS	co2|dxyl5p|g3p|h|pyr
DXYLK	adp|atp|dxyl|dxyl5p|h
E4PD	4per|e4p|h|h2o|nad|nadh
EAR100x	dcaACP|h|nad|nadh|tdec2eACP
EAR100y	dcaACP|h|nadp|nadph|tdec2eACP
EAR120x	ddcaACP|h|nad|nadh|tddec2eACP
EAR120y	ddcaACP|h|nadp|nadph|tddec2eACP
EAR121x	cddec5eACP|h|nad|nadh|t3c5ddeceACP
EAR121y	cddec5eACP|h|nadp|nadph|t3c5ddeceACP
EAR140x	h|myrsACP|nad|nadh|tmrs2eACP
EAR140y	h|myrsACP|nadp|nadph|tmrs2eACP
EAR141x	h|nad|nadh|t3c7mrseACP|tdeACP
EAR141y	h|nadp|nadph|t3c7mrseACP|tdeACP
EAR160x	h|nad|nadh|palmACP|tpalm2eACP
EAR160y	h|nadp|nadph|palmACP|tpalm2eACP
EAR161x	h|hdeACP|nad|nadh|t3c9palmeACP
EAR161y	h|hdeACP|nadp|nadph|t3c9palmeACP
EAR180x	h|nad|nadh|ocdcaACP|toctd2eACP
EAR180y	h|nadp|nadph|ocdcaACP|toctd2eACP
EAR181x	h|nad|nadh|octeACP|t3c11vaceACP
EAR181y	h|nadp|nadph|octeACP|t3c11vaceACP
EAR40x	but2eACP|butACP|h|nad|nadh
EAR40y	but2eACP|butACP|h|nadp|nadph
EAR60x	h|hexACP|nad|nadh|thex2eACP
EAR60y	h|hexACP|nadp|nadph|thex2eACP
EAR80x	h|nad|nadh|ocACP|toct2eACP
EAR80y	h|nadp|nadph|ocACP|toct2eACP
ECA4COLIPAtex	eca4colipa
ECAP1pp	eca2und|h|udcpdp|unagamuf
ECAP2pp	eca2und|eca3und|h|udcpdp|unagamuf
ECAP3pp	eca3und|eca4und|h|udcpdp|unagamuf
ECAtpp	unagamuf
ECOAH1	3hbcoa|b2coa|h2o
ECOAH2	3hhcoa|h2o|hx2coa
ECOAH3	3hocoa|h2o|oc2coa
ECOAH4	3hdcoa|dc2coa|h2o
ECOAH5	3hddcoa|dd2coa|h2o
ECOAH6	3htdcoa|h2o|td2coa
ECOAH7	3hhdcoa|h2o|hdd2coa
ECOAH8	3hodcoa|h2o|od2coa
EDA	2ddg6p|g3p|pyr
EDD	2ddg6p|6pgc|h2o
EDTXS2	ACP|kdo2lipid4L|lipa|myrsACP
EDTXS4	ACP|kdo2lipid4p|lipa_cold|myrsACP
ENLIPAtex	enlipa
ENO	2pg|h2o|pep
ENTCS	23dhba|amp|enter|h|seramp
ENTERES	23dhbzs|enter|h|h2o
ENTERES2	23dhbzs|fe3|feenter|h|h2o
ETHAAL	acald|etha|nh4
ETHAt2pp	etha|h
ETHAtex	etha
ETHSO3tex	ethso3
ETOHt2rpp	etoh|h
ETOHtex	etoh
F6PA	dha|f6p|g3p
F6PP	f6p|fru|h2o|pi
F6Pt6_2pp	f6p|pi
F6Ptex	f6p
FA100ACPHi	ACP|dca|dcaACP|h|h2o
FA120ACPHi	ACP|ddca|ddcaACP|h|h2o
FA140ACPHi	ACP|h|h2o|myrsACP|ttdca
FA141ACPHi	ACP|h|h2o|tdeACP|ttdcea
FA160ACPHi	ACP|h|h2o|hdca|palmACP
FA161ACPHi	ACP|h|h2o|hdcea|hdeACP
FA80ACPHi	ACP|h|h2o|ocACP|octa
FACOAE100	coa|dca|dcacoa|h|h2o
FACOAE120	coa|ddca|ddcacoa|h|h2o
FACOAE140	coa|h|h2o|tdcoa|ttdca
FACOAE141	coa|h|h2o|tdecoa|ttdcea
FACOAE160	coa|h|h2o|hdca|pmtcoa
FACOAE161	coa|h|h2o|hdcea|hdcoa
FACOAE180	coa|h|h2o|ocdca|stcoa
FACOAE181	coa|h|h2o|ocdcea|odecoa
FACOAE60	coa|h|h2o|hxa|hxcoa
FACOAE80	coa|h|h2o|occoa|octa
FACOAL100t2pp	amp|atp|coa|dca|dcacoa|h
FACOAL120t2pp	amp|atp|coa|ddca|ddcacoa|h|ppi
FACOAL140t2pp	amp|atp|coa|h|ppi|tdcoa|ttdca
FACOAL141t2pp	amp|atp|coa|h|ppi|tdecoa|ttdcea
FACOAL160t2pp	amp|atp|coa|h|hdca|pmtcoa|ppi
FACOAL161t2pp	amp|atp|coa|h|hdcea|hdcoa|ppi
FACOAL180t2pp	amp|atp|coa|h|ocdca|ppi|stcoa
FACOAL181t2pp	amp|atp|coa|h|ocdcea|odecoa|ppi
FACOAL60t2pp	amp|atp|coa|h|hxa|hxcoa
FACOAL80t2pp	amp|atp|coa|h|occoa|octa
FADRx2	fad|fadh2|h|nadp|nadph
FALDtex	fald
FALDtpp	fald
FALGTHLs	fald|gthrd|hmgth
FBA	dhap|fdp|g3p
FCI	fcl-L|fuc-L
FCLK	adp|atp|fc1p|fcl-L|h
FCLPA	dhap|fc1p|lald-L
FCLT	fe2|h|pheme|ppp9
FDH4pp	co2|for|h|q8|q8h2
FDH5pp	co2|for|h|mql8|mqn8
FE2abcpp	adp|atp|fe2|h|h2o|pi
FE2t2pp	fe2|h
FE2t3pp	fe2|h
FE2tex	fe2
FE2tpp	fe2
FE3DCITtonex	fe3dcit|h
FE3DHBZR	23dhbzs|fe3|fe3dhbzs
FE3DHBZSabcpp	adp|atp|fe3dhbzs|h|h2o|pi
FE3DHBZStonex	fe3dhbzs|h
FE3HOXR1	fad|fadh2|fe2|fe3hox|fe3hox-un|h
FE3HOXR2	fe2|fe3hox|fe3hox-un|fmn|fmnh2|h
FE3HOXR3	fe2|fe3hox|fe3hox-un|h|rbflvrd|ribflv
FE3HOXUtex	fe3hox-un|h
FE3HOXUtpp	fe3hox-un|h
FE3HOXabcpp	adp|atp|fe3hox|h|h2o|pi
FE3HOXexs	fe3|fe3hox|fe3hox-un
FE3HOXtonex	fe3hox|h
FE3abcpp	adp|atp|fe3|h|h2o|pi
FE3tex	fe3
FECRMR1	fad|fadh2|fe2|fecrm|fecrm-un|h
FECRMR2	fe2|fecrm|fecrm-un|fmn|fmnh2|h
FECRMR3	fe2|fecrm|fecrm-un|h|rbflvrd|ribflv
FECRMUtex	fecrm-un|h
FECRMUtpp	fecrm-un|h
FECRMabcpp	adp|atp|fecrm|h|h2o|pi
FECRMexs	fe3|fecrm|fecrm-un
FECRMtonex	fecrm|h
FEENTERR1	enter|fad|fadh2|fe2|feenter|h
FEENTERR2	enter|fe2|feenter|fmn|fmnh2|h
FEENTERR3	enter|fe2|feenter|h|rbflvrd|ribflv
FEENTERabcpp	adp|atp|feenter|h|h2o|pi
FEENTERexs	enter|fe3|feenter
FEENTERtex	enter|h
FEENTERtonex	feenter|h
FEENTERtpp	enter|h
FEOXAMR1	fad|fadh2|fe2|feoxam|feoxam-un|h
FEOXAMR2	fe2|feoxam|feoxam-un|fmn|fmnh2|h
FEOXAMR3	fe2|feoxam|feoxam-un|h|rbflvrd|ribflv
FEOXAMUtex	feoxam-un|h
FEOXAMUtpp	feoxam-un|h
FEOXAMabcpp	adp|atp|feoxam|h|h2o|pi
FEOXAMexs	fe3|feoxam|feoxam-un
FEOXAMtonex	feoxam|h
FEROpp	fe2|fe3|h|h2o|o2
FFSD	fru|g6p|h2o|suc6p
FHL	co2|for|h|h2
FLDR	fldox|fldrd|h|nadp|nadph
FLVR	h|nadp|nadph|rbflvrd|ribflv
FMETTRS	10fthf|fmettrna|h|mettrna|thf
FMNAT	atp|fad|fmn|h|ppi
FMNRx2	fmn|fmnh2|h|nadp|nadph
FORt2pp	for|h
FORtex	for
FORtppi	for
FRD2	fum|mql8|mqn8|succ
FRD3	2dmmq8|2dmmql8|fum|succ
FRUK	adp|atp|f1p|fdp|h
FRULYSK	adp|atp|frulys|frulysp|h
FRULYStex	frulys
FRUURtex	fruur
FRUpts2pp	f6p|fru|pep|pyr
FRUptspp	f1p|fru|pep|pyr
FRUtex	fru
FTHFD	10fthf|for|h|h2o|thf
FUCtex	fuc-L
FUCtpp	fuc-L|h
FUM	fum|h2o|mal-L
FUMt2_2pp	fum|h
FUMt2_3pp	fum|h
FUMtex	fum
G1PACT	accoa|acgam1p|coa|gam1p|h
G1PPpp	g1p|glc-D|h2o|pi
G1PTT	dtdpglu|dttp|g1p|h|ppi
G1Ptex	g1p
G1SAT	5aop|glu1sa
G2PPpp	glyc|glyc2p|h2o|pi
G3PAT120	1ddecg3p|ACP|ddcaACP|glyc3p
G3PAT140	1tdecg3p|ACP|glyc3p|myrsACP
G3PAT141	1tdec7eg3p|ACP|glyc3p|tdeACP
G3PAT160	1hdecg3p|ACP|glyc3p|palmACP
G3PAT161	1hdec9eg3p|ACP|glyc3p|hdeACP
G3PAT180	1odecg3p|ACP|glyc3p|ocdcaACP
G3PAT181	1odec11eg3p|ACP|glyc3p|octeACP
G3PCabcpp	adp|atp|g3pc|h|h2o|pi
G3PCtex	g3pc
G3PD2	dhap|glyc3p|h|nadp|nadph
G3PD5	dhap|glyc3p|q8|q8h2
G3PD6	dhap|glyc3p|mql8|mqn8
G3PD7	2dmmq8|2dmmql8|dhap|glyc3p
G3PEabcpp	adp|atp|g3pe|h|h2o|pi
G3PEtex	g3pe
G3PGabcpp	adp|atp|g3pg|h|h2o|pi
G3PGtex	g3pg
G3PIabcpp	adp|atp|g3pi|h|h2o|pi
G3PItex	g3pi
G3PSabcpp	adp|atp|g3ps|h|h2o|pi
G3PStex	g3ps
G3PT	glyc|glyc3p|h2o|pi
G5SADs	1pyr5c|glu5sa|h|h2o
G5SD	glu5p|glu5sa|h|nadp|nadph|pi
G6PDA	f6p|gam6p|h2o|nh4
G6PDH2r	6pgl|g6p|h|nadp|nadph
G6PP	g6p|glc-D|h2o|pi
G6Pt6_2pp	g6p|pi
G6Ptex	g6p
GAL1PPpp	gal|gal1p|h2o|pi
GAL1Ptex	gal1p
GALBDtex	gal-bD
GALCTD	5dh4dglc|galct-D|h2o
GALCTLO	galctn-L|h|nad|nadh|tagur
GALCTND	2dh3dgal|galctn-D|h2o
GALCTNLt2pp	galctn-L|h
GALCTNLtex	galctn-L
GALCTNt2pp	galctn-D|h
GALCTNtex	galctn-D
GALCTt2rpp	galct-D|h
GALCTtex	galct-D
GALKr	adp|atp|gal|gal1p|h
GALS3	gal|glc-D|h2o|melib
GALTptspp	galt|galt1p|pep|pyr
GALTtex	galt
GALURt2rpp	galur|h
GALURtex	galur
GALUi	g1p|h|ppi|udpg|utp
GALabcpp	adp|atp|gal|h|h2o|pi
GALt2pp	gal|h
GALtex	gal
GAM6Pt6_2pp	gam6p|pi
GAMAN6Ptex	gam6p
GAMptspp	gam|gam6p|pep|pyr
GAMtex	gam
GAPD	13dpg|g3p|h|nad|nadh|pi
GARFT	10fthf|fgam|gar|h|thf
GART	adp|atp|fgam|for|gar|h|pi
GBBTNtex	gbbtn
GCALDD	gcald|glyclt|h|h2o|nad|nadh
GDMANE	gdpddman|gdpofuc
GDPDPK	amp|atp|gdp|h|ppgpp
GDPMNH	gdp|gdpmann|h|h2o|man
GDPMNP	gdpmann|gmp|h|h2o|man1p
GDPtex	gdp
GF6PTA	f6p|gam6p|gln-L|glu-L
GHMT2r	gly|h2o|mlthf|ser-L|thf
GK1	adp|atp|gdp|gmp
GLBRAN2	bglycogen|glycogen
GLCATr	accoa|acglc-D|coa|glc-D
GLCDpp	glc-D|glcn|h|h2o|q8|q8h2
GLCNt2rpp	glcn|h
GLCNtex	glcn
GLCP	g1p|glycogen|pi
GLCRAL	2h3oppan|5dh4dglc|pyr
GLCRD	5dh4dglc|glcr|h2o
GLCRt2rpp	glcr|h
GLCRtex	glcr
GLCS1	adp|adpglc|glycogen|h
GLCUR1Ptex	glcur1p
GLCURt2rpp	glcur|h
GLCURtex	glcur
GLCabcpp	adp|atp|glc-D|h|h2o|pi
GLCptspp	g6p|glc-D|pep|pyr
GLCt2pp	glc-D|h
GLCtex	glc-D
GLCtexi	glc-D
GLDBRAN2	bglycogen|glycogen
GLGC	adpglc|atp|g1p|h|ppi
GLNS	adp|atp|gln-L|glu-L|h|nh4|pi
GLNabcpp	adp|atp|gln-L|h|h2o|pi
GLNtex	gln-L
GLTPD	galt1p|h|nad|nadh|tag6p-D
GLU5K	adp|atp|glu-L|glu5p
GLUCYS	adp|atp|cys-L|glu-L|glucys|h|pi
GLUDC	4abut|co2|glu-L|h
GLUDy	akg|glu-L|h|h2o|nadp|nadph|nh4
GLUN	gln-L|glu-L|h2o|nh4
GLUPRT	gln-L|glu-L|h2o|ppi|pram|prpp
GLUR	glu-D|glu-L
GLUSy	akg|gln-L|glu-L|h|nadp|nadph
GLUTRR	glu1sa|glutrna|h|nadp|nadph|trnaglu
GLUTRS	amp|atp|glu-L|glutrna|ppi|trnaglu
GLUabcpp	adp|atp|glu-L|h|h2o|pi
GLUt2rpp	glu-L|h
GLUt4pp	glu-L|na1
GLUtex	glu-L
GLXCL	2h3oppan|co2|glx|h
GLXt2ex	glx|h
GLXt2pp	glx|h
GLYALDtex	glyald
GLYALDtpp	glyald
GLYAT	2aobut|accoa|coa|gly
GLYBabcpp	adp|atp|glyb|h|h2o|pi
GLYBtex	glyb
GLYC2Ptex	glyc2p
GLYC3Pabcpp	adp|atp|glyc3p|h|h2o|pi
GLYC3Pt6pp	glyc3p|pi
GLYC3Ptex	glyc3p
GLYCAt2rpp	glyc-R|h
GLYCAtex	glyc-R
GLYCDx	dha|glyc|h|nad|nadh
GLYCK	3pg|adp|atp|glyc-R|h
GLYCK2	2pg|adp|atp|glyc-R|h
GLYCL	co2|gly|mlthf|nad|nadh|nh4|thf
GLYCLTDx	glx|glyclt|h|nad|nadh
GLYCLTDy	glx|glyclt|h|nadp|nadph
GLYCLTt2rpp	glyclt|h
GLYCLTt4pp	glyclt|na1
GLYCLTtex	glyclt
GLYCOGENtex	glycogen
GLYCOGENtpp	glycogen
GLYCTO2	glx|glyclt|q8|q8h2
GLYCTO3	glx|glyclt|mql8|mqn8
GLYCTO4	2dmmq8|2dmmql8|glx|glyclt
GLYCtex	glyc
GLYCtpp	glyc
GLYK	adp|atp|glyc|glyc3p|h
GLYOX3	h|h2o|lac-D|mthgxl
GLYTRS	amp|atp|gly|glytrna|ppi|trnagly
GLYt2pp	gly|h
GLYt4pp	gly|na1
GLYtex	gly
GMHEPAT	adphep-DD|atp|gmhep1p|h|ppi
GMHEPK	adp|atp|gmhep17bp|gmhep7p|h
GMHEPPA	gmhep17bp|gmhep1p|h2o|pi
GMPR	gmp|h|imp|nadp|nadph|nh4
GMPS2	amp|atp|gln-L|glu-L|gmp|h|h2o|ppi|xmp
GMPtex	gmp
GND	6pgc|co2|nadp|nadph|ru5p-D
GNK	6pgc|adp|atp|glcn|h
GOFUCR	gdpfuc|gdpofuc|h|nadp|nadph
GP4GH	gdp|gp4g|h|h2o
GPDDA1	chol|g3pc|glyc3p|h|h2o
GPDDA1pp	chol|g3pc|glyc3p|h|h2o
GPDDA2	etha|g3pe|glyc3p|h|h2o
GPDDA2pp	etha|g3pe|glyc3p|h|h2o
GPDDA3	g3ps|glyc3p|h|h2o|ser-L
GPDDA3pp	g3ps|glyc3p|h|h2o|ser-L
GPDDA4	g3pg|glyc|glyc3p|h|h2o
GPDDA4pp	g3pg|glyc|glyc3p|h|h2o
GPDDA5	g3pi|glyc3p|h|h2o|inost
GPDDA5pp	g3pi|glyc3p|h|h2o|inost
GRTT	frdp|grdp|ipdp|ppi
GRXR	grxox|grxrd|gthox|gthrd
GSNK	adp|atp|gmp|gsn|h
GSNt2pp	gsn|h
GSNtex	gsn
GSPMDA	gthrd|gtspmd|h2o|spmd
GSPMDS	adp|atp|gthrd|gtspmd|h|pi|spmd
GTHOXtex	gthox
GTHRDHpp	cgly|glu-L|gthrd|h2o
GTHRDabc2pp	adp|atp|gthrd|h|h2o|pi
GTHRDabcpp	adp|atp|gthrd|h|h2o|pi
GTHRDtex	gthrd
GTHS	adp|atp|glucys|gly|gthrd|h|pi
GTPCI	ahdt|for|gtp|h|h2o
GTPCII2	25drapp|for|gtp|h|h2o|ppi
GTPDPDP	gdptp|h|h2o|pi|ppgpp
GTPDPK	amp|atp|gdptp|gtp|h
GTPHs	gtp|h|h2o|nh4|xtp
GTPtex	gtp
GUAPRT	gmp|gua|ppi|prpp
GUAt2pp	gua|h
GUAtex	gua
GUAtpp	gua
GUI1	fruur|glcur
GUI2	galur|tagur
GUR1PPpp	glcur|glcur1p|h2o|pi
H2O2tex	h2o2
H2Otex	h2o
H2Otpp	h2o
H2SO	h|h2s|o2|so4
H2St1pp	h2s
H2Stex	h2s
H2tex	h2
H2tpp	h2
HACD1i	3hbcoa|aacoa|h|nad|nadh
HACD2i	3hhcoa|3ohcoa|h|nad|nadh
HACD3i	3hocoa|3oocoa|h|nad|nadh
HACD4i	3hdcoa|3odcoa|h|nad|nadh
HACD5i	3hddcoa|3oddcoa|h|nad|nadh
HACD6i	3htdcoa|3otdcoa|h|nad|nadh
HACD7i	3hhdcoa|3ohdcoa|h|nad|nadh
HACD8i	3hodcoa|3oodcoa|h|nad|nadh
HBZOPT	3ophb|4hbz|octdp|ppi
HCINNMt2rpp	3hcinnm|h
HCINNMtex	3hcinnm
HCO3E	co2|h|h2o|hco3
HDCAtexi	hdca
HDCEAtexi	hdcea
HDCOAI	hdcoa|hdd2coa
HEMEOS	frdp|h2o|hemeO|pheme|ppi
HEPK2	adp|atp|h|hphhlipa|phphhlipa
HEPT1	adp|adphep-LD|h|hlipa|lipa
HEPT2	adp|adphep-LD|h|hhlipa|hlipa
HETZK	4mhetz|4mpetz|adp|atp|h
HEX1	adp|atp|g6p|glc-D|h
HEX4	adp|atp|h|man|man6p
HEX7	adp|atp|f6p|fru|h
HG2t3pp	h|hg2
HG2tex	hg2
HISTD	h|h2o|his-L|histd|nad|nadh
HISTP	h2o|hisp|histd|pi
HISTRS	amp|atp|his-L|histrna|ppi|trnahis
HISabcpp	adp|atp|h|h2o|his-L|pi
HISt2rpp	h|his-L
HIStex	his-L
HMBS	h2o|hmbil|nh4|ppbng
HMPK1	4ahmmp|4ampm|adp|atp|h
HOMt2pp	h|hom-L
HOMtex	hom-L
HPPK2	6hmhpt|6hmhptpp|amp|atp|h
HPPPNt2rpp	3hpppn|h
HPPPNtex	3hpppn
HPYRI	2h3oppan|hpyr
HPYRRx	glyc-R|h|hpyr|nad|nadh
HPYRRy	glyc-R|h|hpyr|nadp|nadph
HQNt6ex	h|hqn
HQNt6pp	h|hqn
HSDy	aspsa|h|hom-L|nadp|nadph
HSK	adp|atp|h|hom-L|phom
HSST	coa|hom-L|succoa|suchms
HSTPT	akg|glu-L|hisp|imacp
HXAtex	hxa
HXPRT	hxan|imp|ppi|prpp
HYD1pp	h|h2|q8|q8h2
HYD2pp	h|h2|mql8|mqn8
HYD3pp	2dmmq8|2dmmql8|h|h2
HYPOE	h2o|pi|pyam5p|pydam
HYXNtex	hxan
HYXNtpp	hxan
Htex	h
ICDHyr	akg|co2|icit|nadp|nadph
ICHORS	chor|ichor
ICHORSi	chor|ichor
ICHORT	23ddhb|h2o|ichor|pyr
ICL	glx|icit|succ
IDONt2rpp	h|idon-L
IDONtex	idon-L
IG3PS	aicar|eig3p|gln-L|glu-L|h|prlp
IGPDH	eig3p|h2o|imacp
IGPS	2cpr5p|3ig3p|co2|h|h2o
ILETA	3mop|akg|glu-L|ile-L
ILETRS	amp|atp|ile-L|iletrna|ppi|trnaile
ILEabcpp	adp|atp|h|h2o|ile-L|pi
ILEt2rpp	h|ile-L
ILEtex	ile-L
IMPC	fprica|h2o|imp
IMPD	h|h2o|imp|nad|nadh|xmp
IMPtex	imp
INDOLEt2pp	h|indole
INDOLEt2rpp	h|indole
INDOLEtex	indole
INS2D	2ins|h|inost|nad|nadh
INSH	h2o|hxan|ins|rib-D
INSK	adp|atp|h|imp|ins
INSTtex	inost
INSt2pp	h|ins
INStex	ins
IPDDI	dmpp|ipdp
IPDPS	h|h2mb4p|h2o|ipdp|nad|nadh
IPMD	3c2hmp|3c4mop|h|nad|nadh
IPPMIa	2ippm|3c2hmp|h2o
IPPMIb	2ippm|3c3hmp|h2o
IPPS	3c3hmp|3mob|accoa|coa|h|h2o
ISETACtex	isetac
K2L4Aabcpp	adp|atp|h|h2o|kdo2lipid4|pi
K2L4Atex	kdo2lipid4
KARA1	23dhmb|alac-S|h|nadp|nadph
KARA2	23dhmp|2ahbut|h|nadp|nadph
KAS14	ACP|acACP|actACP|co2|h|malACP
KAS15	accoa|actACP|co2|coa|h|malACP
KAT1	aacoa|accoa|coa
KAT2	3ohcoa|accoa|btcoa|coa
KAT3	3oocoa|accoa|coa|hxcoa
KAT4	3odcoa|accoa|coa|occoa
KAT5	3oddcoa|accoa|coa|dcacoa
KAT6	3otdcoa|accoa|coa|ddcacoa
KAT7	3ohdcoa|accoa|coa|tdcoa
KAT8	3oodcoa|accoa|coa|pmtcoa
KDOCT2	ckdo|ctp|kdo|ppi
KDOPP	h2o|kdo|kdo8p|pi
KDOPS	ara5p|h2o|kdo8p|pep|pi
Kabcpp	adp|atp|h|h2o|k|pi
Kt2pp	h|k
Kt3pp	h|k
Ktex	k
L-LACD2	lac-L|pyr|q8|q8h2
L-LACD3	lac-L|mql8|mqn8|pyr
L-LACt2rpp	h|lac-L
L-LACtex	lac-L
LACZpp	gal|glc-D|h2o|lcts
LADGMDH	26dap-M|LalaDglu|LalaDgluMdap|h2o
LALGP	LalaLglu|ala-L|glu-L|h2o
LCADi	h|h2o|lac-L|lald-L|nad|nadh
LCARR	12ppd-R|h|lald-D|nad|nadh
LCARS	12ppd-S|h|lald-L|nad|nadh
LCTSt3ipp	h|lcts
LCTStex	lcts
LDH_D	h|lac-D|nad|nadh|pyr
LDH_D2	lac-D|pyr|q8|q8h2
LEUTAi	4mop|akg|glu-L|leu-L
LEUTRS	amp|atp|leu-L|leutrna|ppi|trnaleu
LEUabcpp	adp|atp|h|h2o|leu-L|pi
LEUt2rpp	h|leu-L
LEUtex	leu-L
LIPACabcpp	adp|atp|h|h2o|lipa_cold|pi
LIPAHT2ex	colipa|h|h2o|hacolipa|hdca
LIPAHTex	h|h2o|halipa|hdca|lipa
LIPAabcpp	adp|atp|h|h2o|lipa|pi
LIPAtex	lipa
LPADSS	h|lipidAds|lipidX|u23ga|udp
LPLIPAL1A120pp	1ddecg3p|ddca|glyc3p|h|h2o
LPLIPAL1A140pp	1tdecg3p|glyc3p|h|h2o|ttdca
LPLIPAL1A141pp	1tdec7eg3p|glyc3p|h|h2o|ttdcea
LPLIPAL1A160pp	1hdecg3p|glyc3p|h|h2o|hdca
LPLIPAL1A161pp	1hdec9eg3p|glyc3p|h|h2o|hdcea
LPLIPAL1A180pp	1odecg3p|glyc3p|h|h2o|ocdca
LPLIPAL1A181pp	1odec11eg3p|glyc3p|h|h2o|ocdcea
LPLIPAL1E120pp	1agpe120|ddca|g3pe|h|h2o
LPLIPAL1E140pp	1agpe140|g3pe|h|h2o|ttdca
LPLIPAL1E141pp	1agpe141|g3pe|h|h2o|ttdcea
LPLIPAL1E160pp	1agpe160|g3pe|h|h2o|hdca
LPLIPAL1E161pp	1agpe161|g3pe|h|h2o|hdcea
LPLIPAL1E180pp	1agpe180|g3pe|h|h2o|ocdca
LPLIPAL1E181pp	1agpe181|g3pe|h|h2o|ocdcea
LPLIPAL1G120pp	1agpg120|ddca|g3pg|h|h2o
LPLIPAL1G140pp	1agpg140|g3pg|h|h2o|ttdca
LPLIPAL1G141pp	1agpg141|g3pg|h|h2o|ttdcea
LPLIPAL1G160pp	1agpg160|g3pg|h|h2o|hdca
LPLIPAL1G161pp	1agpg161|g3pg|h|h2o|hdcea
LPLIPAL1G180pp	1agpg180|g3pg|h|h2o|ocdca
LPLIPAL1G181pp	1agpg181|g3pg|h|h2o|ocdcea
LPLIPAL2A120	2ddecg3p|ddca|glyc3p|h|h2o
LPLIPAL2A140	2tdecg3p|glyc3p|h|h2o|ttdca
LPLIPAL2A141	2tdec7eg3p|glyc3p|h|h2o|ttdcea
LPLIPAL2A160	2hdecg3p|glyc3p|h|h2o|hdca
LPLIPAL2A161	2hdec9eg3p|glyc3p|h|h2o|hdcea
LPLIPAL2A180	2odecg3p|glyc3p|h|h2o|ocdca
LPLIPAL2A181	2odec11eg3p|glyc3p|h|h2o|ocdcea
LPLIPAL2ATE120	2agpe120|apg120|g3pe|pg120
LPLIPAL2ATE140	2agpe140|apg140|g3pe|pg140
LPLIPAL2ATE141	2agpe141|apg141|g3pe|pg141
LPLIPAL2ATE160	2agpe160|apg160|g3pe|pg160
LPLIPAL2ATE161	2agpe161|apg161|g3pe|pg161
LPLIPAL2ATE180	2agpe180|apg180|g3pe|pg180
LPLIPAL2ATE181	2agpe181|apg181|g3pe|pg181
LPLIPAL2ATG120	2agpg120|apg120|g3pg|pg120
LPLIPAL2ATG140	2agpg140|apg140|g3pg|pg140
LPLIPAL2ATG141	2agpg141|apg141|g3pg|pg141
LPLIPAL2ATG160	2agpg160|apg160|g3pg|pg160
LPLIPAL2ATG161	2agpg161|apg161|g3pg|pg161
LPLIPAL2ATG180	2agpg180|apg180|g3pg|pg180
LPLIPAL2ATG181	2agpg181|apg181|g3pg|pg181
LPLIPAL2E120	2agpe120|ddca|g3pe|h|h2o
LPLIPAL2E140	2agpe140|g3pe|h|h2o|ttdca
LPLIPAL2E141	2agpe141|g3pe|h|h2o|ttdcea
LPLIPAL2E160	2agpe160|g3pe|h|h2o|hdca
LPLIPAL2E161	2agpe161|g3pe|h|h2o|hdcea
LPLIPAL2E180	2agpe180|g3pe|h|h2o|ocdca
LPLIPAL2E181	2agpe181|g3pe|h|h2o|ocdcea
LPLIPAL2G120	2agpg120|ddca|g3pg|h|h2o
LPLIPAL2G140	2agpg140|g3pg|h|h2o|ttdca
LPLIPAL2G141	2agpg141|g3pg|h|h2o|ttdcea
LPLIPAL2G160	2agpg160|g3pg|h|h2o|hdca
LPLIPAL2G161	2agpg161|g3pg|h|h2o|hdcea
LPLIPAL2G180	2agpg180|g3pg|h|h2o|ocdca
LPLIPAL2G181	2agpg181|g3pg|h|h2o|ocdcea
LSERDHr	2amsa|h|nadp|nadph|ser-L
LYSDC	15dap|co2|h|lys-L
LYSTRS	amp|atp|lys-L|lystrna|ppi|trnalys
LYSabcpp	adp|atp|h|h2o|lys-L|pi
LYSt2pp	h|lys-L
LYSt3pp	h|lys-L
LYStex	lys-L
LYXI	lyx-L|xylu-L
LYXt2pp	h|lyx-L
LYXtex	lyx-L
M1PD	f6p|h|mnl1p|nad|nadh
MACPD	acACP|co2|h|malACP
MALDt2_2pp	h|mal-D
MALDtex	mal-D
MALS	accoa|coa|glx|h|h2o|mal-L
MALTATr	accoa|acmalt|coa|malt
MALTHXabcpp	adp|atp|h|h2o|malthx|pi
MALTHXtexi	malthx
MALTPTabcpp	adp|atp|h|h2o|maltpt|pi
MALTPTtexi	maltpt
MALTTRabcpp	adp|atp|h|h2o|malttr|pi
MALTTRtexi	malttr
MALTTTRabcpp	adp|atp|h|h2o|maltttr|pi
MALTTTRtexi	maltttr
MALTabcpp	adp|atp|h|h2o|malt|pi
MALTptspp	malt|malt6p|pep|pyr
MALTtexi	malt
MALt2_2pp	h|mal-L
MALt2_3pp	h|mal-L
MALtex	mal-L
MAN1PT2	gdp|gdpmann|h|man1p|pi
MAN1Pt6ex	h|man1p
MAN1Pt6pp	h|man1p
MAN6PI	f6p|man6p
MAN6Pt6_2pp	man6p|pi
MAN6Ptex	man6p
MANAO	fruur|h|mana|nad|nadh
MANGLYCptspp	man6pglyc|manglyc|pep|pyr
MANGLYCtex	manglyc
MANptspp	man|man6p|pep|pyr
MANtex	man
MCITD	2mcacn|2mcit|h2o
MCITL2	micit|pyr|succ
MCITS	2mcit|coa|h|h2o|oaa|ppcoa
MCOATA	ACP|coa|malACP|malcoa
MCPST	cyan|h|mercppyr|pyr|tcynt
MCPSTr	cyan|h|mercppyr|pyr|tcynt
MCTP1App	ala-D|murein5p5p|murein5px4p
MCTP2App	ala-D|murein5p5p5p|murein5px4px4p
MDDCP1pp	ala-D|h2o|murein4px4p|murein5px4p
MDDCP2pp	ala-D|h2o|murein4px4px4p|murein5px4px4p
MDDCP3pp	ala-D|h2o|murein5p4p|murein5p5p
MDDCP4pp	ala-D|h2o|murein4p4p|murein5p4p
MDDCP5pp	ala-D|h2o|murein4p3p|murein5p3p
MDDEP1pp	h2o|murein4p4p|murein4px4p
MDDEP2pp	h2o|murein3px4p|murein4p3p
MDDEP3pp	h2o|murein5p4p|murein5px4p
MDDEP4pp	h2o|murein4px4p4p|murein4px4px4p
MDH	h|mal-L|nad|nadh|oaa
MDRPD	5mdru1p|dkmpp|h2o
ME1	co2|mal-L|nad|nadh|pyr
MECDPDH2	2mecdp|h2mb4p|h2o|nad|nadh
MECDPS	2mecdp|2p4c2me|cmp
MELIBt2pp	h|melib
MELIBt3ipp	h|melib
MELIBtex	melib
MEPCT	2me4p|4c2me|ctp|h|ppi
METAT	amet|atp|h2o|met-L|pi|ppi
METDabcpp	adp|atp|h|h2o|met-D|pi
METDtex	met-D
METOX1s	h2o|h2o2|met-L|metsox-S-L
METOX2s	h2o|h2o2|met-L|metsox-R-L
METS	5mthf|h|hcys-L|met-L|thf
METSOX1abcpp	adp|atp|h|h2o|metsox-S-L|pi
METSOX1tex	metsox-S-L
METSOX2abcpp	adp|atp|h|h2o|metsox-R-L|pi
METSOX2tex	metsox-R-L
METSOXR1	h2o|met-L|metsox-S-L|trdox|trdrd
METSOXR2	h2o|met-L|metsox-R-L|trdox|trdrd
METabcpp	adp|atp|h|h2o|met-L|pi
METtex	met-L
MG2t3_2pp	h|mg2
MG2tex	mg2
MG2tpp	mg2
MGSA	dhap|mthgxl|pi
MI1PP	h2o|inost|mi1p-D|pi
MICITD	2mcacn|h2o|micit
MINOHPtexi	minohp
MLDCP1App	alaala|h2o|murein3px4p|murein5px4p
MLDCP1Bpp	ala-D|h2o|murein4p3p|murein4p4p
MLDCP2App	alaala|h2o|murein5p3p|murein5p5p
MLDCP2Bpp	ala-D|h2o|murein3p3p|murein4p3p
MLDCP3App	alaala|h2o|murein3px3p|murein5px3p
MLDEP1pp	h2o|murein3p3p|murein3px3p
MLDEP2pp	h2o|murein5p3p|murein5px3p
MLTG1	glc-D|h2o|malt|malttr
MLTG2	glc-D|h2o|malttr|maltttr
MLTG3	glc-D|h2o|maltpt|maltttr
MLTG4	glc-D|h2o|malthx|maltpt
MLTG5	glc-D|h2o|malthp|malthx
MLTGY1pp	anhgm4p|murein4p4p
MLTGY2pp	anhgm3p|anhgm4p|murein4p3p
MLTGY3pp	anhgm3p|murein3p3p
MLTGY4pp	anhgm4p|murein4px4p|murein4px4p4p
MLTP1	g1p|maltpt|maltttr|pi
MLTP2	g1p|malthx|maltpt|pi
MLTP3	g1p|malthp|malthx|pi
MME	mmcoa-R|mmcoa-S
MMETtex	mmet
MMSAD3	accoa|co2|coa|msa|nad|nadh
MN2t3pp	h|mn2
MN2tpp	mn2
MN6PP	h2o|man|man6p|pi
MNLptspp	mnl|mnl1p|pep|pyr
MNLtex	mnl
MNNH	2ddglcn|h2o|mana
MNt2pp	h|mn2
MNtex	mn2
MOAT	ckdo|cmp|h|kdolipid4|lipidA
MOAT2	ckdo|cmp|h|kdo2lipid4|kdolipid4
MOBDabcpp	adp|atp|h|h2o|mobd|pi
MOBDtex	mobd
MOHMT	2dhp|3mob|h2o|mlthf|thf
MPTG	h|murein5p5p|uaagmda|udcpdp
MPTG2	h|murein5p5p|murein5p5p5p|uaagmda|udcpdp
MSO3tex	mso3
MTAN	5mta|5mtr|ade|h2o
MTHFC	10fthf|h|h2o|methf
MTHFD	methf|mlthf|nadp|nadph
MTHFR2	5mthf|h|mlthf|nad|nadh
MTRI	5mdr1p|5mdru1p
MTRK	5mdr1p|5mtr|adp|atp|h
N2Otex	n2o
N2Otpp	n2o
NACODA	ac|acg5sa|glu5sa|h2o
NACtex	nac
NACtpp	nac
NADDP	amp|h|h2o|nad|nmn
NADH10	h|mql8|mqn8|nad|nadh
NADH16pp	h|nad|nadh|q8|q8h2
NADH17pp	h|mql8|mqn8|nad|nadh
NADH18pp	2dmmq8|2dmmql8|h|nad|nadh
NADH5	h|nad|nadh|q8|q8h2
NADH9	2dmmq8|2dmmql8|h|nad|nadh
NADK	adp|atp|h|nad|nadp
NADN	adprib|h|h2o|nad|ncam
NADPHQR2	h|nadp|nadph|q8|q8h2
NADPHQR3	h|mql8|mqn8|nadp|nadph
NADPHQR4	2dmmq8|2dmmql8|h|nadp|nadph
NADPPPS	h2o|nad|nadp|pi
NADS1	amp|atp|dnad|h|nad|nh4|ppi
NADTRHD	nad|nadh|nadp|nadph
NAMNPP	adp|atp|h2o|nac|nicrnt|pi|ppi|prpp
NAt3_1p5pp	h|na1
NAt3_2pp	h|na1
NAt3pp	h|na1
NAtex	na1
NDPK1	adp|atp|gdp|gtp
NDPK2	adp|atp|udp|utp
NDPK3	adp|atp|cdp|ctp
NDPK4	adp|atp|dtdp|dttp
NDPK5	adp|atp|dgdp|dgtp
NDPK6	adp|atp|dudp|dutp
NDPK7	adp|atp|dcdp|dctp
NDPK8	adp|atp|dadp|datp
NH4tex	nh4
NH4tpp	nh4
NI2t3pp	h|ni2
NI2tex	ni2
NI2tpp	ni2
NMNAT	atp|h|nad|nmn|ppi
NMNDA	h2o|nh4|nicrnt|nmn
NMNN	h|h2o|ncam|nmn|r5p
NMNPtpp	nmn
NMNt7pp	h|h2o|ncam|nmn|r5p
NMNtex	nmn
NNAM	h2o|nac|ncam|nh4
NNATr	atp|dnad|h|nicrnt|ppi
NNDMBRT	5prdmbz|dmbzid|h|nac|nicrnt
NNDPR	co2|h|nicrnt|ppi|prpp|quln
NO2t2rpp	h|no2
NO2tex	no2
NO3R1bpp	h2o|no2|no3|q8|q8h2
NO3R1pp	h|h2o|no2|no3|q8|q8h2
NO3R2bpp	h2o|mql8|mqn8|no2|no3
NO3R2pp	h|h2o|mql8|mqn8|no2|no3
NO3t7pp	no2|no3
NO3tex	no3
NODOx	h|nad|nadh|no|no3|o2
NODOy	h|nadp|nadph|no|no3|o2
NOtex	no
NOtpp	no
NPHS	coa|dhna|sbzcoa
NTD1	dump|duri|h2o|pi
NTD10	h2o|pi|xmp|xtsn
NTD10pp	h2o|pi|xmp|xtsn
NTD11	h2o|imp|ins|pi
NTD11pp	h2o|imp|ins|pi
NTD12	dimp|din|h2o|pi
NTD12pp	dimp|din|h2o|pi
NTD1pp	dump|duri|h2o|pi
NTD2	h2o|pi|ump|uri
NTD2pp	h2o|pi|ump|uri
NTD3	dcmp|dcyt|h2o|pi
NTD3pp	dcmp|dcyt|h2o|pi
NTD4	cmp|cytd|h2o|pi
NTD4pp	cmp|cytd|h2o|pi
NTD5	dtmp|h2o|pi|thymd
NTD5pp	dtmp|h2o|pi|thymd
NTD6	dad-2|damp|h2o|pi
NTD6pp	dad-2|damp|h2o|pi
NTD7	adn|amp|h2o|pi
NTD7pp	adn|amp|h2o|pi
NTD8	dgmp|dgsn|h2o|pi
NTD8pp	dgmp|dgsn|h2o|pi
NTD9	gmp|gsn|h2o|pi
NTD9pp	gmp|gsn|h2o|pi
NTP1	adp|atp|h|h2o|pi
NTP10	h|h2o|idp|itp|pi
NTP11	didp|ditp|h|h2o|pi
NTP12	h|h2o|pi|xdp|xtp
NTP3	gdp|gtp|h|h2o|pi
NTP5	cdp|ctp|h|h2o|pi
NTPP1	dgmp|dgtp|h|h2o|ppi
NTPP10	dimp|ditp|h|h2o|ppi
NTPP11	h|h2o|ppi|xmp|xtp
NTPP2	gmp|gtp|h|h2o|ppi
NTPP3	dcmp|dctp|h|h2o|ppi
NTPP4	cmp|ctp|h|h2o|ppi
NTPP5	damp|datp|h|h2o|ppi
NTPP6	amp|atp|h|h2o|ppi
NTPP7	dtmp|dttp|h|h2o|ppi
NTPP8	h|h2o|ppi|ump|utp
NTPP9	h|h2o|imp|itp|ppi
NTPTP1	dgsn|dgtp|h2o|pppi
NTPTP2	gsn|gtp|h2o|pppi
NTRIR2x	h|h2o|nad|nadh|nh4|no2
NTRIR3pp	h|h2o|nh4|no2|q8|q8h2
NTRIR4pp	h|h2o|mql8|mqn8|nh4|no2
O16A4COLIPAtex	o16a4colipa
O16GLCT2	gfgaragund|h|o16aund|udp|udpg
O2Stex	o2s
O2tex	o2
O2tpp	o2
OBTFL	2obut|coa|for|ppcoa
OCBT	cbp|citr-L|h|orn|pi
OCDCAtexi	ocdca
OCDCEAtexi	ocdcea
OCTAtex	octa
OCTDPS	frdp|ipdp|octdp|ppi
ODECOAI	od2coa|odecoa
OHPBAT	akg|glu-L|ohpb|phthr
OHPHM	2ohph|2omph|ahcys|amet|h
OMBZLM	2ombzl|2ommbl|ahcys|amet|h
OMCDC	3c4mop|4mop|co2|h
OMMBLHX3	2omhmbl|2ommbl|adp|atp|h|h2o|nad|nadh|pi
OMPDC	co2|h|orot5p|ump
OMPHHX3	2ombzl|2omph|adp|atp|h|h2o|nad|nadh|pi
OPHBDC	2oph|3ophb|co2|h
OPHHX	2ohph|2oph|o2
OPHHX3	2ohph|2oph|adp|atp|h|h2o|nad|nadh|pi
ORNabcpp	adp|atp|h|h2o|orn|pi
ORNtex	orn
OROTt2_2pp	h|orot
OROTtex	orot
ORPT	orot|orot5p|ppi|prpp
OXAMTC	cbp|oxam|oxur|pi
OXGDC2	akg|co2|h|ssaltpp|thmpp
P5CD	1pyr5c|glu-L|h|h2o|nad|nadh
P5CR	1pyr5c|h|nadp|nadph|pro-L
PA120abcpp	adp|atp|h|h2o|pa120|pi
PA140abcpp	adp|atp|h|h2o|pa140|pi
PA141abcpp	adp|atp|h|h2o|pa141|pi
PA160abcpp	adp|atp|h|h2o|pa160|pi
PA161abcpp	adp|atp|h|h2o|pa161|pi
PA180abcpp	adp|atp|h|h2o|pa180|pi
PA181abcpp	adp|atp|h|h2o|pa181|pi
PACALDt2rpp	h|pacald
PACALDtex	pacald
PANTS	ala-B|amp|atp|h|pant-R|pnto-R|ppi
PAPA120	12dgr120|h2o|pa120|pi
PAPA120pp	12dgr120|h2o|pa120|pi
PAPA140	12dgr140|h2o|pa140|pi
PAPA140pp	12dgr140|h2o|pa140|pi
PAPA141	12dgr141|h2o|pa141|pi
PAPA141pp	12dgr141|h2o|pa141|pi
PAPA160	12dgr160|h2o|pa160|pi
PAPA160pp	12dgr160|h2o|pa160|pi
PAPA161	12dgr161|h2o|pa161|pi
PAPA161pp	12dgr161|h2o|pa161|pi
PAPA180	12dgr180|h2o|pa180|pi
PAPA180pp	12dgr180|h2o|pa180|pi
PAPA181	12dgr181|h2o|pa181|pi
PAPA181pp	12dgr181|h2o|pa181|pi
PAPPT3	uagmda|udcpp|ugmda|ump
PAPSR	h|pap|paps|so3|trdox|trdrd
PAPSR2	grxox|grxrd|h|pap|paps|so3
PDH	accoa|co2|coa|nad|nadh|pyr
PDX5PO2	h|nad|nadh|pdx5p|pydx5p
PDX5POi	h2o2|o2|pdx5p|pydx5p
PDX5PS	co2|dxyl5p|h|h2o|nad|nadh|pdx5p|phthr|pi
PDXPP	h2o|pdx5p|pi|pydxn
PE120abcpp	adp|atp|h|h2o|pe120|pi
PE140abcpp	adp|atp|h|h2o|pe140|pi
PE141abcpp	adp|atp|h|h2o|pe141|pi
PE160abcpp	adp|atp|h|h2o|pe160|pi
PE161abcpp	adp|atp|h|h2o|pe161|pi
PE180abcpp	adp|atp|h|h2o|pe180|pi
PE181abcpp	adp|atp|h|h2o|pe181|pi
PEAMNtex	peamn
PEPt6ex	h|pep
PEPt6pp	h|pep
PERD	4per|h|nad|nadh|ohpb
PETNT161pp	12dgr161|enlipa|lipa|pe161
PETNT181pp	12dgr181|enlipa|lipa|pe181
PFK	adp|atp|f6p|fdp|h
PFK_2	adp|atp|h|tag6p-D|tagdp-D
PFL	accoa|coa|for|pyr
PG120abcpp	adp|atp|h|h2o|pg120|pi
PG140abcpp	adp|atp|h|h2o|pg140|pi
PG141abcpp	adp|atp|h|h2o|pg141|pi
PG160abcpp	adp|atp|h|h2o|pg160|pi
PG161abcpp	adp|atp|h|h2o|pg161|pi
PG180abcpp	adp|atp|h|h2o|pg180|pi
PG181abcpp	adp|atp|h|h2o|pg181|pi
PGAMT	gam1p|gam6p
PGCD	3pg|3php|h|nad|nadh
PGK	13dpg|3pg|adp|atp
PGL	6pgc|6pgl|h|h2o
PGLYCP	2pglyc|glyclt|h2o|pi
PGM	2pg|3pg
PGMT	g1p|g6p
PGP120abcpp	adp|atp|h|h2o|pgp120|pi
PGP140abcpp	adp|atp|h|h2o|pgp140|pi
PGP141abcpp	adp|atp|h|h2o|pgp141|pi
PGP160abcpp	adp|atp|h|h2o|pgp160|pi
PGP161abcpp	adp|atp|h|h2o|pgp161|pi
PGP180abcpp	adp|atp|h|h2o|pgp180|pi
PGP181abcpp	adp|atp|h|h2o|pgp181|pi
PGPP120	h2o|pg120|pgp120|pi
PGPP120pp	h2o|pg120|pgp120|pi
PGPP140	h2o|pg140|pgp140|pi
PGPP140pp	h2o|pg140|pgp140|pi
PGPP141	h2o|pg141|pgp141|pi
PGPP141pp	h2o|pg141|pgp141|pi
PGPP160	h2o|pg160|pgp160|pi
PGPP160pp	h2o|pg160|pgp160|pi
PGPP161	h2o|pg161|pgp161|pi
PGPP161pp	h2o|pg161|pgp161|pi
PGPP180	h2o|pg180|pgp180|pi
PGPP180pp	h2o|pg180|pgp180|pi
PGPP181	h2o|pg181|pgp181|pi
PGPP181pp	h2o|pg181|pgp181|pi
PGSA120	cdpdddecg|cmp|glyc3p|h|pgp120
PGSA140	cdpdtdecg|cmp|glyc3p|h|pgp140
PGSA141	cdpdtdec7eg|cmp|glyc3p|h|pgp141
PGSA160	cdpdhdecg|cmp|glyc3p|h|pgp160
PGSA161	cdpdhdec9eg|cmp|glyc3p|h|pgp161
PGSA180	cdpdodecg|cmp|glyc3p|h|pgp180
PGSA181	cdpdodec11eg|cmp|glyc3p|h|pgp181
PHEMEtiex	pheme
PHETA1	akg|glu-L|phe-L|phpyr
PHETRS	amp|atp|phe-L|phetrna|ppi|trnaphe
PHEt2rpp	h|phe-L
PHEtex	phe-L
PIt2rpp	h|pi
PItex	pi
PIuabcpp	adp|atp|h|h2o|pi
PLIPA1A120pp	2ddecg3p|ddca|h2o|pa120
PLIPA1A140pp	2tdecg3p|h2o|pa140|ttdca
PLIPA1A141pp	2tdec7eg3p|h2o|pa141|ttdcea
PLIPA1A160pp	2hdecg3p|h2o|hdca|pa160
PLIPA1A161pp	2hdec9eg3p|h2o|hdcea|pa161
PLIPA1A180pp	2odecg3p|h2o|ocdca|pa180
PLIPA1A181pp	2odec11eg3p|h2o|ocdcea|pa181
PLIPA1E120pp	2agpe120|ddca|h|h2o|pe120
PLIPA1E140pp	2agpe140|h|h2o|pe140|ttdca
PLIPA1E141pp	2agpe141|h|h2o|pe141|ttdcea
PLIPA1E160pp	2agpe160|h|h2o|hdca|pe160
PLIPA1E161pp	2agpe161|h|h2o|hdcea|pe161
PLIPA1E180pp	2agpe180|h|h2o|ocdca|pe180
PLIPA1E181pp	2agpe181|h|h2o|ocdcea|pe181
PLIPA1G120pp	2agpg120|ddca|h|h2o|pg120
PLIPA1G140pp	2agpg140|h|h2o|pg140|ttdca
PLIPA1G141pp	2agpg141|h|h2o|pg141|ttdcea
PLIPA1G160pp	2agpg160|h|h2o|hdca|pg160
PLIPA1G161pp	2agpg161|h|h2o|hdcea|pg161
PLIPA1G180pp	2agpg180|h|h2o|ocdca|pg180
PLIPA1G181pp	2agpg181|h|h2o|ocdcea|pg181
PLIPA2A120pp	1ddecg3p|ddca|h|h2o|pa120
PLIPA2A140pp	1tdecg3p|h|h2o|pa140|ttdca
PLIPA2A141pp	1tdec7eg3p|h|h2o|pa141|ttdcea
PLIPA2A160pp	1hdecg3p|h|h2o|hdca|pa160
PLIPA2A161pp	1hdec9eg3p|h|h2o|hdcea|pa161
PLIPA2A180pp	1odecg3p|h|h2o|ocdca|pa180
PLIPA2A181pp	1odec11eg3p|h|h2o|ocdcea|pa181
PLIPA2E120pp	1agpe120|ddca|h|h2o|pe120
PLIPA2E140pp	1agpe140|h|h2o|pe140|ttdca
PLIPA2E141pp	1agpe141|h|h2o|pe141|ttdcea
PLIPA2E160pp	1agpe160|h|h2o|hdca|pe160
PLIPA2E161pp	1agpe161|h|h2o|hdcea|pe161
PLIPA2E180pp	1agpe180|h|h2o|ocdca|pe180
PLIPA2E181pp	1agpe181|h|h2o|ocdcea|pe181
PLIPA2G120pp	1agpg120|ddca|h|h2o|pg120
PLIPA2G140pp	1agpg140|h|h2o|pg140|ttdca
PLIPA2G141pp	1agpg141|h|h2o|pg141|ttdcea
PLIPA2G160pp	1agpg160|h|h2o|hdca|pg160
PLIPA2G161pp	1agpg161|h|h2o|hdcea|pg161
PLIPA2G180pp	1agpg180|h|h2o|ocdca|pg180
PLIPA2G181pp	1agpg181|h|h2o|ocdcea|pg181
PMANM	man1p|man6p
PMDPHT	4r5au|5aprbu|h2o|pi
PMPK	2mahmp|4ampm|adp|atp
PNTK	4ppan|adp|atp|h|pnto-R
PNTOt4pp	na1|pnto-R
PNTOtex	pnto-R
POX	ac|co2|h2o|pyr|q8|q8h2
PPA	h|h2o|pi|ppi
PPA2	h|h2o|pi|ppi|pppi
PPALtex	ppal
PPALtpp	ppal
PPAt4pp	na1|ppa
PPAtex	ppa
PPBNGS	5aop|h|h2o|ppbng
PPC	co2|h|h2o|oaa|pep|pi
PPCDC	4ppcys|co2|h|pan4p
PPCK	adp|atp|co2|oaa|pep
PPGPPDP	gdp|h2o|ppgpp|ppi
PPIabcpp	adp|atp|h|h2o|pi|ppi
PPItex	ppi
PPK2r	adp|atp|ppi|pppi
PPKr	adp|atp|pi|ppi
PPM	r1p|r5p
PPM2	2dr1p|2dr5p
PPNCL2	4ppan|4ppcys|cmp|ctp|cys-L|h|ppi
PPND	34hpp|co2|nad|nadh|pphn
PPNDH	co2|h|h2o|phpyr|pphn
PPPGO	h2o|o2|ppp9|pppg9
PPPGO3	fum|ppp9|pppg9|succ
PPPNt2rpp	h|pppn
PPPNtex	pppn
PPS	amp|atp|h|h2o|pep|pi|pyr
PPTtex	ppt
PRAGSr	adp|atp|gar|gly|h|pi|pram
PRAIS	adp|air|atp|fpram|h|pi
PRAIi	2cpr5p|pran
PRAMPC	h2o|prbamp|prfp
PRASCS	25aics|5aizc|adp|asp-L|atp|h|pi
PRATPP	h|h2o|ppi|prbamp|prbatp
PRE2COC	cobalt2|copre2|dscl|h
PRFGS	adp|atp|fgam|fpram|gln-L|glu-L|h|h2o|pi
PRIt2ex	h|urate
PRIt2pp	h|urate
PRMICI	prfp|prlp
PROD2	1pyr5c|fad|fadh2|h|pro-L
PROGLYabcpp	adp|atp|h|h2o|pi|progly
PROGLYtex	progly
PROTRS	amp|atp|ppi|pro-L|protrna|trnapro
PROabcpp	adp|atp|h|h2o|pi|pro-L
PROt4pp	na1|pro-L
PROtex	pro-L
PRPPS	amp|atp|h|prpp|r5p
PSCLYStex	psclys
PSCVT	3psme|pep|pi|skm5p
PSD160	co2|h|pe160|ps160
PSD161	co2|h|pe161|ps161
PSERT	3php|akg|glu-L|pser-L
PSERtex	pser-L
PSP_L	h2o|pi|pser-L|ser-L
PSP_Lpp	h2o|pi|pser-L|ser-L
PSSA120	cdpdddecg|cmp|h|ps120|ser-L
PSSA140	cdpdtdecg|cmp|h|ps140|ser-L
PSSA141	cdpdtdec7eg|cmp|h|ps141|ser-L
PSSA160	cdpdhdecg|cmp|h|ps160|ser-L
PSSA161	cdpdhdec9eg|cmp|h|ps161|ser-L
PSSA180	cdpdodecg|cmp|h|ps180|ser-L
PSSA181	cdpdodec11eg|cmp|h|ps181|ser-L
PTA2	coa|pi|ppap|ppcoa
PTAr	accoa|actp|coa|pi
PTHRpp	h2o|pi|thr-L|thrp
PTPATi	atp|dpcoa|h|pan4p|ppi
PTRCORNt7pp	orn|ptrc
PTRCTA	4abutn|akg|glu-L|ptrc
PTRCabcpp	adp|atp|h|h2o|pi|ptrc
PTRCt2pp	h|ptrc
PTRCtex	ptrc
PUNP1	ade|adn|pi|r1p
PUNP2	2dr1p|ade|dad-2|pi
PUNP3	gsn|gua|pi|r1p
PUNP4	2dr1p|dgsn|gua|pi
PUNP5	hxan|ins|pi|r1p
PUNP6	2dr1p|din|hxan|pi
PYAM5PO	h2o|h2o2|nh4|o2|pyam5p|pydx5p
PYDAMK	adp|atp|h|pyam5p|pydam
PYDXK	adp|atp|h|pydx|pydx5p
PYDXNK	adp|atp|h|pdx5p|pydxn
PYDXPP	h2o|pi|pydx|pydx5p
PYK	adp|atp|h|pep|pyr
PYNP2r	pi|r1p|ura|uri
PYRt2rpp	h|pyr
PYRtex	pyr
QMO2	h|o2|o2s|q8|q8h2
QMO3	h|mql8|mqn8|o2|o2s
QULNS	dhap|h2o|iasp|pi|quln
R00896	akg|cys-L|glu-L|mercppyr
R01377	co2|pacald|phpyr
R01647	24dhh2ed|pyr|sucsal
R02536	h|h2o|nad|nadh|pac|pacald
R02695	4hoxpacd|4hphac|h|h2o|nad|nadh
R02697	4hoxpacd|4hphac|h|h2o|nadp|nadph
R02698	34dhpha|4hphac|h|h2o|nad|nadh|o2
R03303	34dhpha|5cm2hms|o2
R04132	24dhh2ed|2oh3d|h2o
R04134	2hh24dd|2oh3d
R04379	5c2oh3e|5cm2hm
R04380	2hh24dd|5c2oh3e|co2
R04418	5cm2hm|5cm2hms|h|h2o|nad|nadh
R04895	2hh24dd|4h2kpm|h2o
R05378	C06893|dhap|msa
R05659	2ins|C06891|h2o
R05661	C06892|C06893|adp|atp
R06897	24dhh2ed|2hh24dd|h2o
R08503	C06892|C16737
R08504	C06891|C16737|h2o
R1PK	adp|atp|h|r15bp|r1p
R5PP	h2o|pi|r5p|rib-D
R5PPpp	h2o|pi|r5p|rib-D
R5Ptex	r5p
RBFK	adp|atp|fmn|h|ribflv
RBFSa	4r5au|db4p|dmlz|h2o|pi
RBFSb	4r5au|dmlz|ribflv
RBK	adp|atp|h|r5p|rib-D
RBK_L1	adp|atp|h|rbl-L|ru5p-L
RBP4E	ru5p-L|xu5p-D
RHCCE	dhptd|hcys-L|rhcys
RIBabcpp	adp|atp|h|h2o|pi|rib-D
RIBtex	rib-D
RMI	rml|rmn
RMK	adp|atp|h|rml|rml1p
RMNtex	rmn
RMNtpp	h|rmn
RMPA	dhap|lald-L|rml1p
RNDR1	adp|dadp|h2o|trdox|trdrd
RNDR1b	adp|dadp|grxox|grxrd|h2o
RNDR2	dgdp|gdp|h2o|trdox|trdrd
RNDR2b	dgdp|gdp|grxox|grxrd|h2o
RNDR3	cdp|dcdp|h2o|trdox|trdrd
RNDR3b	cdp|dcdp|grxox|grxrd|h2o
RNDR4	dudp|h2o|trdox|trdrd|udp
RNDR4b	dudp|grxox|grxrd|h2o|udp
RNTR1c	atp|datp|fldox|fldrd|h2o
RNTR2c	dgtp|fldox|fldrd|gtp|h2o
RNTR3c	ctp|dctp|fldox|fldrd|h2o
RNTR4c	dutp|fldox|fldrd|h2o|utp
RPE	ru5p-D|xu5p-D
RPI	r5p|ru5p-D
RZ5PP	5prdmbz|h2o|pi|rdmbzi
S7PI	gmhep7p|s7p
SADH	co2|h|h2o|nh4|sucarg|sucorn
SADT2	aps|atp|gdp|gtp|h2o|pi|ppi|so4
SBTPD	f6p|h|nad|nadh|sbt6p
SBTptspp	pep|pyr|sbt-D|sbt6p
SBTtex	sbt-D
SDPDS	26dap-LL|h2o|sl26da|succ
SDPTA	akg|glu-L|sl26da|sl2a6o
SELCYSS	h|pi|sectrna|selnp|sertrna(sec)
SELNPS	amp|atp|h2o|pi|seln|selnp
SERAT	accoa|acser|coa|ser-L
SERD_D	nh4|pyr|ser-D
SERD_L	nh4|pyr|ser-L
SERTRS	amp|atp|ppi|ser-L|sertrna|trnaser
SERTRS2	amp|atp|ppi|ser-L|sertrna(sec)|trnasecys
SERt2rpp	h|ser-L
SERtex	ser-L
SFGTHi	Sfglutth|for|gthrd|h|h2o
SGDS	glu-L|h2o|succ|sucglu
SGSAD	h|h2o|nad|nadh|sucglu|sucgsa
SHCHCS2	2shchc|ichor|pyr|ssaltpp|thmpp
SHCHD2	dscl|h|nad|nadh|scl
SHCHF	fe2|h|scl|sheme
SHK3Dr	3dhsk|h|nadp|nadph|skm
SHKK	adp|atp|h|skm|skm5p
SHSL1	cys-L|cyst-L|h|succ|suchms
SKMtex	skm
SO2tex	so2
SO2tpp	so2
SO3tex	so3
SO4tex	so4
SPMDAT1	N1aspmd|accoa|coa|h|spmd
SPMDAT2	accoa|coa|h|n8aspmd|spmd
SPMDabcpp	adp|atp|h|h2o|pi|spmd
SPMDtex	spmd
SPMS	5mta|ametam|h|ptrc|spmd
SPODM	h|h2o2|o2|o2s
SPODMpp	h|h2o2|o2|o2s
SSALx	h|h2o|nad|nadh|succ|sucsal
SSALy	h|h2o|nadp|nadph|succ|sucsal
ST_biomass_core	10fthf|2ohph|adp|ala-L|amet|arg-L|asn-L|asp-L|atp|ca2|cl|coa|cobalt2|ctp|cu2|cys-L|datp|dctp|dgtp|dttp|fad|fe2|fe3|gln-L|glu-L|gly|gtp|h|h2o|his-L|ile-L|k|kdo2lipid4|leu-L|lys-L|met-L|mg2|mlthf|mn2|mobd|murein5px4p|nad|nadp|nh4|pe160|pe161|phe-L|pheme|pi|ppi|pro-L|pydx5p|ribflv|ser-L|sheme|so4|thf|thmpp|thr-L|trp-L|tyr-L|udcpdp|utp|val-L|zn2
SUCBZL	amp|atp|coa|ppi|sbzcoa|sucbz
SUCBZS	2shchc|h2o|sucbz
SUCCt2_2pp	h|succ
SUCCt2_3pp	h|succ
SUCCt3pp	h|succ
SUCCtex	succ
SUCDi	fum|q8|q8h2|succ
SUCFUMtpp	fum|succ
SUCOAS	adp|atp|coa|pi|succ|succoa
SUCRtex	sucr
SUCptspp	pep|pyr|suc6p|sucr
SULFACtex	sulfac
SULRi	h|h2o|h2s|nadp|nadph|so3
SULabcpp	adp|atp|h|h2o|pi|so4
T2DECAI	cdec3eACP|tdec2eACP
TAGURr	altrn|h|nad|nadh|tagur
TALA	e4p|f6p|g3p|s7p
TARTD	h2o|oaa|tartr-L
TARTRtex	tartr-L
TAURtex	taur
TCYNTtex	tcynt
TDECOAI	td2coa|tdecoa
TDP	h|h2o|pi|thmmp|thmpp
TDPGDH	dtdp4d6dg|dtdpglu|h2o
TDSK	adp|atp|h|lipidA|lipidAds
TDSR1	dsbcox|dsbcrd|dsbdox|dsbdrd
TDSR2	dsbdox|dsbdrd|dsbgox|dsbgrd
TGBPA	dhap|g3p|tagdp-D
THD2pp	h|nad|nadh|nadp|nadph
THDPS	coa|h2o|sl2a6o|succoa|thdp
THIORDXi	h2o|h2o2|trdox|trdrd
THMDt2pp	h|thymd
THMDt2rpp	h|thymd
THMDtex	thymd
THMtex	thm
THRA2i	acald|athr-L|gly
THRAi	acald|gly|thr-L
THRD	2aobut|h|nad|nadh|thr-L
THRD_L	2obut|nh4|thr-L
THRPtex	thrp
THRS	h2o|phom|pi|thr-L
THRTRS	amp|atp|ppi|thr-L|thrtrna|trnathr
THRabcpp	adp|atp|h|h2o|pi|thr-L
THRt2pp	h|thr-L
THRt2rpp	h|thr-L
THRtex	thr-L
THYMt3pp	h|thym
THYMtex	thym
THZPSN	4hba|4mpetz|ala-L|amp|atp|co2|cys-L|dxyl5p|h|h2o|ppi|tyr-L
TKT1	g3p|r5p|s7p|xu5p-D
TKT2	e4p|f6p|g3p|xu5p-D
TMAOR1	h|h2o|mql8|mqn8|tma|tmao
TMAOR2	2dmmq8|2dmmql8|h|h2o|tma|tmao
TMAOtex	tmao
TMAtex	tma
TMDK1	adp|atp|dtmp|h|thymd
TMDPP	2dr1p|pi|thym|thymd
TMDS	dhf|dtmp|dump|mlthf
TMK	adp|atp|h|thm|thmmp
TMPK	adp|atp|thmmp|thmpp
TMPPP	2mahmp|4mpetz|h|ppi|thmmp
TPI	dhap|g3p
TPRDCOAS	2tpr3dpcoa|ade|atp|dpcoa
TRDR	h|nadp|nadph|trdox|trdrd
TRE6PH	g6p|glc-D|h2o|tre6p
TREH	glc-D|h2o|tre
TREHpp	glc-D|h2o|tre
TREptspp	pep|pyr|tre|tre6p
TREtex	tre
TRPS1	3ig3p|g3p|h2o|ser-L|trp-L
TRPS2	h2o|indole|ser-L|trp-L
TRPS3	3ig3p|g3p|indole
TRPt2rpp	h|trp-L
TRPtex	trp-L
TRSARr	2h3oppan|glyc-R|h|nad|nadh
TSULabcpp	adp|atp|h|h2o|pi|tsul
TSULtex	tsul
TTDCAtexi	ttdca
TTDCEAtexi	ttdcea
TUNGSabcpp	adp|atp|h|h2o|pi|tungs
TUNGStex	tungs
TYMtex	tym
TYROXDApp	4hoxpacd|h2o|h2o2|nh4|o2|tym
TYRPpp	h2o|pi|tyr-L|tyrp
TYRPtex	tyrp
TYRTA	34hpp|akg|glu-L|tyr-L
TYRTRS	amp|atp|ppi|trnatyr|tyr-L|tyrtrna
TYRt2rpp	h|tyr-L
TYRtex	tyr-L
U23GAAT	3hmrsACP|ACP|h|u23ga|u3hga
UAAGDS	26dap-M|adp|atp|h|pi|uamag|ugmd
UACGAMtex	uacgam
UACMAMO	h|h2o|nad|nadh|uacmam|uacmamu
UAG2E	uacgam|uacmam
UAGAAT	3hmrsACP|ACP|u3aga|uacgam
UAGCVT	pep|pi|uaccg|uacgam
UAGDP	acgam1p|h|ppi|uacgam|utp
UAGPT3	h|uaagmda|uacgam|uagmda|udp
UAMAGS	adp|atp|glu-D|h|pi|uama|uamag
UAMAS	adp|ala-L|atp|h|pi|uama|uamr
UAPGR	h|nadp|nadph|uaccg|uamr
UDCPDP	h|h2o|pi|udcpdp|udcpp
UDCPDPS	frdp|ipdp|ppi|udcpdp
UDCPDPpp	h|h2o|pi|udcpdp|udcpp
UDCPPtppi	udcpp
UDPACGALtex	udpacgal
UDPG4E	udpg|udpgal
UDPGALtex	udpgal
UDPGDC	co2|nad|nadh|udpLa4o|udpglcur
UDPGLCURtex	udpglcur
UDPGtex	udpg
UDPKAAT	akg|glu-L|udpLa4n|udpLa4o
UGLT	g1p|gal1p|udpg|udpgal
UGLYCH	co2|glx|h|h2o|nh4|urdglyc
UGMDDS	adp|alaala|atp|h|pi|ugmd|ugmda
UHGADA	ac|h2o|u3aga|u3hga
ULA4NFT	10fthf|h|thf|udpLa4fn|udpLa4n
ULA4Ntppi	uLa4n
UM3PL	LalaDgluMdap|adp|atp|h|pi|uamr|ugmd
UM4PL	LalaDgluMdapDala|adp|atp|h|pi|uamr|um4p
UMPK	adp|atp|udp|ump
UMPtex	ump
UNK3	2kmb|akg|glu-L|met-L
UPLA4FNF	for|h2o|uLa4fn|uLa4n
UPLA4FNT	uLa4fn|udcpp|udp|udpLa4fn
UPP3MT	ahcys|amet|dscl|h|uppg3
UPP3S	h2o|hmbil|uppg3
UPPDC1	co2|cpppg3|h|uppg3
UPPRT	ppi|prpp|ump|ura
URAt2pp	h|ura
URAt2rpp	h|ura
URAtex	ura
URDGLYCD	h|nad|nadh|oxur|urdglyc
UREAtex	urea
UREAtpp	urea
URIC	alltn|co2|h2o|h2o2|o2|urate
URIDK2r	adp|atp|dudp|dump
URIH	h2o|rib-D|ura|uri
URIK2	gdp|gtp|h|ump|uri
URIt2pp	h|uri
URItex	uri
USHD	h|h2o|lipidX|u23ga|ump
VALTA	3mob|akg|glu-L|val-L
VALabcpp	adp|atp|h|h2o|pi|val-L
VALt2rpp	h|val-L
VALtex	val-L
VPAMT	3mob|ala-L|pyr|val-L
X5PL3E	ru5p-L|xu5p-L
XANt2pp	h|xan
XANtex	xan
XANtpp	xan
XMPtex	xmp
XPPT	ppi|prpp|xan|xmp
XTSNH	h2o|rib-D|xan|xtsn
XTSNt2rpp	h|xtsn
XTSNtex	xtsn
XYLI1	xyl-D|xylu-D
XYLI2	fru|glc-D
XYLK	adp|atp|h|xu5p-D|xylu-D
XYLK2	adp|atp|h|xu5p-L|xylu-L
XYLUt2pp	h|xylu-L
XYLUtex	xylu-L
XYLt2pp	h|xyl-D
XYLtex	xyl-D
ZN2t3pp	h|zn2
ZN2tpp	zn2
ZNabcpp	adp|atp|h|h2o|pi|zn2
Zn2tex	zn2
