2AGPEAT160	2agpe160|amp|atp|h|hdca|pe160|ppi
2AGPEAT180	2agpe180|amp|atp|h|ocdca|pe180|ppi
2LDA	3mob|co2|coa|ibutcoa|nad|nadh
2MACOAD	fad|fadh2|ibutcoa|macrycoa
2MBCOAD	2mb2ecoa|2mbcoa|fad|fadh2
3H2MBCOAD	2m3aacoa|3h2mbcoa|h|nad|nadh
3HBUTCOAH	3hbutcoa|crotcoa|h2o
3HBUTCOAR	3hbutcoa|aacoa|h|nad|nadh
3HIBUTCOAH	3hibut|3hibutcoa|coa|h|h2o
3HIBUTD	3hibut|h|nad|nadh|rmmsa
3MOPCOAL	2mbcoa|3mop|co2|coa|nad|nadh
4HBAt	4hba
4HTHRS	4hthr|h|h2o|phthr|pi
5DGLCNR	5dglcn|glcn|h|nadp|nadph
AACOAT	aacoa|accoa|coa
AACPS10	ACP|amp|atp|h|mocdca|mstrACP|ppi
AACPS11	4hbz|4hbzACP|ACP|amp|atp|h|ppi
AACPS3	ACP|amp|atp|h|hdca|palmACP|ppi
ABTA	4abut|akg|glu_L|sucsal
ACACCT	aacoa|ac|acac|accoa
ACALDi	acald|accoa|coa|h|nad|nadh
ACBIPGT	adocbip|agdpcbi|gtp|h|ppi
ACCC	chexccoa|co2|h|hexccoa
ACCOACr	accoa|adp|atp|h|hco3|malcoa|pi
ACChex	coa|h|h2o|hexc|hexccoa
ACGAMPM	acgam1p|acgam6p
ACGAMT	uacgam|udcpp|ump|unaga
ACGK	acg5p|acglu|adp|atp|h
ACGS	accoa|acglu|coa|glu_L|h
ACHBS	2ahbut|2obut|co2|h|pyr
ACKr	ac|actp|adp|atp|h
ACLS	alac_S|co2|h|pyr
ACN	h2o|m_aco|m_i_cit
ACOACAT	2m3aacoa|accoa|coa|ppcoa
ACODA	ac|acorn|h2o|orn
ACONT	cit|icit
ACOTA	acg5sa|acorn|akg|glu_L
ACP1_FMN_	fmn|h|h2o|pi|ribflv
ACPS1	ACP|apoACP|coa|pap
ACS	ac|accoa|amp|atp|coa|h|ppi
ACS2	amp|atp|coa|h|ppa|ppcoa|ppi
ACYP	ac|actp|h|h2o|pi
ACYSBMNt	acysbmn
ACtr	ac
ADA	adn|h|h2o|ins|nh4
ADCL	4abz|4adcho|h|pyr
ADCPS1	adcobhex|adocbi|adp|appl|atp|h|pi
ADCPS2	adcobhex|adocbip|adp|applp|atp|h|pi
ADCS	4adcho|chor|gln_L|glu_L
ADCYRS	adcobdam|adcobhex|adp|atp|gln_L|glu_L|h|h2o|pi
ADK1	adp|amp|atp
ADK2	adp|amp|h|ppi|pppi
ADK3	adp|amp|gdp|gtp
ADK4	adp|amp|idp|itp
ADMDCr	amet|ametam|co2|h
ADNCYC	atp|camp|ppi
ADNK1	adn|adp|amp|atp
ADNK3	adn|amp|gdp|gtp
ADNK4	adn|amp|dgdp|dgtp
ADOCBIK	adocbi|adocbip|adp|atp|h
ADOCBLS	adocbl|agdpcbi|gmp|rdmbzi
ADPT	ade|amp|ppi|prpp
ADSK	adp|aps|atp|paps
ADSL1r	amp|dcamp|fum
ADSL2r	25aics|aicar|fum
ADSS	asp_L|dcamp|gdp|gtp|h|imp|pi
AFE	agalfragund|arabinan|arabinanagalfragund|h2o
AFTA	agalfragund|decd_tb|decda_tb|galfragund
AGDC	ac|acgam6p|gam6p|h2o
AGMT	agm|h2o|ptrc|urea
AGPAT160	1hdecg3p|ACP|pa160|palmACP
AGPAT160190	1hdecg3p|ACP|mstrACP|pa160190
AGPAT190	1msg3p|ACP|mstrACP|pa190190
AGPR	acg5p|acg5sa|nadp|nadph|pi
AHC	adn|ahcys|h2o|hcys_L
AHCYSNS	ade|ahcys|h2o|rhcys
AHMMPS	4ahmmp|air|gcald|pi
AICART	10fthf|aicar|fprica|thf
AICART2	adp|aicar|atp|for|fprica|pi
AIRC2	5caiz|adp|air|atp|h|hco3|pi
AIRC3	5aizc|5caiz|h
AIRCr	5aizc|air|co2|h
AKGDb	coa|dhlam|sdhlam|succoa
ALAALAD	ala_D|alaala|h2o
ALAALAr	adp|ala_D|alaala|atp|h|pi
ALAD_L	ala_L|h|h2o|nad|nadh|nh4|pyr
ALAR	ala_D|ala_L
ALATA_L	akg|ala_L|glu_L|pyr
ALATRS	ala_L|alatrna|amp|atp|h|ppi|trnaala
ALAt2r	ala_L|h
ALCD1	acald|etoh|h|nad|nadh
ALCD2	acald|etoh|h|nadp|nadph
ALDD1	fald|for|h|h2o|nad|nadh
ALDD19x	h|h2o|nad|nadh|pac|pacald
ALDD2x	ac|acald|h|h2o|nad|nadh
AMAOTr	8aonn|amet|amob|dann
AMID4	ac|ad|h2o|nh4
AMMQT6	2dmmq6|ahcys|amet|h|mqn6
AMMQT8	2dmmql8|ahcys|amet|h|mql8
AMMQT8_2	2dmmq8|ahcys|amet|h|mqn8
AMPTASECG	cgly|cys_L|gly|h2o
ANPRT	anth|ppi|pran|prpp
ANS	anth|chor|gln_L|glu_L|h|pyr
AOXSr	8aonn|ala_L|co2|coa|h|pmcoa
APATr	ala_B|ala_L|msa|pyr
APRAUR	5aprbu|5apru|h|nadp|nadph
ARABF	arab_D|arabinan|h2o|mharab_D|tarab_D
ARABI	arab_D|rbl_D
ARACHTA	ACP|arachACP|arachcoa|coa
ARAI	arab_L|rbl_L
ARB_Dabc	adp|arab_D|atp|h|h2o|pi
ARBabc	adp|arab_L|atp|h|h2o|pi
ARBt2r	arab_L|h
ARGDC	agm|arg_L|co2|h
ARGDr	arg_L|citr_L|h2o|nh4
ARGSL	arg_L|argsuc|fum
ARGSS	amp|argsuc|asp_L|atp|citr_L|ppi
ARGt5r	arg_L
ARI	arpp|prpp
ASAD	4pasp|aspsa|nadp|nadph|pi
ASNN	asn_L|asp_L|h2o|nh4
ASNS1	amp|asn_L|asp_L|atp|gln_L|glu_L|h2o|ppi
ASNt2r	asn_L|h
ASP1DC	ala_B|asp_L|co2|h
ASPCT	asp_L|cbasp|cbp|h|pi
ASPK	4pasp|adp|asp_L|atp|h
ASPO1	asp_L|h2o|h2o2|nh4|o2|oaa
ASPO5	asp_L|fum|h|iasp|succ
ASPTA	akg|asp_L|glu_L|oaa
ASPt2r	asp_L|h
AST	arg_L|coa|h|sucarg|succoa
ATPOBJ	adp|atp|h|h2o|pi
ATPPRT	atp|ppi|prbatp|prpp
ATPS1	adp|atp|h|h2o|pi
ATPS4r	adp|atp|h|h2o|pi
BACCL	atp|btamp|btn|h|ppi
BALAt2r	ala_B|h
BCOA	ac|accoa|but|butcoa
BDH	acac|bhb|h|nad|nadh
BETALDHx	betald|glyb|h|h2o|nad|nadh
BMNMSHS	bmn|bmnmsh|h|msh
BMNt	bmn
BPNT	amp|h|h2o|pap|pi
BTS2	ala_L|amet|btn|cys_L|dad_2|dtbt|met_L
BTS3r	btn|dtbt|h2s|s
BUTCOAH	butcoa|crotcoa|h|nad|nadh
BUTtr	but
CAATPS	adp|atp|ca2|h|h2o|pi
CAT	h2o|h2o2|o2
CAt4	ca2|h
CBIAT	adocbi|atp|cbi|pppi
CBLAT	adocbl|atp|cbl1|pppi
CBPS	adp|atp|cbp|gln_L|glu_L|h|h2o|hco3|pi
CDAPPA160	cdpdhdecg|cmp|h2o|pa160
CDAPPA160190	cdpc16c19g|cmp|h2o|pa160190
CDAPPA190	cdpc19c19g|cmp|h2o|pa190190
CDB1AMER	ACP|behenicACP|c21lignocerACP|co2|h|h2o|malACP|nadp|nadph
CDB1MMER1	ACP|arachACP|c19behenACP|co2|h|h2o|malACP|nadp|nadph
CDB2AMER	ACP|c21C38oylACP|c21c37C40oylACP|co2|h|h2o|malACP|nadp|nadph
CDB2KMER1	ACP|c19C40oylACP|c19c39C42oylACP|co2|h|h2o|malACP|nadp|nadph
CDB2KMER2	ACP|c19C42oylACP|c19c41C44oylACP|co2|h|h2o|malACP|nadp|nadph
CDB2MMER1	ACP|c19C38oylACP|c19c37C40oylACP|co2|h|h2o|malACP|nadp|nadph
CDPMEK	2p4c2me|4c2me|adp|atp
CDPPT160	cdpdhdecg|cmp|inost|ptd1ino160
CDPPT160190	cdpc16c19g|cmp|inost|ptd1ino160190
CHLabc	adp|atp|chol|h|h2o|pi
CHOLD	betald|chol|h|nad|nadh
CHORM	chor|pphn
CHORS	3psme|chor|h|pi
CHRPL	4hbz|chor|pyr
CIGAMS	amp|atp|cigam|cys_L|igam|ppi
CITLr	ac|cit|oaa
CITabc	adp|atp|cit|h|h2o|pi
CLPNS160190	clpn160190|glyc|pg160190
CMCBTFL	cmcbtt|fcmcbtt|fe3
CMCBTFU	cmcbtt|fcmcbtt|fe3
CMLDC	2c25dho|5odhf2a|co2|h
CO2t	co2
COAt	coa
COBALTt5	cobalt2
COBB	adp|atp|gln_L|glu_L|h|h2o|hgbam|hgbyr|pi
COCHL	adp|atp|co2dam|cobalt2|h|h2o|hgbam|pi
CODH2r	co|co2|fdox|fdred|h|h2o
CODH3	adfdOX|adfdRD|co|co2|h|h2o
COt	co
CPC2MT	ahcys|amet|copre2|copre3|h
CPC3MT	ahcys|amet|copre3|copre4|h
CPC4MT	ahcys|amet|copre4|copre5
CPC6MT	ahcys|amet|co2|codhpre6|copre8|h
CPC6R	codhpre6|copre6|h|nadp|nadph
CPC8MM	cobya|copre8
CPPPGO	co2|cpppg3|h|h2o|o2|pppg9
CRNabc	adp|atp|crn|h|h2o|pi
CS	accoa|cit|coa|h|h2o|oaa
CTPS1	adp|atp|ctp|h|nh4|pi|utp
CTPS2	adp|atp|ctp|gln_L|glu_L|h|h2o|pi|utp
CY1AMER1	ahcys|amero1ACP|amet|c21c37C52oylACP|h
CY1AMER3	ahcys|amero3ACP|amet|c21c37C52oylACP|h
CY1KMER1	ahcys|amet|ckmero1ACP|h|kmero3ACP
CY1MMER1	ahcys|amet|c37C58oylACP|cmmero1ACP|h
CY2KMER1	ahcys|amet|h|k19c39C59oylACP|tkmero1ACP
CY2MMER1	ahcys|amet|c37C60oylACP|h|tmmero1ACP
CYANSTTHSFST	cyan|so3|tcynt|tsul
CYO1a	ficytc|focytc|h|q|qh2
CYO1b	ficytc|focytc|h|h2o|o2
CYRDAAT	adcobdam|atp|co1dam|pppi
CYRDAR	co1dam|co2dam|h|nad|nadh
CYSS	ac|acser|cys_L|h|h2s
CYSTGL	2obut|cys_L|cyst_L|h2o|nh4
CYSTL	cyst_L|h2o|hcys_L|nh4|pyr
CYSTS	cyst_L|h2o|hcys_L|ser_L
CYTBD	h|h2o|o2|q8|q8h2
CYTBD2	h|h2o|mql8|mqn8|o2
CYTD	cytd|h|h2o|nh4|uri
CYTDK2	cmp|cytd|gdp|gtp
CYTDt2r	cytd|h
CYTK1	adp|atp|cdp|cmp
CYTK2	adp|atp|dcdp|dcmp
Clt	cl
Cuabc	adp|atp|cu2|h|h2o|pi
Cut1	adp|atp|cu2|h|h2o|pi
DADA	dad_2|din|h|h2o|nh4
DADK	adp|atp|dadp|damp
DAGK160	12dgr160|adp|atp|pa160
DALAOX	ala_D|h2o|h2o2|nh4|o2|pyr
DALAt2r	ala_D|h
DAPDC	26dap_M|co2|h|lys_L
DAPE	26dap_LL|26dap_M
DASYN160	cdpdhdecg|ctp|pa160|ppi
DASYN160190	cdpc16c19g|ctp|pa160190|ppi
DASYN190190	cdpc19c19g|ctp|pa190190|ppi
DB4PS	db4p|for|h|ru5p_D
DBTSr	adp|atp|co2|dann|dtbt|h|pi
DCPDP	decd_tb|decdp_tb|h|h2o|pi
DCPDPP	decdpr_tb|decdr_tb|h|h2o|pi
DCPDPP2	decda_tb|decdpa_tb|h|h2o|pi
DCPDPS	decdp_tb|frdp|ipdp|ppi
DCPE	decda_tb|decdr_tb
DCPT	decd_tb|decdpr_tb|ppi|prpp
DCPT2	arpp|decd_tb|decdpa_tb|ppi
DCTPD	dctp|dutp|h|h2o|nh4
DCTPD2	ctp|h|h2o|nh4|utp
DCYTD	dcyt|duri|h|h2o|nh4
DDPA	2dda7p|e4p|h|h2o|pep|pi
DESAT16	h|h2o|hdcoa|nadp|nadph|o2|pmtcoa
DESAT18	h|h2o|nadp|nadph|o2|odecoa|stcoa
DGC3D	2dglcn|3ddgc|h|nad|nadh
DGK1	adp|atp|dgdp|dgmp
DHAD1	23dhmb|3mob|h2o
DHAD2	23dhmp|3mop|h2o
DHDPRy	23dhdp|h|nadp|nadph|thdp
DHDPS	23dhdp|aspsa|h|h2o|pyr
DHFR	dhf|h|nadp|nadph|thf
DHFS	adp|atp|dhf|dhpt|glu_L|h|pi
DHNAHT	2dmmq6|co2|dhna|h|hexdp|ppi
DHNAOT	2dmmq8|co2|dhna|h|octdp|ppi
DHNPA2	6hmhpt|dhnpt|gcald
DHORD2	dhor_S|orot|q8|q8h2
DHORD3	dhor_S|mql6|mqn6|orot
DHORD5	dhor_S|mql8|mqn8|orot
DHORTS	cbasp|dhor_S|h|h2o
DHPPDADHPPDA2	25dhpp25drapp|5apru|h|h2o|nh4
DHPS2FOLD3	4abz|6hmhptpp|dhpt|ppi
DHQD	3dhq|3dhsk|h2o
DHQS	2dda7p|3dhq|h|pi
DMATT	dmpp|grdp|ipdp|ppi
DMPPS	dmpp|h|h2mb4p|h2o|nad|nadh
DNMPPA	dhnpt|dhpmp|h|h2o|pi
DNTPPA	ahdt|dhpmp|h2o|ppi
DPCOAK	adp|atp|coa|dpcoa
DPPS	decdp|frdp|ipdp|ppi
DPR	2dhp|h|nadp|nadph|pant_R
DRPA	2dr5p|acald|g3p
DSERt2r	h|ser_D
DTMPK	adp|atp|dtdp|dtmp
DURIK1	adp|atp|dump|duri
DURIPP	2dr1p|duri|h|pi|ura
DUTPDP	dump|dutp|h2o|ppi
DXPRIi	2me4p|dxyl5p|h|nadp|nadph
DXPS	co2|dxyl5p|g3p|h|pyr
E4PD	4per|e4p|h|h2o|nad|nadh
ECHH_0	fdox|fdred|h|h2
ECOAH1	2mb2ecoa|3h2mbcoa|h2o
ECOAH2	3hibutcoa|h2o|macrycoa
EL1AMER	ACP|arachACP|behenicACP|co2|h|h2o|malACP|nad|nadh|nadp|nadph
EL1KMER1	ACP|c19C40oylACP|c19behenACP|co2|h|h2o|malACP|nad|nadh|nadp|nadph
EL1KMER2	ACP|c19C42oylACP|c19behenACP|co2|h|h2o|malACP|nad|nadh|nadp|nadph
EL1MMER1	ACP|c19C38oylACP|c19behenACP|co2|h|h2o|malACP|nad|nadh|nadp|nadph
EL2AMER	ACP|c21C38oylACP|c21lignocerACP|co2|h|h2o|malACP|nad|nadh|nadp|nadph
EL2KMER1	ACP|c19c39C42oylACP|c19c39C56oylACP|co2|h|h2o|malACP|nad|nadh|nadp|nadph
EL2KMER2	ACP|c19c41C44oylACP|c19c41C56oylACP|co2|h|h2o|malACP|nad|nadh|nadp|nadph
EL2MMER1	ACP|c19c37C40oylACP|c19c37C56oylACP|co2|h|h2o|malACP|nad|nadh|nadp|nadph
EL3AMER	ACP|c21c37C40oylACP|c21c37C52oylACP|co2|h|h2o|malACP|nad|nadh|nadp|nadph
EL3KMER1	ACP|c19c39C42oylACP|c19c39C58oylACP|co2|h|h2o|malACP|nad|nadh|nadp|nadph
EL3MMER1	ACP|c19c37C40oylACP|c19c37C58oylACP|co2|h|h2o|malACP|nad|nadh|nadp|nadph
ENO	2pg|h2o|pep
ENTCS	23dhba|amp|enter|h|seramp
ETHAt	etha
FACOAE140	coa|h|h2o|tdcoa|ttdca
FACOAE160	coa|h|h2o|hdca|pmtcoa
FACOAE180	coa|h|h2o|ocdca|stcoa
FACOAL140	amp|atp|coa|h|ppi|tdcoa|ttdca
FACOAL160	amp|atp|coa|h|hdca|pmtcoa|ppi
FACOAL161	amp|atp|coa|h|hdcea|hdcoa|ppi
FACOAL180	amp|atp|coa|h|ocdca|ppi|stcoa
FACOAL181	amp|atp|coa|h|ocdcea|odecoa|ppi
FACOAL200	amp|arach|arachcoa|atp|coa|ppi
FACOAL80	amp|atp|coa|h|occoa|octa|ppi
FACOALPHDCA	amp|atp|coa|h|phdca|phdcacoa|ppi
FACOALPREPH	amp|atp|coa|h|ppi|prephth|prephthcoa
FAH4	h|h2o|homtta|nadp|nadph|o2|omtta
FAMPL1	ACP|amero1ACP|amero1AMP|amp
FAMPL10	ACP|amp|mmero3ACP|mmero3AMP
FAMPL2	ACP|amero3ACP|amero3AMP|amp
FAMPL3	ACP|amp|cmmero1ACP|cmmero1AMP
FAMPL4	ACP|amp|tmmero1ACP|tmmero1AMP
FAMPL5	ACP|amp|kmero3ACP|kmero3AMP
FAMPL6	ACP|amp|ckmero1ACP|ckmero1AMP
FAMPL7	ACP|amp|tkmero1ACP|tkmero1AMP
FAMPL8	ACP|amp|kmero2ACP|kmero2AMP
FAMPL9	ACP|amp|mmero2ACP|mmero2AMP
FAO1	accoa|amp|atp|coa|fad|fadh2|h|h2o|nad|nadh|ppi|ttdca
FAO10	accoa|amp|atp|coa|fad|fadh2|h|h2o|nad|nadh|ocdcea|ppi
FAO11	accoa|amp|atp|coa|fad|fadh2|h|h2o|hdcea|nad|nadh|ppi
FAO2	accoa|amp|atp|coa|fad|fadh2|h|h2o|hdca|nad|nadh|ppi
FAO3	accoa|amp|atp|coa|fad|fadh2|h|h2o|nad|nadh|ocdca|ppi
FAO4	accoa|amp|atp|coa|fad|fadh2|h|h2o|hpdca|nad|nadh|ppcoa|ppi
FAS100	co2|coa|dca|h|h2o|malcoa|nadp|nadph|octa
FAS120	co2|coa|dca|ddca|h|h2o|malcoa|nadp|nadph
FAS140	co2|coa|ddca|h|h2o|malcoa|nadp|nadph|ttdca
FAS160	co2|coa|h|h2o|hdca|malcoa|nadp|nadph|ttdca
FAS161	co2|coa|h|h2o|hdcea|malcoa|nadp|nadph|o2|ttdca
FAS180	co2|coa|h|h2o|hdca|malcoa|nadp|nadph|ocdca
FAS181	co2|coa|h|h2o|hdca|malcoa|nadp|nadph|o2|ocdcea
FAS200	arach|co2|coa|h|h2o|malcoa|nadp|nadph|ocdca
FAS240_L	co2|coa|h|h2o|malcoa|nadp|nadph|ocdca|ttc
FAS260	co2|coa|h|h2o|hexc|malcoa|nadp|nadph|ttc
FAS80_L	accoa|co2|coa|h|h2o|malcoa|nadp|nadph|octa
FASPHDCA	4hbzACP|ACP|co2|h|h2o|malACP|nadp|nadph|phdcaACP
FASm1601	co2|coa|h|h2o|hdca|m1ocdca|mmcoa_S|nadp|nadph
FASm180	co2|coa|h|h2o|malcoa|mmcoa_S|mocdca|nadp|nadph|octa
FASm1801	co2|coa|dmarach|h|h2o|m1ocdca|mmcoa_S|nadp|nadph
FASm2001	co2|coa|dmarach|h|h2o|mmcoa_S|nadp|nadph|tmbhn
FASm2002	co2|coa|h|h2o|marach|mmcoa_S|nadp|nadph|ocdca
FASm220	arach|co2|coa|h|h2o|mbhn|mmcoa_S|nadp|nadph
FASm2201	co2|coa|h|h2o|mmcoa_S|nadp|nadph|tamlgnc|tmbhn
FASm2202	co2|coa|dmbhn|h|h2o|marach|mmcoa_S|nadp|nadph
FASm240	co2|coa|dmlgnc|h|h2o|mbhn|mmcoa_S|nadp|nadph
FASm2401	co2|coa|h|h2o|mmcoa_S|nadp|nadph|pmhexc|tamlgnc
FASm2402	co2|coa|dmbhn|h|h2o|mmcoa_S|nadp|nadph|tmlgnc
FASm260	co2|coa|dmlgnc|h|h2o|mmcoa_S|nadp|nadph|tmhexc
FASm2601	co2|coa|h|h2o|hmocta|mmcoa_S|nadp|nadph|pmhexc
FASm2602	co2|coa|h|h2o|mmcoa_S|nadp|nadph|tamhexc|tmlgnc
FASm280	co2|coa|h|h2o|mmcoa_S|nadp|nadph|tamocta|tmhexc
FASm2801	co2|coa|h|h2o|hmocta|hpmtria|mmcoa_S|nadp|nadph
FASm2802	co2|coa|h|h2o|mmcoa_S|nadp|nadph|pmocta|tamhexc
FASm300	co2|coa|h|h2o|hmtria|mmcoa_S|nadp|nadph|pmocta
FASm3001	co2|coa|h|h2o|hpmtria|mmcoa_S|nadp|nadph|omdtria
FASm320	co2|coa|h|h2o|hmtria|hpmdtria|mmcoa_S|nadp|nadph
FASm340	co2|coa|h|h2o|hpmdtria|mmcoa_S|nadp|nadph|omtta
FBA	dhap|fdp|g3p
FBP	f6p|fdp|h|h2o|pi
FCLPA	dhap|fc1p|lald_L
FCLT	fe2|h|pheme|ppp9
FCLT2	fmcbtt|h|mcbtt|pheme|ppp9
FCOAH2	coa|for|forcoa|h|h2o
FDH	co2|for|nad|nadh
FE2abc	adp|atp|fe2|h|h2o|pi
FE3Ri	fad|fadh2|fe2|fe3|h
FE3abc	adp|atp|fe3|h|h2o|pi
FETRANS	fe2|fmcbtt|mcbtt
FHL	co2|for|h|h2
FMETTRS	10fthf|fmettrna|h|mettrna|thf
FMNAT	atp|fad|fmn|ppi
FOLR2	dhf|fol|h|nadp|nadph
FOMETR	5fthf|h|h2o|methf
FORMCOAL	amp|atp|coa|for|forcoa|h|ppi
FRD2	fum|mql8|mqn8|succ
FRD3	2dmmq8|2dmmql8|fum|succ
FRD5	fum|mql6|mqn6|succ
FRDO2r	adfdOX|adfdRD|nadp|nadph
FRDO3r	adfdOX|adfdRD|nad|nadh
FRDOr	fdxox|fdxrd|h|nadp|nadph
FRDSUCD1i	fad|fadh2|fum|succ
FRRPPDIMAS	frrppdima|gdp|gdpfuc|rrppdima
FTHFCL	5fthf|adp|atp|methf|pi
FTHFD	10fthf|for|h|h2o|thf
FTHFL	10fthf|adp|atp|for|pi|thf
FUM	fum|h2o|mal_L
FUMt2r	fum|h
G16MTM1	PIM1|gdp|gdpmann|ptd1ino160190
G16MTM10	PIM5|PIM6|gdp|gdpmann
G16MTM2	Ac1PIM1|Ac1PIM2|gdp|gdpmann
G16MTM4	Ac1PIM2|Ac1PIM3|decd_tb|decdman1p_tb
G16MTM5	Ac1PIM3|Ac1PIM4|decd_tb|decdman1p_tb
G16MTM6	PIM1|PIM2|gdp|gdpmann
G16MTM7	PIM2|PIM3|gdp|gdpmann
G16MTM8	PIM3|PIM4|gdp|gdpmann
G16MTM9	PIM4|PIM5|gdp|gdpmann
G1PACT	accoa|acgam1p|coa|gam1p|h
G1PTT	dtdpglu|dttp|g1p|ppi
G1SATi	5aop|glu1sa
G3PAT160	1hdecg3p|ACP|glyc3p|palmACP
G3PAT190	1msg3p|ACP|glyc3p|mstrACP
G3PD1	dhap|glyc3p|h|nad|nadh
G5SADs	1pyr5c|glu5sa|h|h2o
G5SD	glu5p|glu5sa|nadp|nadph|pi
G5SD2	glu5p|glu5sa|nad|nadh|pi
G6PDH2	6pgl|g6p|h|nadp|nadph
GALFT	galfragund|h|h2o|ragund|udp|udpgalfur
GALKr	adp|atp|gal|gal1p
GALT	gal1p|ppi|udpgal|utp
GALUi	g1p|ppi|udpg|utp
GALt2	gal|h
GAPD	13dpg|g3p|nad|nadh|pi
GARFT	10fthf|fgam|gar|h|thf
GCALDt	gcald
GCC2	alpam|dhlam|mlthf|nh4|thf
GCCa	alpro|co2|gly|h|lpro
GCCb	alpro|dhlpro|mlthf|nh4|thf
GCCc	dhlpro|h|lpro|nad|nadh
GF6PTAr	f6p|gam6p|gln_L|glu_L
GFUCS	gdpddman|gdpfuc|h|nadp|nadph
GGLUCT2	5oxpro|ala_L|gluala
GHMT2	gly|h2o|mlthf|ser_L|thf
GK1	adp|atp|gdp|gmp
GLCP	g1p|glycogen|glycogenb|h|pi
GLCS1	adp|adpglc|glycogen|glycogenb
GLCabc	adp|atp|glc_D|h|h2o|pi
GLGC	adpglc|atp|g1p|ppi
GLNS	adp|atp|gln_L|glu_L|h|nh4|pi
GLNSP1	adp|atp|h|nh4|pi|uaaAgla|uaaAgtla
GLNSP2	adp|atp|h|nh4|pi|uaaGgla|uaaGgtla
GLNSP3	adp|atp|h|nh4|pi|uaagmda|uaagtmda
GLU5K	adp|atp|glu5p|glu_L|h
GLUCYS	adp|atp|cys_L|glu_L|glucys|h|pi
GLUDC	4abut|co2|glu_L|h
GLUDx	akg|glu_L|h|h2o|nad|nadh|nh4
GLUPRT	gln_L|glu_L|h2o|ppi|pram|prpp
GLUR	glu_D|glu_L
GLUSy	akg|gln_L|glu_L|h|nadp|nadph
GLUTRR	glu1sa|glutrna|h|nadp|nadph|trnaglu
GLUTRS	amp|atp|glu_L|glutrna|h|ppi|trnaglu
GLUt2r	glu_L|h
GLXO1	glx|h|h2o|nad|nadh|oxa
GLYBabc	adp|atp|glyb|h|h2o|pi
GLYC3Pabc	adp|atp|glyc3p|h|h2o|pi
GLYCK	3pg|adp|atp|glyc_R
GLYCL	co2|gly|mlthf|nad|nadh|nh4|thf
GLYCTO1	glx|glyclt|h2o2|o2
GLYCTO2	glx|glyclt|q8|q8h2
GLYCTO3	glx|glyclt|mql8|mqn8
GLYCTO4	2dmmq8|2dmmql8|glx|glyclt
GLYCt	glyc
GLYD	glx|gly|h|h2o|nad|nadh|nh4
GLYK	adp|atp|glyc|glyc3p
GLYt2r	gly|h
GMAND	gdpddman|gdpmann|h2o
GMPS2	amp|atp|gln_L|glu_L|gmp|h|h2o|ppi|xmp
GMT1	decd_tb|decdman1p_tb|gdp|gdpmann
GMT2	gdp|gdpmann|h|harab_D|mharab_D
GND	6pgc|co2|nadp|nadph|ru5p_D
GPDDA2	etha|g3pe|glyc3p|h2o
GRTT	frdp|grdp|ipdp|ppi
GSNK	adp|atp|gmp|gsn
GTHOr	gthox|gthrd|h|nadp|nadph
GTHRDt2	gthrd
GTHS	adp|atp|glucys|gly|gthrd|h|pi
GTMLT	ala_L|cgly|gluala|gthrd
GTPCI	ahdt|for|gtp|h|h2o
GTPCII	25dhpp25drapp|for|gtp|h|h2o|ppi
GTPDPK	amp|atp|gdptp|gtp
GTPH1	gmp|gtp|h|h2o|pi
GUACYC	35cgmp|gtp|ppi
GUAD	gua|h|h2o|nh4|xan
GUAPRT	gmp|gua|ppi|prpp
H2Ot	h2o
H2St1	h2s
H2td	h2
HAS	arab_D|decd_tb|decda_tb|harab_D
HCO3E	co2|h|h2o|hco3
HCO3T	hco3|na1
HCYSMT	ahcys|amet|h|hcys_L|met_L
HDCAt2	h|hdca
HEX1	adp|atp|g6p|glc_D
HEXDPS	frdp|hexdp|ipdp|ppi
HISTD	h|h2o|his_L|histd|nad|nadh
HISTP	h|h2o|hisp|histd|pi
HISt2r	h|his_L
HMBS	h2o|hmbil|nh4|ppbng
HMPK1	4ahmmp|4ampm|adp|atp
HMPK2	4ahmmp|4ampm|cdp|ctp
HMPK3	4ahmmp|4ampm|udp|utp
HMPK4	4ahmmp|4ampm|gdp|gtp
HOPNTAL	4h2opntn|acald|pyr
HPDCAt2	h|hpdca
HPPK	6hmhpt|6hmhptpp|amp|atp
HSDx	aspsa|h|hom_L|nad|nadh
HSDy	aspsa|h|hom_L|nadp|nadph
HSERTA	accoa|achms|coa|hom_L
HSK	adp|atp|hom_L|phom
HSST	coa|hom_L|succoa|suchms
HSTPT	akg|glu_L|hisp|imacp
HXPRT	hxan|imp|ppi|prpp
IACGAMS	acgam|h|iacgam|mi1p_D|pi
ICDHy	akg|co2|icit|nadp|nadph
ICHORSi	chor|ichor
ICL	glx|icit|succ
ID3ACALDt	id3acald
IG3PS	aicar|eig3p|gln_L|glu_L|h|prlp
IGAMD	ac|h2o|iacgam|igam
IGPDH	eig3p|h2o|imacp
IGPS	2cpr5p|3ig3p|co2|h|h2o
ILETA	3mop|akg|glu_L|ile_L
ILEt2r	h|ile_L
IMPC	fprica|h2o|imp
IMPD	h|h2o|imp|nad|nadh|xmp
INDPYRD	co2|h|id3acald|indpyr
INSH	h2o|hxan|ins|rib_D
INSK	adp|atp|imp|ins
IPDDI	dmpp|ipdp
IPDPS	h|h2mb4p|h2o|ipdp|nad|nadh
IPMD	3c2hmp|3c4mop|h|nad|nadh
IPPMIa	2ippm|3c2hmp|h2o
IPPMIb	2ippm|3c3hmp|h2o
IPPS	3c3hmp|3mob|accoa|coa|h|h2o
ISOKMER2	ahcys|amet|h|k19c41C57oylACP|kmero2ACP
ISOMMER2	ahcys|amet|c41C58oylACP|h|mmero2ACP
KARA1i	23dhmb|alac_S|h|nadp|nadph
KARA2i	23dhmp|2ahbut|h|nadp|nadph
KET1KMER1	ahcys|amet|c19c39C56oylACP|c39C57oylACP|h|h2o
KET1KMER2	ahcys|amet|c19c41C56oylACP|c41C57oylACP|h|h2o
KET2KMER1	c39C57oylACP|h|kmero3ACP|nad|nadh
KET2KMER2	c41C57oylACP|h|k19c41C57oylACP|nad|nadh
KET3KMER1	ahcys|amet|c19c39C58oylACP|c39C59oylACP|h|h2o
KET4KMER1	c39C59oylACP|h|k19c39C59oylACP|nad|nadh
Kabc	adp|atp|h|h2o|k|pi
Kt3r	h|k
LACZ	gal|glc_D|h2o|lcts
LCTSabc	adp|atp|h|h2o|lcts|pi
LDH_L	h|lac_L|nad|nadh|pyr
LEUTA	4mop|akg|glu_L|leu_L
LEUt2r	h|leu_L
LO	ac|co2|h2o|lac_L|o2
LPLIPAL2E160	2agpe160|g3pe|h|h2o|hdca
LPLIPAL2E180	2agpe180|g3pe|h|h2o|ocdca
LYSt5r	lys_L
L_LACD	ficytc|focytc|h|lac_L|pyr
L_LACD2	lac_L|pyr|q8|q8h2
L_LACD3	lac_L|mql8|mqn8|pyr
L_LACt2r	h|lac_L
L_LACt3	h|lac_L
MALS	accoa|coa|glx|h|h2o|mal_L
MALT	glc_D|h2o|malt
MALTHPabc	adp|atp|h|h2o|malthp|pi
MALTabc	adp|atp|h|h2o|malt|pi
MALt2r	h|mal_L
MAN1PT	gdpmann|gtp|man1p|ppi
MAN1PT2	gdp|gdpmann|h|man1p|pi
MAN6PI	f6p|man6p
MANAT1	Ac1PIM1|PIM1|coa|pmtcoa
MANAT2	Ac1PIM2|PIM2|coa|pmtcoa
MANAT3	Ac1PIM2|Ac2PIM2|coa|pmtcoa
MCBTS	adp|atp|bhb|co2|coa|h|h2o|lys_L|mcbts|o2|odecoa|pi|salc|thr_L
MCBTS2	adp|atp|bhb|co2|coa|h|h2o|lys_L|mcbtt|o2|odecoa|pi|salc|ser_L
MCBTS3	adp|atp|bhb|cmcbtt|co2|coa|h|h2o|lys_L|nadp|nadph|o2|occoa|pi|salc|ser_L
MCD	accoa|co2|h|malcoa
MCID	h2o|m_aco|m_cit
MCL	m_i_cit|pyr|succ
MCOATA	ACP|coa|malACP|malcoa
MCS	coa|h|h2o|m_cit|oaa|ppcoa
MDFDH	h|mshfald|mshfaldox|nad|nadh
MDH	h|mal_L|nad|nadh|oaa
ME1	co2|mal_L|nad|nadh|pyr
MECDPDH	2mecdp|h|h2mb4p|h2o
MECDPS	2mecdp|2p4c2me|cmp
MEOHt2	meoh
MEPCT	2me4p|4c2me|ctp|ppi
MET1MMER1	ahcys|amet|c19c37C56oylACP|c37C57oylACP|h|h2o
MET2MMER1	ahcys|amet|c37C57oylACP|c37C58oylACP|h
MET2MMER2	ahcys|amet|c41C57oylACP|c41C58oylACP|h
MET2MMER3	ahcys|amet|c39C57oylACP|h|mmero3ACP
MET3MMER1	ahcys|amet|c19c37C58oylACP|c37C59oylACP|h|h2o
MET4MMER1	ahcys|amet|c37C59oylACP|c37C60oylACP|h
METAT	amet|atp|h2o|met_L|pi|ppi
METOX1s	h2o|h2o2|met_L|metsox_S_L
METOX2s	h2o|h2o2|met_L|metsox_R_L
METSMHPGLUT_b	5mthf|hcys_L|met_L|thf
METSOXR1	h2o|met_L|metsox_S_L|trdox|trdrd
METSOXR2	h2o|met_L|metsox_R_L|trdox|trdrd
METabc	adp|atp|h|h2o|met_L|pi
MGt	adp|atp|h|h2o|mg2|pi
MGt5	mg2
MHPGLUT	hcys_L|hpglu|met_L|mhpglu
MI1PP	h|h2o|inost|mi1p_D|pi
MI1PS	g6p|mi1p_D
MI3PP	h|h2o|inost|mi3p_D|pi
MI4PP	h|h2o|inost|mi4p_D|pi
MMCD	co2|h|mmcoa_S|ppcoa
MME	mmcoa_R|mmcoa_S
MMM2r	mmcoa_R|succoa
MMSAD1	2mop|co2|coa|nad|nadh|ppcoa
MMSAD2	coa|h|nad|nadh|ppal|ppcoa
MMSAD3	accoa|co2|coa|msa|nad|nadh
MMSAD4	co2|coa|nad|nadh|ppcoa|rmmsa
MN6PP	h|h2o|man|man6p|pi
MNDNS1	dhna|h|h2o|mndn|nadp|nadph
MNDNS2	dhna|h|h2o|mndn|nad|nadh
MOHMT	2dhp|3mob|h2o|mlthf|thf
MOTH	h2o|maltpt|motre|tre
MOTS	malthp|motre
MPML	adp|atp|h|h2o|mg2|mppp9|pi|ppp9
MSHAMID	acysbmn|bmnmsh|h2o|igam
MSHOXH	for|h|h2o|msh|mshfaldox
MSHS	accoa|cigam|coa|h|msh
MTAN	5mta|5mtr|ade|h2o
MTHFB12D	5mthf|hcys_L|met_L|thf
MTHFC	10fthf|h|h2o|methf
MTHFD	methf|mlthf|nadp|nadph
MTHFD2	methf|mlthf|nad|nadh
MTHFR2	5mthf|h|mlthf|nad|nadh
MTI	malt|tre
MYCFLUX1	a1mycolate|rmyc
MYCFLUX10	k3mycolate|rmyc
MYCFLUX2	a3mycolate|rmyc
MYCFLUX3	cm1mycolate|rmyc
MYCFLUX4	rmyc|tm1mycolate
MYCFLUX5	m2mycolate|rmyc
MYCFLUX6	m3mycolate|rmyc
MYCFLUX7	ck1mycolate|rmyc
MYCFLUX8	rmyc|tk1mycolate
MYCFLUX9	k2mycolate|rmyc
MYCON1	a1mycolate|amero1AMP|amp|chexccoa|co2|coa|h|h2o
MYCON10	amp|chexccoa|co2|coa|h|h2o|k3mycolate|kmero3AMP
MYCON2	a3mycolate|amero3AMP|amp|chexccoa|co2|coa|h|h2o
MYCON3	amp|chexccoa|cm1mycolate|cmmero1AMP|co2|coa|h|h2o
MYCON4	amp|chexccoa|co2|coa|h|h2o|tm1mycolate|tmmero1AMP
MYCON5	amp|chexccoa|co2|coa|h|h2o|m2mycolate|mmero2AMP
MYCON6	amp|chexccoa|co2|coa|h|h2o|m3mycolate|mmero3AMP
MYCON7	amp|chexccoa|ck1mycolate|ckmero1AMP|co2|coa|h|h2o
MYCON8	amp|chexccoa|co2|coa|h|h2o|tk1mycolate|tkmero1AMP
MYCON9	amp|chexccoa|co2|coa|h|h2o|k2mycolate|kmero2AMP
MYCTR	h|msh|mssg|nadp|nadph
MYCTR2	gthox|gthrd|msh|mssg
NADH10	h|mql8|mqn8|nad|nadh
NADH2r	h|nad|nadh|q|qh2
NADH5	h|nad|nadh|q8|q8h2
NADH9	2dmmq8|2dmmql8|h|nad|nadh
NADK	adp|atp|nad|nadp
NADS2	amp|atp|dnad|gln_L|glu_L|h2o|nad|ppi
NADTRHD	nad|nadh|nadp|nadph
NAKtr	k|na1
NAPRTr	h|nac|nicrnt|ppi|prpp
NARK	no2
NAt3_1	h|na1
NDPK1	adp|atp|gdp|gtp
NDPK2	adp|atp|udp|utp
NDPK3	adp|atp|cdp|ctp
NDPK4	adp|atp|dtdp|dttp
NDPK5	adp|atp|dgdp|dgtp
NDPK6	adp|atp|dudp|dutp
NDPK7	adp|atp|dcdp|dctp
NDPK8	adp|atp|dadp|datp
NDPK9	adp|atp|idp|itp
NH4OHDs	h|h2o|nh4|nh4oh
NH4t	nh4
NNAM	h2o|nac|ncam|nh4
NNAT	atp|dnad|nicrnt|ppi
NNDMBRT	5prdmbz|dmbzid|h|nac|nicrnt
NNDPR	co2|h|nicrnt|ppi|prpp|quln
NO	h|no|no3|o2s
NO3R1	h|h2o|no2|no3|q8|q8h2
NO3R2	h|h2o|mql8|mqn8|no2|no3
NO3t7	no2|no3
NOt	no
NPHS	coa|dhna|sbzcoa
NTD1	dump|duri|h|h2o|pi
NTD10	h|h2o|pi|xmp|xtsn
NTD11	h|h2o|imp|ins|pi
NTD2	h|h2o|pi|ump|uri
NTD3	dcmp|dcyt|h|h2o|pi
NTD4	cmp|cytd|h|h2o|pi
NTD5	dtmp|h|h2o|pi|thymd
NTD6	dad_2|damp|h|h2o|pi
NTD7	adn|amp|h|h2o|pi
NTD8	dgmp|dgsn|h|h2o|pi
NTD9	gmp|gsn|h|h2o|pi
NTPP2	gmp|gtp|h2o|ppi
NTPP3	dcmp|dctp|h2o|ppi
NTPP4	cmp|ctp|h2o|ppi
NTPP5	damp|datp|h2o|ppi
NTPP7	dtmp|dttp|h2o|ppi
NTPP8	h2o|ppi|ump|utp
NTPTP1	dgsn|dgtp|h|h2o|pppi
NTPTP2	gsn|gtp|h|h2o|pppi
NTRIR2x	h|h2o|nad|nadh|nh4|no2
NTRIRy	h|h2o|nadp|nadph|nh4|no2
O16RHAT	dtdp|dtdprmn|ragund|unaga
O2t	o2
OCBT	cbp|citr_L|h|orn|pi
OCDCAt2	h|ocdca
OCOAT1r	aacoa|acac|succ|succoa
OCTDPS	frdp|ipdp|octdp|ppi
OHPBAT	akg|glu_L|ohpb|phthr
OMCDC	3c4mop|4mop|co2|h
OMPDC	co2|h|orot5p|ump
OPAH	5oxpro|adp|atp|glu_L|h|h2o|pi
ORNTA	akg|glu5sa|glu_L|orn
ORNTAC	acglu|acorn|glu_L|orn
ORNt	orn
ORPT	orot|orot5p|ppi|prpp
OXACOAL	amp|atp|coa|h|oxa|oxalcoa|ppi
OXCDC	co2|forcoa|h|oxalcoa
OXGDC	akg|co2|h|sucsal
OXGDC2	akg|co2|h|ssaltpp|thmpp
P5CD	1pyr5c|glu_L|h|h2o|nad|nadh
P5CR	1pyr5c|h|nadp|nadph|pro_L
P5CRx	1pyr5c|h|nad|nadh|pro_L
PACt2r	h|pac
PANTS	ala_B|amp|atp|pant_R|pnto_R|ppi
PAPA160	12dgr160|h|h2o|pa160|pi
PAPPT1	uAgla|uaAgla|udcpp|ump
PAPPT2	uGgla|uaGgla|udcpp|ump
PAPPT3	uagmda|udcpp|ugmda|ump
PAPR	pap|paps|so3|trdox|trdrd
PATS	h|h2o|ocdca|pat|tmlgnc|tre
PC	adp|atp|h|hco3|oaa|pi|pyr
PC11M	ahcys|amet|h|pre4|pre5
PC17M	ahcys|amet|h|pre3b|pre4
PC20M	ahcys|amet|dscl|h|pre3a
PC6AR	h|nadp|nadph|pre6a|pre6b
PC6YM	ahcys|amet|co2|h|pre6b|pre8
PC8XM	h|hgbyr|pre8
PDE1	amp|camp|h2o
PDE4	35cgmp|gmp|h2o
PDH	accoa|co2|coa|nad|nadh|pyr
PDHa	adhlam|co2|h|lpam|pyr
PDHbr	accoa|adhlam|coa|dhlam
PDHc	dhlam|h|lpam|nad|nadh
PDIMAS	h|h2o|pdima|phthiocerol|tamocta
PDIMAT	pdima
PDX5PO	h2o2|o2|pdx5p|pydx5p
PEAMNO	h2o|h2o2|nh4|o2|pacald|peamn
PEPCK_re	co2|gdp|gtp|h|oaa|pep
PERD	4per|h|nad|nadh|ohpb
PFK	adp|atp|f6p|fdp
PFL	accoa|coa|for|pyr
PGAMT	gam1p|gam6p
PGCD	3pg|3php|h|nad|nadh
PGI	f6p|g6p
PGK	13dpg|3pg|adp|atp|h
PGL	6pgc|6pgl|h|h2o
PGLS	ahcys|amet|frrppdima|h|mfrrppdima
PGLYCP	2pglyc|glyclt|h|h2o|pi
PGM	2pg|3pg
PGMT	g1p|g6p
PGPP160	h|h2o|pg160|pgp160|pi
PGPP160190	h|h2o|pg160190|pgp160190|pi
PGPP190	h|h2o|pg190|pgp190|pi
PGPPT3	udcpp|ugggmda|uggmda|ump
PGSA160	cdpdhdecg|cmp|glyc3p|pgp160
PGSA160190	cdpc16c19g|cmp|glyc3p|pgp160190
PGSA190	cdpc19c19g|cmp|glyc3p|pgp190
PHDCATA	ACP|coa|phdcaACP|phdcacoa
PHDCAt	phdca
PHETA1	akg|glu_L|phe_L|phpyr
PHEt2r	h|phe_L
PHTHCLR1	h|nad|nadh|phthcl|phthclh2
PHTHCLR2	h|nadp|nadph|phthcl|phthclh2
PHTHCLS	h2o|mndn|nadp|nadph|o2|phthcl
PHTHDLS	co2|h|phthdl|prephth
PHTHDLS2	co2|h|pphthdl|prepphth
PHTHS	ahcys|amet|nadp|nadph|phthdl|phthiocerol
PHTHS2	ahcys|amet|nadp|nadph|pphthdl|pphthiocerol
PHTO	h|o2|o2s|phthcl|phthclh2
PHYCBOXL	co2|h|peamn|phe_L
PIabc	adp|atp|h|h2o|pi
PIt	pi
PLCD	12dgr160|h2o|mi1p_D|ptd1ino160
PLIPA1E160	2agpe160|h|h2o|hdca|pe160
PLIPA1E180	2agpe180|h|h2o|ocdca|pe180
PMANM	man1p|man6p
PMDPHT	4r5au|5aprbu|h|h2o|pi
PMPK	2mahmp|4ampm|adp|atp
PNCDC	co2|h|ptcys|ptth
PNTK	4ppan|adp|atp|pnto_R
PPA	h|h2o|pi|ppi
PPAtr	ppa
PPBNGS	5aop|h|h2o|ppbng
PPCDC	4ppcys|co2|h|pan4p
PPCKr	adp|atp|co2|h|oaa|pep
PPCOAC	adp|atp|h|hco3|mmcoa_S|pi|ppcoa
PPCSCT	ppa|ppcoa|succ|succoa
PPDIMAS	h|h2o|ppdima|pphthiocerol|tamocta
PPDIMAT	ppdima
PPDK	amp|atp|h|pep|pi|ppi|pyr
PPGKr	g6p|glc_D|h|ppi|pppi
PPK2	adp|atp|h|ppi|pppi
PPMMS1	a1mycolate|a1mycolateppm|h|h2o|ppm
PPMMS10	h|h2o|k3mycolate|k3mycolateppm|ppm
PPMMS2	a3mycolate|a3mycolateppm|h|h2o|ppm
PPMMS3	cm1mycolate|cm1mycolateppm|h|h2o|ppm
PPMMS4	h|h2o|ppm|tm1mycolate|tm1mycolateppm
PPMMS5	h|h2o|m2mycolate|m2mycolateppm|ppm
PPMMS6	h|h2o|m3mycolate|m3mycolateppm|ppm
PPMMS7	ck1mycolate|ck1mycolateppm|h|h2o|ppm
PPMMS8	h|h2o|ppm|tk1mycolate|tk1mycolateppm
PPMMS9	h|h2o|k2mycolate|k2mycolateppm|ppm
PPMS	dmpp|gdp|gdpmann|ppm
PPNCL	4ppan|4ppcys|cdp|ctp|cys_L|h|pi
PPNCL2	4ppan|4ppcys|cmp|ctp|cys_L|ppi
PPNCL3	4ppan|4ppcys|amp|atp|cys_L|ppi
PPND	34hpp|co2|nad|nadh|pphn
PPNDH	co2|h|h2o|phpyr|pphn
PPPGO	h2o|o2|ppp9|pppg9
PPTGS	peptido_EC|uaagmda|udcpdp
PPTGS_TB1	h|peptido_TB1|uaaAgla|udcpdp
PPTGS_TB2	h|peptido_TB2|uaaGgla|udcpdp
PRAGSr	adp|atp|gar|gly|h|pi|pram
PRAIS	adp|air|atp|fpram|h|pi
PRAIi	2cpr5p|pran
PRAMPC	h2o|prbamp|prfp
PRASCS	25aics|5aizc|adp|asp_L|atp|h|pi
PRATPP	h2o|ppi|prbamp|prbatp
PRDX	fald|h2o|h2o2|meoh
PRE3A	o2|pre3a|pre3b
PRE5	ac|ahcys|amet|h|h2o|pre5|pre6a
PREPHACPH	ACP|h|h2o|prephth|prephthACP
PREPPACPH	ACP|h|h2o|prepphth|prepphthACP
PREPTHS	arachACP|co2|coa|h|h2o|malcoa|mmcoa_S|nadp|nadph|prephthACP
PREPTHS2	co2|coa|h|h2o|malcoa|mmcoa_S|nadp|nadph|phdcaACP|prepphthACP
PREPTTA	ACP|coa|prephthACP|prephthcoa
PRFGS	adp|atp|fgam|fpram|gln_L|glu_L|h|h2o|pi
PRMICIi	prfp|prlp
PROD2	1pyr5c|fad|fadh2|pro_L
PROPP	adp|atp|h|ppa|ppap
PROabc	adp|atp|h|h2o|pi|pro_L
PROt2r	h|pro_L
PRPPS	amp|atp|prpp|r5p
PSCVT	3psme|h|pep|pi|skm5p
PSD160	co2|h|pe160|ps160
PSD180	co2|h|pe180|ps180
PSERT	3php|akg|glu_L|pser_L
PSP_L	h|h2o|pi|pser_L|ser_L
PSSA160	cdpdhdecg|cmp|h|ps160|ser_L
PSSA180	cdpdodecg|cmp|h|ps180|ser_L
PTAr	accoa|actp|coa|h|pi
PTAr_ppa	coa|h|pi|ppap|ppcoa
PTPATi	atp|dpcoa|pan4p|ppi
PUNP1	ade|adn|h|pi|r1p
PUNP2	2dr1p|ade|dad_2|h|pi
PUNP3	gsn|gua|h|pi|r1p
PUNP4	2dr1p|dgsn|gua|h|pi
PUNP5	h|hxan|ins|pi|r1p
PUNP6	2dr1p|din|h|hxan|pi
PUNP7	h|pi|r1p|xan|xtsn
PYAM5PO	h2o|h2o2|nh4|o2|pyam5p|pydx5p
PYDXNO	h2o2|o2|pydx|pydxn
PYDXO	h2o|h2o2|nh4|o2|pydam|pydx
PYK	adp|atp|pep|pyr
PYRDC	acald|co2|h|pyr
PYRt2r	h|pyr
QRr	h|nadp|nadph|q|qh2
QULNS	dhap|h|h2o|iasp|pi|quln
RBFK	adp|atp|fmn|ribflv
RBFSa	4r5au|db4p|dmlz|h|h2o|pi
RBFSb	4r5au|dmlz|ribflv
RBK	adp|atp|r5p|rib_D
RBK_Dr	adp|atp|rbl_D|ru5p_D
RBK_L1r	adp|atp|rbl_L|ru5p_L
RIBRB12	adp|dadp|h2o|trdox|trdrd
RIBabc	adp|atp|h|h2o|pi|rib_D
RNDR1	adp|dadp|h2o|trdox|trdrd
RNDR2	dgdp|gdp|h2o|trdox|trdrd
RNDR3	cdp|dcdp|h2o|trdox|trdrd
RNDR4	dudp|h2o|trdox|trdrd|udp
RNDR5B12	dudp|h2o|trdox|trdrd|udp
RNTR4b	dutp|h2o|trdox|trdrd|utp
RPE	ru5p_D|xu5p_D
RPI	r5p|ru5p_D
RPPDIMAS	dtdp|dtdprmn|ppdima|rppdima
RRPPDIMAS	dtdp|dtdprmn|rppdima|rrppdima
RZ5PP	5prdmbz|h|h2o|pi|rdmbzi
SADH	co2|h|h2o|nh4|sucarg|sucorn
SADT	aps|atp|h|ppi|so4
SADT2	aps|atp|gdp|gtp|h2o|pi|ppi|so4
SALCS	chor|pyr|salc
SDPDS	26dap_LL|h2o|sl26da|succ
SDPTA	akg|glu_L|sl26da|sl2a6o
SELCYSLY	ala_L|dtt|dttOX|selcys|seln
SERAT	accoa|acser|coa|ser_L
SERD_D	nh4|pyr|ser_D
SERD_L	nh4|pyr|ser_L
SERt2r	h|ser_L
SGDS	glu_L|h2o|succ|sucglu
SGSAD	h|h2o|nad|nadh|sucglu|sucgsa
SHCHCS	2shchc|ichor|pyr|sucsal
SHCHCS2	2shchc|ichor|pyr|ssaltpp|thmpp
SHCHD2	dscl|h|nad|nadh|scl
SHCHF	fe2|h|scl|sheme
SHCHF2	fe2|h|scl2|sheme
SHCHF3	fmcbtt|h|mcbtt|scl|sheme
SHK3Dr	3dhsk|h|nadp|nadph|skm
SHKK	adp|atp|skm|skm5p
SHSL1r	cys_L|cyst_L|h|succ|suchms
SHSL4r	2obut|h|h2o|nh4|succ|suchms
SKMt2	h|skm
SOTA	akg|glu_L|sucgsa|sucorn
SPMS	5mta|ametam|h|ptrc|spmd
SPODM	h2o2|o2|o2s
SSALx	h|h2o|nad|nadh|succ|sucsal
SSALy	h|h2o|nadp|nadph|succ|sucsal
SUCBZL	amp|atp|coa|h|ppi|sbzcoa|sucbz
SUCBZS	2shchc|h2o|sucbz
SUCCt2r	h|succ
SUCOAS	adp|atp|coa|pi|succ|succoa
SULR	h|h2o|h2s|nadp|nadph|so3
SULabc	adp|atp|h|h2o|pi|so4
TALA	e4p|f6p|g3p|s7p
TARTD	h2o|oaa|tartr_L
TARTRt7	succ|tartr_L
TAS	arab_D|decd_tb|decda_tb|tarab_D
TATS	h|h2o|hdca|hpmtria|omtta|tat|tre
TATSO	h|h2o|hdca|hpmtria|omtta|sl1|tres
TDMS1	a1tmm|cm1tmm|tdm1|tre
TDMS2	a1tmm|tdm2|tm1tmm|tre
TDMS3	a1tmm|ck1tmm|tdm3|tre
TDMS4	a1tmm|tdm4|tk1tmm|tre
TDPDRE	dtdp4d6dg|dtdp4d6dm
TDPDRR	dtdp4d6dm|dtdprmn|h|nadp|nadph
TDPGDH	dtdp4d6dg|dtdpglu|h2o
THDPS	coa|h2o|sl2a6o|succoa|thdp
THFGLUS	adp|atp|glu_L|h|pi|thf|thfglu
THMDP	h|h2o|pi|thm|thmpp
THRD_Lr	2obut|nh4|thr_L
THRS	h|h2o|phom|pi|thr_L
THRt2r	h|thr_L
THZPSN	4hba|4mpetz|ala_L|amp|atp|co2|cys_L|dxyl5p|h2o|ppi|tyr_L
THZSN	4hba|4mhetz|co2|cys_L|dxyl|h|h2o|nh4|pyr|tyr_L
TKT1	g3p|r5p|s7p|xu5p_D
TKT2	e4p|f6p|g3p|xu5p_D
TMDK1	adp|atp|dtmp|thymd
TMDPP	2dr1p|h|pi|thym|thymd
TMDS	dhf|dtmp|dump|mlthf
TMHAS1	h2o|tdm1|tdm2|tmha1|tre
TMHAS2	h2o|tdm1|tdm3|tmha2|tre
TMHAS3	h2o|tdm1|tdm4|tmha3|tre
TMHAS4	h2o|tdm2|tdm3|tmha4|tre
TMHAS5	h2o|tdm2|tdm4|tmha5|tre
TMHAS6	h2o|tdm3|tdm4|tmha6|tre
TMHASFLUX1	rthma|tmha1
TMHASFLUX2	rthma|tmha2
TMHASFLUX3	rthma|tmha3
TMHASFLUX4	rthma|tmha4
TMHASFLUX5	rthma|tmha5
TMHASFLUX6	rthma|tmha6
TMMP1	a1tmm|a1tmmp|h|h2o|pi
TMMP2	cm1tmm|cm1tmmp|h|h2o|pi
TMMP3	h|h2o|pi|tm1tmm|tm1tmmp
TMMP4	ck1tmm|ck1tmmp|h|h2o|pi
TMMP5	h|h2o|pi|tk1tmm|tk1tmmp
TMMS1	a1mycolateppm|a1tmmp|ppm|tre6p
TMMS2	cm1mycolateppm|cm1tmmp|ppm|tre6p
TMMS3	ppm|tm1mycolateppm|tm1tmmp|tre6p
TMMS4	ck1mycolateppm|ck1tmmp|ppm|tre6p
TMMS5	ppm|tk1mycolateppm|tk1tmmp|tre6p
TMN	4ahmmp|4mhetz|h|h2o|thm
TMPKr	adp|atp|thmmp|thmpp
TMPPP	2mahmp|4mpetz|h|ppi|thmmp
TPI	dhap|g3p
TRDR	h|nadp|nadph|trdox|trdrd
TRE6PP	h|h2o|pi|tre|tre6p
TRE6PS	g6p|tre6p|udp|udpg
TRESULT	pap|paps|tre|tres
TREabc	adp|atp|h|h2o|pi|tre
TRIATS	h|h2o|ocdca|tmlgnc|tre|triat
TRPS1	3ig3p|g3p|h2o|ser_L|trp_L
TRPS2	h2o|indole|ser_L|trp_L
TRPS3	3ig3p|g3p|indole
TRPTA	akg|glu_L|indpyr|trp_L
TRPt2r	h|trp_L
TSULabc	adp|atp|h|h2o|pi|tsul
TTDCAt2	h|ttdca
TYRTA	34hpp|akg|glu_L|tyr_L
TYRt2r	h|tyr_L
UAAGDS	26dap_M|adp|atp|h|pi|uamag|ugmd
UAAGLS1	adp|atp|h|lys_L|pi|uAgl|uamag
UAAGLS2	adp|atp|h|lys_L|pi|uGgl|uamag
UAGCVT	h|pep|pi|uaccg|uacgam
UAGDP	acgam1p|ppi|uacgam|utp
UAGPT1	uaAgla|uaaAgla|uacgam|udp
UAGPT2	uaGgla|uaaGgla|uacgam|udp
UAGPT3	uaagmda|uacgam|uagmda|udp
UAMAGS	adp|atp|glu_D|h|pi|uama|uamag
UAMAS	adp|ala_L|atp|h|pi|uama|uamr
UAMRH	h|h2o|nadp|nadph|o2|uamr|ugmr
UAPGR	h|nadp|nadph|uaccg|uamr
UDCPDP	h|h2o|pi|udcpdp|udcpp
UDCPDPS	frdp|ipdp|ppi|udcpdp
UDPDPS	decdp|ipdp|ppi|udcpdp
UDPDPS2	decdp_tb|ipdp|ppi|udcpdp
UDPG4E	udpg|udpgal
UDPGALM	udpgal|udpgalfur
UDPGD	h|h2o|nad|nadh|udpg|udpglcur
UGAGDS	26dap_M|adp|atp|h|pi|uggmd|ugmag
UGGPT3	uacgam|udp|ugagmda|ugggmda
UGLDDS1	adp|alaala|atp|h|pi|uAgl|uAgla
UGLDDS2	adp|alaala|atp|h|pi|uGgl|uGgla
UGMAGS	adp|atp|glu_D|h|pi|ugma|ugmag
UGMAS	adp|ala_L|atp|h|pi|ugma|ugmr
UGMDDS	adp|alaala|atp|h|pi|ugmd|ugmda
UGMDDS2	adp|alaala|atp|h|pi|uggmd|uggmda
UMPKURIDK1	adp|atp|udp|ump
UPP3MT	ahcys|amet|dscl|h|uppg3
UPP3S	h2o|hmbil|uppg3
UPPDC1	co2|cpppg3|h|uppg3
UPPDC2	co2|cpppg1|h|uppg1
UPPRT	ppi|prpp|ump|ura
UREA	co2|h|h2o|nh4|urea
URIDK2r	adp|atp|dudp|dump
URIK2	gdp|gtp|ump|uri
VALTA	3mob|akg|glu_L|val_L
VALt2r	h|val_L
XPPT	ppi|prpp|xan|xmp
XYLK	adp|atp|xu5p_D|xylu_D
XYLabc	adp|atp|h|h2o|pi|xyl_D
YUMPS	h2o|psd5p|r5p|ura
biomass_3	Ac1PIM1|Ac1PIM2|Ac1PIM3|Ac1PIM4|Ac2PIM2|PIM1|PIM2|PIM3|PIM4|PIM5|PIM6|a1mycolate|a3mycolate|acgam1p|adp|ala_L|amp|arabinanagalfragund|arach|arg_L|asn_L|asp_L|atp|ck1mycolate|clpn160190|cm1mycolate|cmp|cys_L|damp|dcmp|decda_tb|decdpr_tb|dgmp|dhf|dtmp|fcmcbtt|fmn|gal|gam6p|glc_D|gln_L|glu_L|gly|gmp|h|h2o|hdca|hdcea|hexc|his_L|hmbil|ile_L|k2mycolate|k3mycolate|leu_L|lys_L|m2mycolate|m3mycolate|man|mbhn|mcbts|met_L|mfrrppdima|mocdca|mql8|nad|nadp|ocdca|ocdcea|pa160|pa160190|pa190190|pan4p|pat|pdima|pe160|peptido_TB1|peptido_TB2|pg160|pg160190|pg190|phdca|phe_L|pheme|pi|ppdima|pro_L|quln|rib_D|ribflv|ser_L|sl1|tat|thf|thm|thr_L|tk1mycolate|tm1mycolate|tmha1|tmha2|tmha3|tmha4|tmha5|tmha6|tre|tre6p|tres|trp_L|ttdca|tyr_L|uaaAgla|uaaGgla|uaagmda|uamr|udcpdp|ugagmda|ump|val_L
