13BGH	13BDglcn|glc-D|h2o
13BGHe	13BDglcn|glc-D|h2o
13GS	13BDglcn|h|udp|udpg
16GS	16BDglcn|h|udp|udpg
23CAPPD	23camp|amp2p|h|h2o
2DDA7Ptm	2dda7p
2DHPtm	2dhp
2DOXG6PP	2dglc|2doxg6p|h2o|pi
2HBO	2hb|2obut|h|nad|nadh
2HBt2	2hb|h
2HMHMBQMTm	2hpmhmbq|ahcys|amet|h|q6
2HP6MPMOm	2hp6mbq|2hp6mp|h2o|o2
2HPMBQMTm	2hp6mbq|2hpmmbq|ahcys|amet|h
2HPMMBQMOm	2hpmhmbq|2hpmmbq|o2
2MBACt	2mbac
2MBALDt	2mbald
2MBALDtm	2mbald
2MBTOHt	2mbtoh
2MBTOHtm	2mbtoh
2MPPALt	2mppal
2MPPALtm	2mppal
2OBUTtm	2obut
2OXOADPtim	2oxoadp
2PHETOHt	2phetoh
2PHETOHtm	2phetoh
34HPLFM	34hpl|34hpp|h|nad|nadh
34HPPOR	34hpp|co2|hgentis|o2
34HPPt2m	34hpp|h
34HPPt2p	34hpp|h
3C3HMPt	3c3hmp
3C3HMPtm	3c3hmp
3C4MOPtm	3c4mop
3DH5HPBMTm	3dh5hpb|3hph5mb|ahcys|amet|h
3DH5HPBtm	3dh5hpb
3DSPHR	3dsphgn|h|nadp|nadph|sphgn
3HAO	3hanthrn|cmusa|h|o2
3HPH5MBDCm	2hp6mp|3hph5mb|co2
3IPM3MT	3c2hmp|3ipmmest|ahcys|amet
3MBALDt	3mbald
3MBALDtm	3mbald
3MOBDC	2mppal|3mob|co2|h
3MOBtm	3mob
3MOPDC	2mbald|3mop|co2|h
3MOPt	3mop
3MOPtm	3mop
3OPHB5Hm	3dh5hpb|3ophb_5|o2
3OPHB_5tm	3ophb_5
4ABUTNtm	4abutn
4ABUTtm	4abut
4ABZt	4abz
4ABZtm	4abz
4H2OGLTtm	4h2oglt
4H2OGLTtp	4h2oglt
4HBZCOAFm	4hbzcoa|accoa|coa|coucoa|h|h2o|nad|nadh
4HBZFm	4hbz|4hbzcoa|coa|h|h2o
4HBZtm	4hbz
4HGLSDm	4hglusa|e4hglu|h|h2o|nad|nadh
4HPRO-LTtm	4hpro-LT
4HTHRS	4hthr|h2o|phthr|pi
4MOPDC	3mbald|4mop|co2|h
5AOPt2	5aop|h
5AOPtm	5aop
6PGLter	6pgl
8AONNt2	8aonn|h
AABTN	4aabutn|4abut|ac|h2o
AACTOOR	aact|h2o|h2o2|mthgxl|nh4|o2
AASAD1	L2aadp|L2aadp6sa|amp|atp|h|nadp|nadph|ppi
AASAD2	L2aadp|L2aadp6sa|amp|atp|h|nad|nadh|ppi
AATA	2oxoadp|L2aadp|akg|glu-L
ABTA	4abut|akg|glu-L|sucsal
ABTt	abt
ABUTDm	4abut|4abutn|h|h2o|nad|nadh
ABUTt2r	4abut|h
ACACT1	aacoa|accoa|coa
ACACT1m	aacoa|accoa|coa
ACACT4p	3odcoa|accoa|coa|occoa
ACACT5p	3oddcoa|accoa|coa|dcacoa
ACACT6p	3otdcoa|accoa|coa|ddcacoa
ACACT7p	3ohdcoa|accoa|coa|tdcoa
ACACT8p	3ohodcoa|accoa|coa|pmtcoa
ACACT9p	3ohxccoa|accoa|coa|ttccoa
ACALDCD	acald|actn-R
ACALDt	acald
ACALDtm	acald
ACCOACr	accoa|adp|atp|h|hco3|malcoa|pi
ACCOACrm	accoa|adp|atp|h|hco3|malcoa|pi
ACCOAtn	accoa
ACESt	aces
ACGAM6PS	accoa|acgam6p|coa|gam6p|h
ACGAMPM	acgam1p|acgam6p
ACGKm	acg5p|acglu|adp|atp
ACGSm	accoa|acglu|coa|glu-L|h
ACHBSm	2ahbut|2obut|co2|h|pyr
ACHLE1	ac|h|h2o|iamac|iamoh
ACHLE2	ac|h|h2o|ibutac|ibutoh
ACHLE3	ac|aces|etoh|h|h2o
ACLSm	alac-S|co2|h|pyr
ACOAHim	ac|accoa|coa|h|h2o
ACOAO4p	dc2coa|dcacoa|h2o2|o2
ACOAO5p	dd2coa|ddcacoa|h2o2|o2
ACOAO6p	h2o2|o2|td2coa|tdcoa
ACOAO7p	h2o2|hdd2coa|o2|pmtcoa
ACOAO8p	h2o2|o2|od2coa|stcoa
ACOAO9p	h2o2|hexccoa|hxc2coa|o2
ACOATA	ACP|acACP|accoa|coa
ACOATAm	ACP|acACP|accoa|coa
ACON3MT	acon-T|acon5m|ahcys|amet
ACONT	cit|icit
ACONT3m	2mcit|micit
ACONTm	cit|icit
ACOTAim	acg5sa|acorn|akg|glu-L
ACP1e	fmn|h2o|pi|ribflv
ACPSm	coa|h|h2o|pan4p|pap
ACRNtm	acrn
ACRNtp	acrn
ACS	ac|accoa|amp|atp|coa|ppi
ACSm	ac|accoa|amp|atp|coa|ppi
ACSp	ac|accoa|amp|atp|coa|ppi
ACt2r	ac|h
ACtm	ac
ACtp	ac
ACtr	ac
ADA	adn|h|h2o|ins|nh4
ADCL	4abz|4adcho|h|pyr
ADCS	4adcho|chor|gln-L|glu-L
ADD	ade|h|h2o|hxan|nh4
ADEt2	ade|h
ADEtm	ade
ADHAPR_SC	1ag3p_SC|1agly3p_SC|h|nadp|nadph
ADK1	adp|amp|atp
ADK1m	adp|amp|atp
ADK3	adp|amp|gdp|gtp
ADK3m	adp|amp|gdp|gtp
ADK4	adp|amp|idp|itp
ADK4m	adp|amp|idp|itp
ADMDC	amet|ametam|co2|h
ADNCYC	atp|camp|ppi
ADNK1	adn|adp|amp|atp|h
ADNUC	ade|adn|h2o|rib-D
ADNt2	adn|h
ADPT	ade|amp|ppi|prpp
ADSK	adp|aps|atp|h|paps
ADSL1r	amp|dcamp|fum
ADSL2r	25aics|aicar|fum
ADSS	asp-L|dcamp|gdp|gtp|h|imp|pi
AGAT_SC	1ag3p_SC|coa|dcacoa|ddcacoa|hdcoa|ocdycacoa|odecoa|pa_SC|pmtcoa|stcoa|tdcoa
AGPRim	acg5p|acg5sa|h|nadp|nadph|pi
AGTi	ala-L|glx|gly|pyr
AHCYStm	ahcys
AHCi	adn|ahcys|h2o|hcys-L
AHMMPS	4ahmmp|air|gcald|h|pi
AHSERL	ac|achms|ch4s|h|met-L
AHSERL2	ac|achms|h|h2s|hcys-L
AICART	10fthf|aicar|fprica|thf
AIRCr	5aizc|air|co2|h
AKGDam	akg|co2|h|lpam|sdhlam
AKGDbm	coa|dhlam|sdhlam|succoa
AKGMAL	akg|mal-L
AKGt2n	akg|h
AKGt2r	akg|h
AKGtp	akg
AKP1	ahdt|dhnpt|h|h2o|pi
ALASm	5aop|co2|coa|gly|h|succoa
ALATA_L	akg|ala-L|glu-L|pyr
ALATA_Lm	akg|ala-L|glu-L|pyr
ALATRS	ala-L|alatrna|amp|atp|ppi|trnaala
ALAt2r	ala-L|h
ALAtmi	ala-L
ALCD19y	glyald|glyc|h|nadp|nadph
ALCD22xi	2mbald|2mbtoh|h|nad|nadh
ALCD22xim	2mbald|2mbtoh|h|nad|nadh
ALCD22yi	2mbald|2mbtoh|h|nadp|nadph
ALCD23xi	2mppal|h|ibutoh|nad|nadh
ALCD23xim	2mppal|h|ibutoh|nad|nadh
ALCD23yi	2mppal|h|ibutoh|nadp|nadph
ALCD24xi	3mbald|h|iamoh|nad|nadh
ALCD24xim	3mbald|h|iamoh|nad|nadh
ALCD24yi	3mbald|h|iamoh|nadp|nadph
ALCD25xi	2phetoh|h|nad|nadh|pacald
ALCD25xim	2phetoh|h|nad|nadh|pacald
ALCD25yi	2phetoh|h|nadp|nadph|pacald
ALCD26xi	h|id3acald|ind3eth|nad|nadh
ALCD26xim	h|id3acald|ind3eth|nad|nadh
ALCD2if	acald|etoh|h|nad|nadh
ALCD2ir	acald|etoh|h|nad|nadh
ALCD2irm	acald|etoh|h|nad|nadh
ALCD2x	acald|etoh|h|nad|nadh
ALDD19x	h|h2o|nad|nadh|pac|pacald
ALDD20xm	h|h2o|id3acald|ind3ac|nad|nadh
ALDD20y	h|h2o|id3acald|ind3ac|nadp|nadph
ALDD20ym	h|h2o|id3acald|ind3ac|nadp|nadph
ALDD22x	ala-B|aproa|h|h2o|nad|nadh
ALDD2xm	ac|acald|h|h2o|nad|nadh
ALDD2y	ac|acald|h|h2o|nadp|nadph
ALDD2ym	ac|acald|h|h2o|nadp|nadph
ALLTAHr	alltt|h2o|urdglyc|urea
ALLTNr	alltn|alltt|h|h2o
ALLTNti	alltn
ALLTTti	alltt
ALPHNH	allphn|co2|h|h2o|nh4
AMAOTr	8aonn|amet|amob|dann
AMETt2	amet|h
AMETtm	amet
AMID	4gudbd|4gudbutn|h2o|nh4
AMID2	h2o|nh4|pac|pad
AMID3	h2o|iad|ind3ac|nh4
AMPDA	amp|h|h2o|imp|nh4
AMPN	ade|amp|h2o|r5p
AMPtn	amp
ANPRT	anth|ppi|pran|prpp
ANS	anth|chor|gln-L|glu-L|h|pyr
AOBUTDs	2aobut|aact|co2|h
AP4AHr	adp|ap4a|h|h2o
APRTO2	aprut|h2o|h2o2|n4abutn|nh4|o2
ARAB-Dt	arab-D
ARAB-Lt	arab-L
ARAB14LO	Dara14lac|ertascb-D|h2o2|o2
ARAB1D2	Dara14lac|arab-D|h|nadp|nadph
ARABR	abt|arab-L|h|nadp|nadph
ARGN	arg-L|h2o|orn|urea
ARGSL	arg-L|argsuc|fum
ARGSSr	amp|argsuc|asp-L|atp|citr-L|h|ppi
ARGTRS	amp|arg-L|argtrna|atp|ppi|trnaarg
ARGTRSm	amp|arg-L|argtrna|atp|ppi|trnaarg
ARGt2m	arg-L|h
ARGt2r	arg-L|h
ARGt6	arg-L|h
ARMT	NPmehis|ahcys|amet|h|his-L
ASADi	4pasp|aspsa|h|nadp|nadph|pi
ASNN	asn-L|asp-L|h2o|nh4
ASNNe	asn-L|asp-L|h2o|nh4
ASNS1	amp|asn-L|asp-L|atp|gln-L|glu-L|h|h2o|ppi
ASNTRS	amp|asn-L|asntrna|atp|ppi|trnaasn
ASNTRSm	amp|asn-L|asntrna|atp|ppi|trnaasn
ASNt2m	asn-L|h
ASNt2r	asn-L|h
ASNt6	asn-L|h
ASNt7	asn-L|h
ASPCT	asp-L|cbasp|cbp|h|pi
ASPGLU2m	asp-L|glu-L
ASPGLUtp	asp-L|glu-L
ASPKi	4pasp|adp|asp-L|atp
ASPOcm	asp-L|fad|fadh2|h|iasp
ASPTA	akg|asp-L|glu-L|oaa
ASPTAm	akg|asp-L|glu-L|oaa
ASPTAp	akg|asp-L|glu-L|oaa
ASPTRS	amp|asp-L|asptrna|atp|ppi|trnaasp
ASPTRSm	amp|asp-L|asptrna|atp|ppi|trnaasp
ASPt2m	asp-L|h
ASPt2n	asp-L|h
ASPt2r	asp-L|h
ASPt5n	asp-L
ASPt7	asp-L|h
ATHRDHr	2aobut|athr-L|h|nadp|nadph
ATP2tp_H	amp|atp|h
ATPATF1	adp|ap4a|atp|h|pi
ATPATF2	adp|ap4g|gtp|h|pi
ATPATF3	gdp|gp4g|gtp|h|pi
ATPH1	amp|atp|h|h2o|pi
ATPM	adp|atp|h|h2o|pi
ATPPRT	atp|ppi|prbatp|prpp
ATPS	adp|atp|h|h2o|pi
ATPS3g	adp|atp|h|h2o|pi
ATPS3m	adp|atp|h|h2o|pi
ATPS3v	adp|atp|h|h2o|pi
ATPtm-H	adp|atp|h
ATPtp-H	adp|atp|h
BACCL	atp|btamp|btn|h|ppi
BPNT	amp|h2o|pap|pi
BTDD-RR	actn-R|btd-RR|h|nad|nadh
BTDt-RR	btd-RR
BTNt2i	btn|h
BTSr	btn|dtbt|h|s
C14STR	44mctr|44mzym|h|nadp|nadph
C22STDS	ergtetrol|ergtrol|h|h2o|nadp|nadph|o2
C22STDSx	ergtetrol|ergtrol|h|h2o|nad|nadh|o2
C24STRer	ergst|ergtetrol|h|nadp|nadph
C3STDH1	4mzym_int1|4mzym_int2|co2|h|nad|nadh
C3STDH2	co2|h|nad|nadh|zym_int1|zym_int2
C3STKR1	4mzym|4mzym_int2|h|nadp|nadph
C3STKR2	h|nadp|nadph|zym_int2|zymst
C4STMO1	44mzym|4mzym_int1|h|h2o|nadp|nadph|o2
C4STMO2	4mzym|h|h2o|nadp|nadph|o2|zym_int1
C5STDS	epist|ergtrol|h|h2o|nadp|nadph|o2
C8STI	epist|fecost
CAT	h2o|h2o2|o2
CATp	h2o|h2o2|o2
CBASPtn	cbasp
CBPS	adp|atp|cbp|gln-L|glu-L|h|h2o|hco3|pi
CBPtn	cbp
CCP2m	ficytc|focytc|h2o|h2o2
CDPDGPm_SC	cdpdag_SC|cmp|glyc3p|h|pgp_SC
CDPtn	cdp
CER1_24ter	cer1_24
CER1_26ter	cer1_26
CER2_24ter	cer2_24
CER2_26ter	cer2_26
CERASE124er	cer1_24|coa|h|sphgn|ttccoa
CERASE126er	cer1_26|coa|h|hexccoa|sphgn
CERASE224er	cer2_24|coa|h|psphings|ttccoa
CERASE226er	cer2_26|coa|h|hexccoa|psphings
CERH124	cer1_24|cer2_24|h|h2o|nadp|nadph|o2
CERH126	cer1_26|cer2_26|h|h2o|nadp|nadph|o2
CERS124	cer1_24|coa|h|sphgn|ttccoa
CERS124er	cer1_24|coa|h|sphgn|ttccoa
CERS126	cer1_26|coa|h|hexccoa|sphgn
CERS126er	cer1_26|coa|h|hexccoa|sphgn
CERS2'24	cer1_24|cer2'_24|h|h2o|nadp|nadph|o2
CERS2'26	cer1_26|cer2'_26|h|h2o|nadp|nadph|o2
CERS224	cer2_24|coa|h|psphings|ttccoa
CERS224er	cer2_24|coa|h|psphings|ttccoa
CERS226	cer2_26|coa|h|hexccoa|psphings
CERS226er	cer2_26|coa|h|hexccoa|psphings
CERS324	cer2_24|cer3_24|h|h2o|nadp|nadph|o2
CERS326	cer2_26|cer3_26|h|h2o|nadp|nadph|o2
CHLPCTD	cdpchol|cholp|ctp|h|ppi
CHLSTI	ahcys|amet|ergtetrol|h|h2o|o2|zymst
CHLt2	chol|h
CHOLK	adp|atp|chol|cholp|h
CHORM	chor|pphn
CHORS	3psme|chor|pi
CHRPL	4hbz|chor|pyr
CHTNDA	ac|chitin|chitinn1|chitos|h|h2o
CHTNS	chitin|chitinn1|h|udp|udpacgal
CITt2r	cit|h
CITtam	cit|mal-L
CITtap	cit|mal-L
CITtbm	cit|pep
CITtcm	cit|icit
CITtcp	cit|icit
CLPNSm_SC	cdpdag_SC|clpn_SC|cmp|h|pg_SC
CMPN	cmp|csn|h2o|r5p
CO2t	co2
CO2tg	co2
CO2tm	co2
CO2tn	co2
CO2tp	co2
CO2tv	co2
COAHLp	coa|h|h2o|pan4p|pap
COAtim	coa
COAtn	coa
COUCOAFm	T4hcinnm|amp|atp|coa|coucoa|ppi
CPPPGO	co2|cpppg3|h|h2o|o2|pppg9
CRNCARtm	acrn|crn
CRNCARtp	acrn|crn
CRNt	crn
CRNtim	crn
CRNtp	crn
CSNATm	accoa|acrn|coa|crn
CSNATp	accoa|acrn|coa|crn
CSNATr	accoa|acrn|coa|crn
CSND	csn|h|h2o|nh4|ura
CSNt2	csn|h
CSm	accoa|cit|coa|h|h2o|oaa
CSp	accoa|cit|coa|h|h2o|oaa
CTPS1	adp|atp|ctp|h|nh4|pi|utp
CTPS2	adp|atp|ctp|gln-L|glu-L|h|h2o|pi|utp
CTPtm	cmp|ctp|h
CYOOm	ficytc|focytc|h|h2o|o2
CYOR_u6m	ficytc|focytc|h|q6|q6h2
CYSS	ac|acser|cys-L|h|h2s
CYSTGL	2obut|cys-L|cyst-L|h2o|nh4
CYSTL	cyst-L|h2o|hcys-L|nh4|pyr
CYSTLp	cyst-L|h2o|hcys-L|nh4|pyr
CYSTRS	amp|atp|cys-L|cystrna|ppi|trnacys
CYSTS	cyst-L|h2o|hcys-L|ser-L
CYSTtp	cyst-L
CYSt2r	cys-L|h
CYTD	cytd|h|h2o|nh4|uri
CYTDK2	cmp|cytd|gdp|gtp|h
CYTDt2	cytd|h
CYTK1	adp|atp|cdp|cmp
CYTK2	adp|atp|dcdp|dcmp
D-LACDcm	ficytc|focytc|lac-D|pyr
D-LACDm	ficytc|focytc|lac-D|pyr
D-LACt2	h|lac-D
D-LACt2m	lac-D|pyr
D-LACtm	h|lac-D
DADA	dad-2|din|h|h2o|nh4
DADK	adp|atp|dadp|damp
DADNt2	dad-2|h
DADPtn	dadp
DAGCPT_SC	12dgr_SC|cdpchol|cmp|h|pc_SC
DAGPYP_SC	12dgr_SC|h2o|pa_SC|pi
DANNt2	dann|h
DASYN_SC	cdpdag_SC|ctp|h|pa_SC|ppi
DASYNm_SC	cdpdag_SC|ctp|h|pa_SC|ppi
DB4PS	db4p|for|h|ru5p-D
DBTSr	adp|atp|co2|dann|dtbt|h|pi
DCDPtn	dcdp
DCMPDA	dcmp|dump|h|h2o|nh4
DCTPD	dctp|dutp|h|h2o|nh4
DCYTD	dcyt|duri|h|h2o|nh4
DCYTt2	dcyt|h
DDPA	2dda7p|e4p|h2o|pep|pi
DDPAm	2dda7p|e4p|h2o|pep|pi
DESAT14	h|h2o|nadp|nadph|o2|tdcoa|tdecoa
DESAT16	h|h2o|hdcoa|nadp|nadph|o2|pmtcoa
DESAT18	h|h2o|nadp|nadph|o2|odecoa|stcoa
DESAT18_2	h|h2o|nadp|nadph|o2|ocdycacoa|odecoa
DGDPtn	dgdp
DGGH	6dg|gal|glc-D|h2o
DGK1	adp|atp|dgdp|dgmp
DGSNt2	dgsn|h
DHAD1m	23dhmb|3mob|h2o
DHAD2m	23dhmp|3mop|h2o
DHAK	adp|atp|dha|dhap|h
DHAPtm	dhap
DHFRi	dhf|h|nadp|nadph|thf
DHFRim	dhf|h|nadp|nadph|thf
DHFS	adp|atp|dhf|dhpt|glu-L|h|pi
DHFtm	dhf
DHNPAm	2ahhmp|dhnpt|gcald|h
DHNPTtm	dhnpt
DHORD4i	dhor-S|orot|q6|q6h2
DHORDfum	dhor-S|fum|orot|succ
DHORDi	dhor-S|h2o2|o2|orot
DHORTS	cbasp|dhor-S|h|h2o
DHPSm	2ahhmp|4abz|dhpt|h2o
DHPTtm	dhpt
DHQS	2dda7p|3dhq|pi
DHQTi	3dhq|3dhsk|h2o
DIAT	N1sprm|accoa|coa|h|sprm
DINSt2	din|h
DIPS	ahcys|amet|caphis|cmaphis|h
DKMPPD2	2kmb|dkmpp|for|h|h2o|pi
DMATT	dmpp|grdp|ipdp|ppi
DNMPPA	dhnpt|dhpmp|h2o|pi
DNTPPA	ahdt|dhpmp|h|h2o|ppi
DOLK	cdp|ctp|dolichol|dolp|h
DOLPMMer	dolmanp|dolp|h|mannan
DOLPMTcer	dolmanp|dolp|gdp|gdpmann
DOLPt2er	dolp|h
DPCOAK	adp|atp|coa|dpcoa|h
DPCOAKm	adp|atp|coa|dpcoa|h
DPGM	13dpg|23dpg|h
DPMVD	5dpmev|adp|atp|co2|ipdp|pi
DPR	2dhp|h|nadp|nadph|pant-R
DPRm	2dhp|h|nadp|nadph|pant-R
DRBK	2dr5p|adp|atp|drib|h
DROPPRy	25dhpp|25dthpp|h|nadp|nadph
DRTPPD	25dthpp|5aprbu|h|h2o|nh4
DTMPK	adp|atp|dtdp|dtmp
DTTPt	dttp
DUMPtn	dump
DURIK1	adp|atp|dump|duri|h
DURIPP	2dr1p|duri|pi|ura
DURIt2	duri|h
DUTPDP	dump|dutp|h|h2o|ppi
DXHPScm	13dampp|4abutn|h2o|q6|q6h2|spmd
E4HGLUtm	e4hglu
E4HGLUtp	e4hglu
E4Ptm	e4p
ECOAH11p	3hxccoa|h2o|hxc2coa
ECOAH4p	3hdcoa|dc2coa|h2o
ECOAH5p	3hddcoa|dd2coa|h2o
ECOAH6p	3htdcoa|h2o|td2coa
ECOAH7p	3hhdcoa|h2o|hdd2coa
ECOAH8p	3hodcoa|h2o|od2coa
EHGLAT	4h2oglt|akg|e4hglu|glu-L
EHGLATm	4h2oglt|akg|e4hglu|glu-L
EHGLATp	4h2oglt|akg|e4hglu|glu-L
ENO	2pg|h2o|pep
EPGALURSe	galur|h2o|pectin
EPISTAT_SC	coa|epist|epistest_SC|hdcoa|hexccoa|odecoa|pmtcoa|stcoa|tdcoa
EPISTESTH_SC	epist|epistest_SC|h|h2o|hdca|hdcea|hexc|ocdca|ocdcea|ttdca
EPISTESTH_SCe	epist|epistest_SC|h|h2o|hdca|hdcea|hexc|ocdca|ocdcea|ttdca
EPISTt	epist
EPMGH	epm|gal|h2o|man
ERGSTAT_SC	coa|ergst|ergstest_SC|hdcoa|hexccoa|odecoa|pmtcoa|stcoa|tdcoa
ERGSTESTH_SC	ergst|ergstest_SC|h|h2o|hdca|hdcea|hexc|ocdca|ocdcea|ttdca
ERGSTESTH_SCe	ergst|ergstest_SC|h|h2o|hdca|hdcea|hexc|ocdca|ocdcea|ttdca
ERGSTGLCT	ergst|ergst3glc|h|udp|udpg
ERGSTt	ergst
ERGSTter	ergst
ERGTETROLter	ergtetrol
ETHAK	adp|atp|etha|ethamp|h
ETHAPT_SC	12dgr_SC|cdpea|cmp|h|pe_SC
ETHAt	etha
ETOHt	etoh
ETOHtm	etoh
FA100tp	dca
FA120ACPH	ACP|ddca|ddcaACP|h|h2o
FA120ACPtm	ddcaACP
FA120tp	ddca
FA140ACPH	ACP|h|h2o|myrsACP|ttdca
FA140ACPtm	myrsACP
FA140COAabcp	adp|atp|h|h2o|pi|tdcoa
FA140tp	ttdca
FA141ACPH	ACP|h|h2o|tdeACP|ttdcea
FA141ACPtm	tdeACP
FA141COAabcp	adp|atp|h|h2o|pi|tdecoa
FA141tp	ttdcea
FA160ACPH	ACP|h|h2o|hdca|palmACP
FA160ACPtm	palmACP
FA160COAabcp	adp|atp|h|h2o|pi|pmtcoa
FA160tp	hdca
FA161ACPH	ACP|h|h2o|hdcea|hdeACP
FA161ACPtm	hdeACP
FA161COAabcp	adp|atp|h|h2o|hdcoa|pi
FA161tp	hdcea
FA180ACPH	ACP|h|h2o|ocdca|ocdcaACP
FA180ACPtm	ocdcaACP
FA180COAabcp	adp|atp|h|h2o|pi|stcoa
FA181ACPH	ACP|h|h2o|ocdcea|octeACP
FA181ACPtm	octeACP
FA181COAabcp	adp|atp|h|h2o|odecoa|pi
FA182ACPH	ACP|h|h2o|ocdcya|ocdcyaACP
FA182ACPtm	ocdcyaACP
FA182COAabcp	adp|atp|h|h2o|ocdycacoa|pi
FA240tp	ttc
FA260tp	hexc
FA80tp	octa
FACOAL100p	amp|atp|coa|dca|dcacoa|ppi
FACOAL120p	amp|atp|coa|ddca|ddcacoa|ppi
FACOAL140	amp|atp|coa|ppi|tdcoa|ttdca
FACOAL140p	amp|atp|coa|ppi|tdcoa|ttdca
FACOAL141	amp|atp|coa|ppi|tdecoa|ttdcea
FACOAL141p	amp|atp|coa|ppi|tdecoa|ttdcea
FACOAL160	amp|atp|coa|hdca|pmtcoa|ppi
FACOAL160p	amp|atp|coa|hdca|pmtcoa|ppi
FACOAL161	amp|atp|coa|hdcea|hdcoa|ppi
FACOAL161p	amp|atp|coa|hdcea|hdcoa|ppi
FACOAL180	amp|atp|coa|ocdca|ppi|stcoa
FACOAL181	amp|atp|coa|ocdcea|odecoa|ppi
FACOAL182	amp|atp|coa|ocdcya|ocdycacoa|ppi
FACOAL240p	amp|atp|coa|ppi|ttc|ttccoa
FACOAL260p	amp|atp|coa|hexc|hexccoa|ppi
FACOAL80p	amp|atp|coa|occoa|octa|ppi
FADFMNtm	fad|fmn
FALDH	Sfglutth|fald|gthrd|h|nad|nadh
FAO141p_even	accoa|coa|h|h2o|h2o2|nad|nadh|nadp|nadph|o2|tdecoa
FAO141p_odd	accoa|coa|h|h2o|h2o2|nad|nadh|o2|tdecoa
FAO161p_even	accoa|coa|h|h2o|h2o2|hdcoa|nad|nadh|nadp|nadph|o2
FAO161p_odd	accoa|coa|h|h2o|h2o2|hdcoa|nad|nadh|o2
FAO181p_even	accoa|coa|h|h2o|h2o2|nad|nadh|nadp|nadph|o2|odecoa
FAO181p_odd	accoa|coa|h|h2o|h2o2|nad|nadh|o2|odecoa
FAO182p_even/even	accoa|coa|h|h2o|h2o2|nad|nadh|nadp|nadph|o2|ocdycacoa
FAO182p_even/odd	accoa|coa|h|h2o|h2o2|nad|nadh|nadp|nadph|o2|ocdycacoa
FAO182p_odd/odd	accoa|coa|h|h2o|h2o2|nad|nadh|o2|ocdycacoa
FAO240p	accoa|coa|h|h2o|h2o2|nad|nadh|o2|stcoa|ttccoa
FAO80p	accoa|coa|h|h2o|h2o2|nad|nadh|o2|occoa
FAS100	co2|coa|dca|h|h2o|malcoa|nadp|nadph|octa
FAS100ACPm	ACP|co2|dcaACP|h|h2o|malACP|nadp|nadph|ocACP
FAS100COA	co2|coa|dcacoa|h|h2o|malcoa|nadp|nadph|occoa
FAS120	co2|coa|dca|ddca|h|h2o|malcoa|nadp|nadph
FAS120ACPm	ACP|co2|dcaACP|ddcaACP|h|h2o|malACP|nadp|nadph
FAS120COA	co2|coa|dcacoa|ddcacoa|h|h2o|malcoa|nadp|nadph
FAS140	co2|coa|ddca|h|h2o|malcoa|nadp|nadph|ttdca
FAS140ACPm	ACP|co2|ddcaACP|h|h2o|malACP|myrsACP|nadp|nadph
FAS140COA	co2|coa|ddcacoa|h|h2o|malcoa|nadp|nadph|tdcoa
FAS141	co2|coa|ddca|h|h2o|malcoa|nadp|nadph|o2|ttdcea
FAS141ACPm	ACP|co2|ddcaACP|h|h2o|malACP|nadp|nadph|o2|tdeACP
FAS160	co2|coa|h|h2o|hdca|malcoa|nadp|nadph|ttdca
FAS160ACPm	ACP|co2|h|h2o|malACP|myrsACP|nadp|nadph|palmACP
FAS160COA	co2|coa|h|h2o|malcoa|nadp|nadph|pmtcoa|tdcoa
FAS161	co2|coa|h|h2o|hdcea|malcoa|nadp|nadph|o2|ttdca
FAS161ACPm	ACP|co2|h|h2o|hdeACP|malACP|myrsACP|nadp|nadph|o2
FAS180	co2|coa|h|h2o|hdca|malcoa|nadp|nadph|ocdca
FAS180ACPm	ACP|co2|h|h2o|malACP|nadp|nadph|ocdcaACP|palmACP
FAS180COA	co2|coa|h|h2o|malcoa|nadp|nadph|pmtcoa|stcoa
FAS181	co2|coa|h|h2o|hdca|malcoa|nadp|nadph|o2|ocdcea
FAS181ACPm	ACP|co2|h|h2o|malACP|nadp|nadph|o2|octeACP|palmACP
FAS182ACPm	ACP|co2|h|h2o|malACP|nadp|nadph|o2|ocdcyaACP|palmACP
FAS240_L	co2|coa|h|h2o|malcoa|nadp|nadph|ocdca|ttc
FAS260	co2|coa|h|h2o|hexc|malcoa|nadp|nadph|ttc
FAS80ACPm_L	ACP|acACP|co2|h|h2o|malACP|nadp|nadph|ocACP
FAS80COA_L	accoa|co2|coa|h|h2o|malcoa|nadp|nadph|occoa
FAS80_L	accoa|co2|coa|h|h2o|malcoa|nadp|nadph|octa
FBA	dhap|fdp|g3p
FBA2	dhap|f1p|glyald
FBA3	dhap|e4p|s17bp
FBP	f6p|fdp|h2o|pi
FBP26	f26bp|f6p|h2o|pi
FCLTm	fe2|h|pheme|ppp9
FDH	co2|for|nad|nadh
FDNG	co2|for|h|q6|q6h2
FE2t	fe2
FE2utm	fe2
FECOSTAT_SC	coa|fecost|fecostest_SC|hdcoa|hexccoa|odecoa|pmtcoa|stcoa|tdcoa
FECOSTESTH_SC	fecost|fecostest_SC|h|h2o|hdca|hdcea|hexc|ocdca|ocdcea|ttdca
FECOSTESTH_SCe	fecost|fecostest_SC|h|h2o|hdca|hdcea|hexc|ocdca|ocdcea|ttdca
FECOSTt	fecost
FEtm	fe2
FKYNH	Lfmkynr|Lkynr|for|h|h2o
FMETTRSm	10fthf|fmettrna|h|mettrna|thf
FMNAT	atp|fad|fmn|h|ppi
FMNATm	atp|fad|fmn|h|ppi
FMNRx	fmn|fmnh2|h|nad|nadh
FMNRx2	fmn|fmnh2|h|nadp|nadph
FOLD3m	2ahhmd|4abz|dhpt|ppi
FORt	for
FORtm	for
FRDPtm	frdp
FRDcm	fad|fadh2|fum|succ
FRDm	fad|fadh2|fum|succ
FRTT	frdp|ggdp|ipdp|ppi
FRUK	adp|atp|f1p|fdp|h
FRUt2	fru|h
FTHFCL	5fthf|adp|atp|methf|pi
FTHFCLm	5fthf|adp|atp|methf|pi
FTHFI	10fthf|5fthf|adp|atp|h|h2o|pi
FTHFLi	10fthf|adp|atp|for|pi|thf
FTHFLmi	10fthf|adp|atp|for|pi|thf
FUM	fum|h2o|mal-L
FUMAC	4fumacac|acac|fum|h|h2o
FUMm	fum|h2o|mal-L
FUMt2r	fum|h
G12MT1g	gdp|gdpmann|h|m2macchitppdol|m3macchitppdol
G12MT2g	gdp|gdpmann|h|m3macchitppdol|m4macchitppdol
G13MTg	gdp|gdpmann|h|m1macchitppdol|macchitppdol
G16MTg	gdp|gdpmann|h|m1macchitppdol|m2macchitppdol
G3PCt	g3pc
G3PD1ir	dhap|glyc3p|h|nad|nadh
G3PD1irm	dhap|glyc3p|h|nad|nadh
G3PDm	dhap|fad|fadh2|glyc3p
G3PIt	g3pi
G3PT	glyc|glyc3p|h2o|pi
G5SADr	1pyr5c|glu5sa|h|h2o
G5SADrm	1pyr5c|glu5sa|h|h2o
G5SD	glu5p|glu5sa|h|nadp|nadph|pi
G5SD2	glu5p|glu5sa|h|nad|nadh|pi
G6PDA	f6p|gam6p|h2o|nh4
G6PDH2	6pgl|g6p|h|nadp|nadph
G6PDH2er	6pgl|g6p|h|nadp|nadph
G6PI	g6p|g6p-B
G6PI3	f6p|g6p-B
G6Pter	g6p
GALIGH	1Dgali|gal|h2o|inost
GALK	adp|atp|gal|gal1p|h
GALS3	gal|glc-D|h2o|melib
GALT	gal1p|h|ppi|udpgal|utp
GALU	g1p|h|ppi|udpg|utp
GALt2	gal|h
GAM6Pt	gam6p
GAPD	13dpg|g3p|h|nad|nadh|pi
GARFTi	10fthf|fgam|gar|h|thf
GAT1_SC	1ag3p_SC|coa|dcacoa|ddcacoa|glyc3p|hdcoa|ocdycacoa|odecoa|pmtcoa|stcoa|tdcoa
GAT2_SC	1agly3p_SC|coa|dcacoa|ddcacoa|dhap|hdcoa|ocdycacoa|odecoa|pmtcoa|stcoa|tdcoa
GBEZ	14glun|glycogen|h2o
GCALDt	gcald
GCALDtm	gcald
GCC2am	alpam|co2|gly|h|lpam
GCC2bim	alpam|dhlam|mlthf|nh4|thf
GCC2cm	dhlam|h|lpam|nad|nadh
GCCam	alpro|co2|gly|h|lpro
GCCbim	alpro|dhlpro|mlthf|nh4|thf
GCCcm	dhlpro|h|lpro|nad|nadh
GDPMANNtg	gdpmann|gmp
GDPt3g	gdp|h
GDPtn	gdp
GF6PTA	f6p|gam6p|gln-L|glu-L
GGLGH	gal|ggl|glyc|h2o
GGTT	ggdp|ipdp|pendp|ppi
GHMT2r	gly|h2o|mlthf|ser-L|thf
GHMT2rm	gly|h2o|mlthf|ser-L|thf
GK1	adp|atp|gdp|gmp
GK2	dadp|datp|gdp|gmp
GLCGSD	glc-D|glycogen|h2o
GLCGSDv	glc-D|glycogen|h2o
GLCNtv	glycogen
GLCP	g1p|glycogen|pi
GLCS2	glycogen|h|udp|udpg
GLCt1	glc-D
GLCtv	glc-D
GLNS	adp|atp|gln-L|glu-L|h|nh4|pi
GLNTRS	amp|atp|gln-L|glntrna|ppi|trnagln
GLNt2n	gln-L|h
GLNt2r	gln-L|h
GLNt6	gln-L|h
GLNt7	gln-L|h
GLPT	coa|glp|tdcoa|tglp
GLU5K	adp|atp|glu-L|glu5p
GLUCYS	adp|atp|cys-L|glu-L|glucys|h|pi
GLUDC	4abut|co2|glu-L|h
GLUDxi	akg|glu-L|h|h2o|nad|nadh|nh4
GLUDyi	akg|glu-L|h|h2o|nadp|nadph|nh4
GLUK	adp|atp|g6p-B|glc-D|h
GLUN	gln-L|glu-L|h2o|nh4
GLUPRT	gln-L|glu-L|h2o|ppi|pram|prpp
GLUSx	akg|gln-L|glu-L|h|nad|nadh
GLUTRS	amp|atp|glu-L|glutrna|ppi|trnaglu
GLUTRSm	amp|atp|glu-L|glutrna|ppi|trnaglu
GLUt2n	glu-L|h
GLUt2r	glu-L|h
GLUt5m	glu-L|oh1
GLUt7	glu-L|h
GLUt7m	glu-L
GLXt	glx
GLXtp	glx
GLYATi	2aobut|accoa|coa|gly
GLYC3Ptm	glyc3p
GLYCDy	dha|glyc|h|nadp|nadph
GLYCLm	co2|gly|mlthf|nad|nadh|nh4|thf
GLYCt	glyc
GLYCt2	glyc|h
GLYGS	14glun|h|h2o|udp|udpg
GLYK	adp|atp|glyc|glyc3p|h
GLYOX	gthrd|h|h2o|lac-D|lgt-S
GLYOXm	gthrd|h|h2o|lac-D|lgt-S
GLYTRS	amp|atp|gly|glytrna|ppi|trnagly
GLYt2m	gly|h
GLYt2r	gly|h
GMPS2	amp|atp|gln-L|glu-L|gmp|h|h2o|ppi|xmp
GND	6pgc|co2|nadp|nadph|ru5p-D
GNNUC	gsn|gua|h2o|rib-D
GPDDA1	chol|g3pc|glyc3p|h|h2o
GRTT	frdp|grdp|ipdp|ppi
GSNK	adp|atp|gmp|gsn|h
GSNt2	gsn|h
GSNt2m	gsn|h
GTHO	gthox|gthrd|h|nadp|nadph
GTHOXti	gthox
GTHOm	gthox|gthrd|h|nadp|nadph
GTHP	gthox|gthrd|h2o|h2o2
GTHPm	gthox|gthrd|h2o|h2o2
GTHRDabcv	adp|atp|gthrd|h|h2o|pi
GTHRDt2	gthrd
GTHS	adp|atp|glucys|gly|gthrd|h|pi
GTMLT	ala-L|cgly|gluala|gthrd
GTPCI	ahdt|for|gtp|h|h2o
GTPCII	25dhpp|for|gtp|h|h2o|ppi
GTPH1	gmp|gtp|h|h2o|pi
GTPt2m	gdp|gtp|h
GUAD	gua|h|h2o|nh4|xan
GUAPRT	gmp|gua|ppi|prpp
GUAt2r	gua|h
GUAtm	gua
H2O2tn	h2o2
H2Ot	h2o
H2Oter	h2o
H2Otm	h2o
H2Otn	h2o
H2Otp	h2o
H2Otv	h2o
HACD10p	3hxccoa|3ohxccoa|h|nad|nadh
HACD4p	3hdcoa|3odcoa|h|nad|nadh
HACD5p	3hddcoa|3oddcoa|h|nad|nadh
HACD6p	3htdcoa|3otdcoa|h|nad|nadh
HACD7p	3hhdcoa|3ohdcoa|h|nad|nadh
HACD8p	3hodcoa|3ohodcoa|h|nad|nadh
HACNHm	b124tc|h2o|hicit
HBZOPT6m	3ophb_5|4hbz|hexdp|ppi
HCITSm	accoa|akg|coa|h|h2o|hcit
HCITSn	accoa|akg|coa|h|h2o|hcit
HCO3E	co2|h|h2o|hco3
HCO3Em	co2|h|h2o|hco3
HCO3En	co2|h|h2o|hco3
HCO3tn	hco3
HCYSMT	ahcys|amet|h|hcys-L|met-L
HCYSt2p	h|hcys-L
HDCAt	hdca
HDCEAt	hdcea
HEMEOMOm	h2o|hemeA|hemeO|nad|nadh|o2
HEMEOSm	frdp|h2o|hemeO|pheme|ppi
HETZK	4mhetz|4mpetz|adp|atp|h
HEX1	adp|atp|g6p|glc-D|h
HEX4	adp|atp|h|man|man6p
HEX7	adp|atp|f6p|fru|h
HEXCCOAtx	hexccoa
HEXDPtm	hexdp
HGNTOR	4mlacac|h|hgentis|o2
HICITDm	h|hicit|nad|nadh|oxag
HISTD	h|h2o|his-L|histd|nad|nadh
HISTP	h2o|hisp|histd|pi
HISTRS	amp|atp|his-L|histrna|ppi|trnahis
HISTRSm	amp|atp|his-L|histrna|ppi|trnahis
HISt2m	h|his-L
HISt2r	h|his-L
HISt6	h|his-L
HKYNH	3hanthrn|ala-L|h2o|hLkynr
HMBS	h2o|hmbil|nh4|ppbng
HMGCOAR	coa|h|hmgcoa|mev-R|nadp|nadph
HMGCOAS	aacoa|accoa|coa|h|h2o|hmgcoa
HMGCOASm	aacoa|accoa|coa|h|h2o|hmgcoa
HMGCOAtm	hmgcoa
HMPK1	4ahmmp|4ampm|adp|atp|h
HPPKm	2ahhmd|2ahhmp|amp|atp|h
HPROa	1p3h5c|4hpro-LT|h|nad|nadh
HPROb	1p3h5c|4hpro-LT|h|nadp|nadph
HPROxm	1p3h5c|4hpro-LT|h|nad|nadh
HPROym	1p3h5c|4hpro-LT|h|nadp|nadph
HSDxi	aspsa|h|hom-L|nad|nadh
HSDyi	aspsa|h|hom-L|nadp|nadph
HSERTA	accoa|achms|coa|hom-L
HSK	adp|atp|h|hom-L|phom
HSTPT	akg|glu-L|hisp|imacp
HXANt2r	h|hxan
HXPRT	hxan|imp|ppi|prpp
HYPOE	h2o|pi|pyam5p|pydam
IAMACt	iamac
IAMOHt	iamoh
IAMOHtm	iamoh
IBUTACt	ibutac
IBUTOHt	ibutoh
IBUTOHtm	ibutoh
ICDHxm	akg|co2|icit|nad|nadh
ICDHy	akg|co2|icit|nadp|nadph
ICDHym	akg|co2|icit|nadp|nadph
ICDHyp	akg|co2|icit|nadp|nadph
ICL	glx|icit|succ
ID3ACALDt	id3acald
ID3ACALDtm	id3acald
IG3PS	aicar|eig3p|gln-L|glu-L|h|prlp
IGPDH	eig3p|h2o|imacp
IGPS	2cpr5p|3ig3p|co2|h|h2o
ILETA	3mop|akg|glu-L|ile-L
ILETAm	3mop|akg|glu-L|ile-L
ILETRS	amp|atp|ile-L|iletrna|ppi|trnaile
ILETRSm	amp|atp|ile-L|iletrna|ppi|trnaile
ILEt2r	h|ile-L
ILEt6	h|ile-L
ILEt7	h|ile-L
ILEtmi	ile-L
IMPC	fprica|h2o|imp
IMPD	h|h2o|imp|nad|nadh|xmp
IND3ACtm	ind3ac
IND3ETHt	ind3eth
IND3ETHtm	ind3eth
INDPYRD	co2|h|id3acald|indpyr
INSK	adp|atp|h|imp|ins
INSTt2	h|inost
INSt2	h|ins
IPC124PLC_SC	cer1_24|h|h2o|ipc124_SC|mi1p-D
IPC126PLC_SC	cer1_26|h|h2o|ipc126_SC|mi1p-D
IPC224PLC_SC	cer2_24|h|h2o|ipc224_SC|mi1p-D
IPC226PLC_SC	cer2_26|h|h2o|ipc226_SC|mi1p-D
IPC324PLC_SC	cer3_24|h|h2o|ipc324_SC|mi1p-D
IPC326PLC_SC	cer3_26|h|h2o|ipc326_SC|mi1p-D
IPCS124_SC	12dgr_SC|cer1_24|ipc124_SC|ptd1ino_SC
IPCS126_SC	12dgr_SC|cer1_26|ipc126_SC|ptd1ino_SC
IPCS224_SC	12dgr_SC|cer2_24|ipc224_SC|ptd1ino_SC
IPCS226_SC	12dgr_SC|cer2_26|ipc226_SC|ptd1ino_SC
IPCS324_SC	12dgr_SC|cer3_24|ipc324_SC|ptd1ino_SC
IPCS326_SC	12dgr_SC|cer3_26|ipc326_SC|ptd1ino_SC
IPDDI	dmpp|ipdp
IPDPtm	ipdp
IPMD	3c2hmp|3c4mop|h|nad|nadh
IPPMIa	2ippm|3c2hmp|h2o
IPPMIb	2ippm|3c3hmp|h2o
IPPS	3c3hmp|3mob|accoa|coa|h|h2o
IPPSm	3c3hmp|3mob|accoa|coa|h|h2o
ITCOALm	adp|atp|coa|itaccoa|itacon|pi
KARA1im	23dhmb|alac-S|h|nadp|nadph
KARA2im	23dhmp|2ahbut|h|nadp|nadph
KYN	Lkynr|ala-L|anth|h|h2o
KYN3OX	Lkynr|h|h2o|hLkynr|nadp|nadph|o2
Kt2r	h|k
L-LACD2cm	ficytc|focytc|lac-L|pyr
L-LACt2r	h|lac-L
L-LACtm	h|lac-L
LALDO3	h|lald-L|mthgxl|nadp|nadph
LANOSTAT_SC	coa|hdcoa|hexccoa|lanost|lanostest_SC|odecoa|pmtcoa|stcoa|tdcoa
LANOSTESTH_SC	h|h2o|hdca|hdcea|hexc|lanost|lanostest_SC|ocdca|ocdcea|ttdca
LANOSTESTH_SCe	h|h2o|hdca|hdcea|hexc|lanost|lanostest_SC|ocdca|ocdcea|ttdca
LANOSTt	lanost
LCADi	h|h2o|lac-L|lald-L|nad|nadh
LCYSTintv	Lcystin|h
LEUTA	4mop|akg|glu-L|leu-L
LEUTAm	4mop|akg|glu-L|leu-L
LEUTRS	amp|atp|leu-L|leutrna|ppi|trnaleu
LEUTRSm	amp|atp|leu-L|leutrna|ppi|trnaleu
LEUt2r	h|leu-L
LEUt6	h|leu-L
LEUt7	h|leu-L
LGTHL	gthrd|lgt-S|mthgxl
LNS14DM	44mctr|for|h|h2o|lanost|nadp|nadph|o2
LNS14DMx	44mctr|for|h|h2o|lanost|nad|nadh|o2
LNSTLS	Ssq23epx|lanost
LPCAT_SC	1agpc_SC|coa|dcacoa|ddcacoa|hdcoa|ocdycacoa|odecoa|pc_SC|pmtcoa|stcoa|tdcoa
LPP_SC	dagpy_SC|h|h2o|pa_SC|pi
LSERDHr	2amsa|h|nadp|nadph|ser-L
LYSTRS	amp|atp|lys-L|lystrna|ppi|trnalys
LYSTRSm	amp|atp|lys-L|lystrna|ppi|trnalys
LYSt2m	h|lys-L
LYSt2r	h|lys-L
LYSt6	h|lys-L
MACACI	4fumacac|4mlacac
MALOAAtp	mal-L|oaa
MALS	accoa|coa|glx|h|h2o|mal-L
MALSp	accoa|coa|glx|h|h2o|mal-L
MALT	glc-D|h2o|malt
MALTt2	h|malt
MALt2r	h|mal-L
MALtm	mal-L|pi
MAN1PT	gdpmann|gtp|h|man1p|ppi
MAN6PI	f6p|man6p
MANNANter	mannan
MANt2	h|man
MCITDm	b124tc|h2o|hcit
MCITL2m	micit|pyr|succ
MCITSm	2mcit|coa|h|h2o|oaa|ppcoa
MCOATA	ACP|coa|malACP|malcoa
MCOATAm	ACP|coa|malACP|malcoa
MDH	h|mal-L|nad|nadh|oaa
MDHm	h|mal-L|nad|nadh|oaa
MDHp	h|mal-L|nad|nadh|oaa
MDRPD	5mdru1p|dkmpp|h2o
ME1m	co2|mal-L|nad|nadh|pyr
ME2m	co2|mal-L|nadp|nadph|pyr
MELIBt2	h|melib
MELTGH	gal|h2o|melt|sbt-D
METAT	amet|atp|h2o|met-L|pi|ppi
METB1	ac|achms|cys-L|cyst-L|h
METS	5mthf|h|hcys-L|met-L|thf
METTRS	amp|atp|met-L|mettrna|ppi|trnamet
METTRSm	amp|atp|met-L|mettrna|ppi|trnamet
METt2m	h|met-L
METt2r	h|met-L
MEVK1	5pmev|adp|atp|h|mev-R
MEVK2	5pmev|cdp|ctp|h|mev-R
MEVK3	5pmev|gdp|gtp|h|mev-R
MEVK4	5pmev|h|mev-R|udp|utp
MFAPS_SC	ahcys|amet|h|ptd2meeta_SC|ptdmeeta_SC
MGSA	dhap|mthgxl|pi
MHPGLUT	hcys-L|hpglu|met-L|mhpglu
MI13456PKn	adp|atp|h|mi13456p|minohp
MI1345PKn	adp|atp|h|mi13456p|mi1345p
MI1456PKn	adp|atp|h|mi13456p|mi1456p
MI145P6Kn	adp|atp|h|mi1456p|mi145p
MI145PKn	adp|atp|h|mi1345p|mi145p
MI145Ptn	mi145p
MI1PP	h2o|inost|mi1p-D|pi
MI1PS	g6p|mi1p-D
MINOHPtn	minohp
MIP2C124PLC_SC	cer1_24|h|h2o|man2mi1p-D|mip2c124_SC
MIP2C126PLC_SC	cer1_26|h|h2o|man2mi1p-D|mip2c126_SC
MIP2C224PLC_SC	cer2_24|h|h2o|man2mi1p-D|mip2c224_SC
MIP2C226PLC_SC	cer2_26|h|h2o|man2mi1p-D|mip2c226_SC
MIP2C324PLC_SC	cer3_24|h|h2o|man2mi1p-D|mip2c324_SC
MIP2C326PLC_SC	cer3_26|h|h2o|man2mi1p-D|mip2c326_SC
MIP2CS124_SC	12dgr_SC|mip2c124_SC|mipc124_SC|ptd1ino_SC
MIP2CS126_SC	12dgr_SC|mip2c126_SC|mipc126_SC|ptd1ino_SC
MIP2CS224_SC	12dgr_SC|mip2c224_SC|mipc224_SC|ptd1ino_SC
MIP2CS226_SC	12dgr_SC|mip2c226_SC|mipc226_SC|ptd1ino_SC
MIP2CS324_SC	12dgr_SC|mip2c324_SC|mipc324_SC|ptd1ino_SC
MIP2CS326_SC	12dgr_SC|mip2c326_SC|mipc326_SC|ptd1ino_SC
MIPC124PLC_SC	cer1_24|h|h2o|manmi1p-D|mipc124_SC
MIPC126PLC_SC	cer1_26|h|h2o|manmi1p-D|mipc126_SC
MIPC224PLC_SC	cer2_24|h|h2o|manmi1p-D|mipc224_SC
MIPC226PLC_SC	cer2_26|h|h2o|manmi1p-D|mipc226_SC
MIPC324PLC_SC	cer3_24|h|h2o|manmi1p-D|mipc324_SC
MIPC326PLC_SC	cer3_26|h|h2o|manmi1p-D|mipc326_SC
MIPCS124_SC	gdp|gdpmann|h|ipc124_SC|mipc124_SC
MIPCS126_SC	gdp|gdpmann|h|ipc126_SC|mipc126_SC
MIPCS224_SC	gdp|gdpmann|h|ipc224_SC|mipc224_SC
MIPCS226_SC	gdp|gdpmann|h|ipc226_SC|mipc226_SC
MIPCS324_SC	gdp|gdpmann|h|ipc324_SC|mipc324_SC
MIPCS326_SC	gdp|gdpmann|h|ipc326_SC|mipc326_SC
MMETt2	h|mmet
MOHMT	2dhp|3mob|h2o|mlthf|thf
MTAP	5mdr1p|5mta|ade|pi
MTHFC	10fthf|h|h2o|methf
MTHFCm	10fthf|h|h2o|methf
MTHFD	methf|mlthf|nadp|nadph
MTHFD2i	methf|mlthf|nad|nadh
MTHFDm	methf|mlthf|nadp|nadph
MTHFR3	5mthf|h|mlthf|nadp|nadph
MTRI	5mdr1p|5mdru1p
NABTNO	4aabutn|h|h2o|n4abutn|nad|nadh
NACt	nac
NADDPp	amp|h|h2o|nad|nmn
NADH2-u6cm	h|nad|nadh|q6|q6h2
NADH2-u6m	h|nad|nadh|q6|q6h2
NADK	adp|atp|h|nad|nadp
NADKm	adp|atp|h|nad|nadp
NADN	adprib|h|h2o|nad|ncam
NADNm	adprib|h|h2o|nad|ncam
NADPPPS	h2o|nad|nadp|pi
NADPPPSm	h2o|nad|nadp|pi
NADPt	nadp
NADS1	amp|atp|dnad|h|nad|nh4|ppi
NADS1n	amp|atp|dnad|h|nad|nh4|ppi
NADtn	nad
NAPRT	h|nac|nicrnt|ppi|prpp
NAPRTm	h|nac|nicrnt|ppi|prpp
NAt3_1	h|na1
NDP1	adp|amp|h|h2o|pi
NDP3	gdp|gmp|h|h2o|pi
NDP3g	gdp|gmp|h|h2o|pi
NDP4	dgdp|dgmp|h|h2o|pi
NDP7	h|h2o|pi|udp|ump
NDPK1	adp|atp|gdp|gtp
NDPK2	adp|atp|udp|utp
NDPK3	adp|atp|cdp|ctp
NDPK4	adp|atp|dtdp|dttp
NDPK5	adp|atp|dgdp|dgtp
NDPK6	adp|atp|dudp|dutp
NDPK7	adp|atp|dcdp|dctp
NDPK8	adp|atp|dadp|datp
NDPK9	adp|atp|idp|itp
NFORTYRt	Nbfortyr
NFTYROX	Nbfortyr|Nfortyr|h|nadp|nadph
NH4t	nh4
NH4ti	nh4
NH4tm	nh4
NH4tn	nh4
NH4tp	nh4
NMNAT	atp|h|nad|nmn|ppi
NMNATm	atp|h|nad|nmn|ppi
NMNTP	h|nmn
NMNt2m	h|nmn
NMNt2p	h|nmn
NNAMr	h2o|nac|ncam|nh4
NNAMrm	h2o|nac|ncam|nh4
NNAT	atp|dnad|h|nicrnt|ppi
NNATm	atp|dnad|h|nicrnt|ppi
NNDPR	co2|h|nicrnt|ppi|prpp|quln
NNDPRm	co2|h|nicrnt|ppi|prpp|quln
NNMT	1mncam|ahcys|amet|ncam
NTD1	dump|duri|h2o|pi
NTD10	h2o|pi|xmp|xtsn
NTD11	h2o|imp|ins|pi
NTD2	h2o|pi|ump|uri
NTD3	dcmp|dcyt|h2o|pi
NTD4	cmp|cytd|h2o|pi
NTD5	dtmp|h2o|pi|thymd
NTD6	dad-2|damp|h2o|pi
NTD7	adn|amp|h2o|pi
NTD8	dgmp|dgsn|h2o|pi
NTD9	gmp|gsn|h2o|pi
NTP3	gdp|gtp|h|h2o|pi
NTP4	dgdp|dgtp|h|h2o|pi
NTRLASE	h2o|ind3ac|ind3acnl|nh4
NTRLASE2	ala-L|aprop|h2o|nh4
NTRLASE3	acybut|glu-L|h2o|nh4
O2t	o2
O2ter	o2
O2tm	o2
OAAt	oaa
OAAt2m	h|oaa
OBDHm	2obut|co2|coa|nad|nadh|ppcoa
OCBTi	cbp|citr-L|h|orn|pi
OCDCAt	ocdca
OCDCEAt	ocdcea
OCDCYAt	ocdcya
OHACT1	accoa|aces|coa|etoh
OHACT2	accoa|coa|iamac|iamoh
OHACT3	2mbac|2mbtoh|accoa|coa
OHACT4	accoa|coa|ibutac|ibutoh
OHACT5	2phetoh|accoa|coa|pheac
OHPBAT	akg|glu-L|ohpb|phthr
OMCDC	3c4mop|4mop|co2|h
OMCDCm	3c4mop|4mop|co2|h
OMPDC	co2|h|orot5p|ump
ORNDC	co2|h|orn|ptrc
ORNTA	akg|glu-L|glu5sa|orn
ORNTACim	acglu|acorn|glu-L|orn
ORNt2r	h|orn
ORNt3m	h|orn
ORPT	orot|orot5p|ppi|prpp
OXAGm	2oxoadp|co2|h|oxag
OXO2Ctm	akg|oxag
P5CDm	1pyr5c|glu-L|h|h2o|nad|nadh
P5CR	1pyr5c|h|nadp|nadph|pro-L
PACALDt	pacald
PACALDtm	pacald
PAK_SC	adp|atp|dagpy_SC|pa_SC
PAN4Ptm	pan4p
PANTS	ala-B|amp|atp|h|pant-R|pnto-R|ppi
PANTtm	pant-R
PAPSR	h|pap|paps|so3|trdox|trdrd
PAPt	pap
PAPtm	pap
PAtm_SC	pa_SC
PC	adp|atp|h|hco3|oaa|pi|pyr
PCDAGAT	12dgr_SC|1agpc_SC|pc_SC|triglyc_SC
PDE1	amp|camp|h|h2o
PDE2	35cdamp|damp|h|h2o
PDE3	35cimp|h|h2o|imp
PDE4	35cgmp|gmp|h|h2o
PDE5	35ccmp|cmp|h|h2o
PDHcm	dhlam|h|lpam|nad|nadh
PDHm	accoa|co2|coa|nad|nadh|pyr
PDX5PO	h2o2|o2|pdx5p|pydx5p
PENDPtm	pendp
PEPAT	accoa|apep|coa|h|pepd
PEPDt3	h|pepd
PETHCT	cdpea|ctp|ethamp|h|ppi
PETOHM_SC	ahcys|amet|h|pe_SC|ptdmeeta_SC
PEtg_SC	pe_SC
PEtm_SC	pe_SC
PEtv_SC	pe_SC
PFK	adp|atp|f6p|fdp|h
PFK26	adp|atp|f26bp|f6p|h
PFK_2	adp|atp|h|tag6p-D|tagdp-D
PFK_3	adp|atp|h|s17bp|s7p
PGAMT	gam1p|gam6p
PGCD	3pg|3php|h|nad|nadh
PGI	f6p|g6p
PGK	13dpg|3pg|adp|atp
PGL	6pgc|6pgl|h|h2o
PGM	2pg|3pg
PGMT	g1p|g6p
PGPPAm_SC	h2o|pg_SC|pgp_SC|pi
PHCDm	1p3h5c|e4hglu|h|h2o|nad|nadh
PHCHGSm	1p3h5c|4hglusa|h|h2o
PHEACt	pheac
PHETA1	akg|glu-L|phe-L|phpyr
PHETRS	amp|atp|phe-L|phetrna|ppi|trnaphe
PHETRSm	amp|atp|phe-L|phetrna|ppi|trnaphe
PHEt2m	h|phe-L
PHEt2r	h|phe-L
PI35BP5P_SC	h2o|pi|ptd135bp_SC|ptd3ino_SC
PI3P4K_SC	adp|atp|h|ptd134bp_SC|ptd3ino_SC
PI3P5K_SC	adp|atp|h|ptd135bp_SC|ptd3ino_SC
PI45BP5P_SC	h2o|pi|ptd145bp_SC|ptd4ino_SC
PI45BPP_SC	12dgr_SC|h|h2o|mi145p|ptd145bp_SC
PI4P5K_SC	adp|atp|h|ptd145bp_SC|ptd4ino_SC
PIN3K_SC	adp|atp|h|ptd1ino_SC|ptd3ino_SC
PIN4K_SC	adp|atp|h|ptd1ino_SC|ptd4ino_SC
PIN4Kn_SC	adp|atp|h|ptd1ino_SC|ptd4ino_SC
PINOS_SC	cdpdag_SC|cmp|h|inost|ptd1ino_SC
PIt2m	h|pi
PIt2n	h|pi
PIt2p	h|pi
PIt2r	h|pi
PIt2v	h|pi
PIt5m	oh1|pi
PLBP1I_SCe	dca|ddca|g3pi|h|h2o|hdca|hdcea|ocdca|ocdcea|ocdcya|ptd1ino_SC|ttdca
PLBPC_SC	dca|ddca|g3pc|h|h2o|hdca|hdcea|ocdca|ocdcea|ocdcya|pc_SC|ttdca
PLBPC_SCe	dca|ddca|g3pc|h|h2o|hdca|hdcea|ocdca|ocdcea|ocdcya|pc_SC|ttdca
PLD_SC	chol|h|h2o|pa_SC|pc_SC
PMANM	man1p|man6p
PMDPHT	4r5au|5aprbu|h2o|pi
PMETM_SC	ahcys|amet|h|pc_SC|ptd2meeta_SC
PMEVK	5dpmev|5pmev|adp|atp
PMI12346PH	h|h2o|minohp|pi|ppmi12346p
PMI12346PS	adp|atp|minohp|ppmi12346p
PMI1346PH	h|h2o|mi13456p|pi|ppmi1346p
PMI1346PS	adp|atp|mi13456p|ppmi1346p
PMPK	2mahmp|4ampm|adp|atp
PNP	h|ncam|pi|r1p|rnam
PNTK	4ppan|adp|atp|h|pnto-R
PNTOt2	h|pnto-R
POLYAO	N1aspmd|aproa|aprut|h2o|h2o2|o2
POLYAO2	N1aspmd|N1sprm|aproa|h2o|h2o2|o2
POLYAO3	aproa|h2o|h2o2|o2|spmd|sprm
PPA	h|h2o|pi|ppi
PPAm	h|h2o|pi|ppi
PPBNGS	5aop|h|h2o|ppbng
PPCDC	4ppcys|co2|h|pan4p
PPCK	adp|atp|co2|oaa|pep
PPM	r1p|r5p
PPNCL2	4ppan|4ppcys|cmp|ctp|cys-L|h|ppi
PPND	34hpp|co2|nad|nadh|pphn
PPND2	34hpp|co2|nadp|nadph|pphn
PPNDH	co2|h|h2o|phpyr|pphn
PPPG9tm	pppg9
PPPGOm	h2o|o2|ppp9|pppg9
PPTTm	hexdp|ipdp|pendp|ppi
PPYRDC	co2|h|pacald|phpyr
PRAGSr	adp|atp|gar|gly|h|pi|pram
PRAIS	adp|air|atp|fpram|h|pi
PRAIi	2cpr5p|pran
PRAMPC	h2o|prbamp|prfp
PRASCS	25aics|5aizc|adp|asp-L|atp|h|pi
PRATPP	h|h2o|ppi|prbamp|prbatp
PRFGS	adp|atp|fgam|fpram|gln-L|glu-L|h|h2o|pi
PRMICIi	prfp|prlp
PRO1xm	1pyr5c|h|nad|nadh|pro-L
PROTRS	amp|atp|ppi|pro-L|protrna|trnapro
PROt2r	h|pro-L
PROtm	pro-L
PRPPS	amp|atp|h|prpp|r5p
PRPPtm	prpp
PSCVTi	3psme|pep|pi|skm5p
PSERDg_SC	co2|h|pe_SC|ps_SC
PSERDm_SC	co2|h|pe_SC|ps_SC
PSERDv_SC	co2|h|pe_SC|ps_SC
PSERS_SC	cdpdag_SC|cmp|h|ps_SC|ser-L
PSERSm_SC	cdpdag_SC|cmp|h|ps_SC|ser-L
PSERT	3php|akg|glu-L|pser-L
PSPH1Pter	psph1p
PSPHPL	2hhxdal|ethamp|psph1p
PSPHS	h|h2o|nadp|nadph|o2|psphings|sphgn
PSP_L	h2o|pi|pser-L|ser-L
PStg_SC	ps_SC
PStm_SC	ps_SC
PStv_SC	ps_SC
PTD1INOtn_SC	ptd1ino_SC
PTD4INOtn_SC	ptd4ino_SC
PTE10x	coa|dca|dcacoa|h|h2o
PTE11x	coa|ddca|ddcacoa|h|h2o
PTE12x	coa|h|h2o|ttc|ttccoa
PTE2x	coa|h|h2o|hdca|pmtcoa
PTE7x	coa|h|h2o|tdcoa|ttdca
PTE8x	coa|h|h2o|ocdca|stcoa
PTE9x	coa|h|h2o|occoa|octa
PTPATi	atp|dpcoa|h|pan4p|ppi
PTPATim	atp|dpcoa|h|pan4p|ppi
PTRCt3i	h|ptrc
PTRCtex2	ptrc
PUNP1	ade|adn|pi|r1p
PUNP1m	ade|adn|pi|r1p
PUNP2	2dr1p|ade|dad-2|pi
PUNP3	gsn|gua|pi|r1p
PUNP3m	gsn|gua|pi|r1p
PUNP4	2dr1p|dgsn|gua|pi
PUNP5	hxan|ins|pi|r1p
PUNP6	2dr1p|din|hxan|pi
PUNP7	pi|r1p|xan|xtsn
PYAM5PO	h2o|h2o2|nh4|o2|pyam5p|pydx5p
PYDAMK	adp|atp|h|pyam5p|pydam
PYDXK	adp|atp|h|pydx|pydx5p
PYDXNK	adp|atp|h|pdx5p|pydxn
PYDXNO	h2o2|o2|pydx|pydxn
PYDXO	h2o|h2o2|nh4|o2|pydam|pydx
PYK	adp|atp|h|pep|pyr
PYNP2r	pi|r1p|ura|uri
PYR5CDm	glu-L|glu5sa|h|h2o|nadp|nadph
PYRDC	acald|co2|h|pyr
PYRDC2	acald|actn-R|co2|h|pyr
PYRt	pyr
PYRt2	h|pyr
PYRt2m	h|pyr
PYRt2p	h|pyr
QUILSYN	cmusa|h|h2o|quln
QULNS	dhap|h2o|iasp|pi|quln
QULNtm	quln
RAFGH	gal|h2o|raffin|sucr
RBFK	adp|atp|fmn|h|ribflv
RBFKm	adp|atp|fmn|h|ribflv
RBFSa	4r5au|db4p|dmlz|h2o|pi
RBFSb	4r5au|dmlz|ribflv
RBK	adp|atp|h|r5p|rib-D
RIBFLVt2	h|ribflv
RIBFLVtm	ribflv
RIBt2	h|rib-D
RNDR1	adp|dadp|h2o|trdox|trdrd
RNDR1n	adp|dadp|h2o|trdox|trdrd
RNDR2	dgdp|gdp|h2o|trdox|trdrd
RNDR2n	dgdp|gdp|h2o|trdox|trdrd
RNDR3	cdp|dcdp|h2o|trdox|trdrd
RNDR3n	cdp|dcdp|h2o|trdox|trdrd
RNDR4	dudp|h2o|trdox|trdrd|udp
RNDR4n	dudp|h2o|trdox|trdrd|udp
RNMK	adp|atp|h|nmn|rnam
RNTR1	atp|datp|h2o|trdox|trdrd
RNTR2	dgtp|gtp|h2o|trdox|trdrd
RNTR3	ctp|dctp|h2o|trdox|trdrd
RNTR4	dutp|h2o|trdox|trdrd|utp
RPE	ru5p-D|xu5p-D
RPI	r5p|ru5p-D
SACCD1	L2aadp6sa|glu-L|h|h2o|nadp|nadph|saccrp-L
SACCD2	akg|h|h2o|lys-L|nad|nadh|saccrp-L
SADT	aps|atp|h|ppi|so4
SAM24MT	ahcys|amet|fecost|h|zymst
SBPP1er	h2o|pi|sph1p|sphgn
SBPP2er	h2o|pi|psph1p|psphings
SBTD_D2	fru|h|nad|nadh|sbt-D
SBTD_L	h|nad|nadh|sbt-L|srb-L
SBTR	glc-D|h|nadp|nadph|sbt-D
SBT_Dt	sbt-D
SBT_Lt	sbt-L
SERATi	accoa|acser|coa|ser-L
SERD_L	nh4|pyr|ser-L
SERPT	3dsphgn|co2|coa|h|pmtcoa|ser-L
SERTRS	amp|atp|ppi|ser-L|sertrna|trnaser
SERt2m	h|ser-L
SERt2r	h|ser-L
SFGTH	Sfglutth|for|gthrd|h|h2o
SHCHD	dscl|h|nadp|nadph|scl
SHCHF	fe2|h|scl|sheme
SHK3D	3dhsk|h|nadp|nadph|skm
SHKK	adp|atp|h|skm|skm5p
SHSL1	cys-L|cyst-L|h|succ|suchms
SHSL4r	2obut|h|h2o|nh4|succ|suchms
SLCBK1	adp|atp|h|sph1p|sphgn
SLCBK2	adp|atp|h|psph1p|psphings
SLFAT	adp|aps|h|pi|so4
SO3ti	so3
SO4ti	so4
SPH1Pter	sph1p
SPHPL	ethamp|hxdcal|sph1p
SPMDAT1	N1aspmd|accoa|coa|h|spmd
SPMDt3i	h|spmd
SPMDtex2	spmd
SPMS	5mta|ametam|h|ptrc|spmd
SPRMS	5mta|ametam|h|spmd|sprm
SPRMt2i	h|sprm
SQ23EPXter	Ssq23epx
SQLEr	Ssq23epx|h|h2o|nadp|nadph|o2|sql
SQLErx	Ssq23epx|h|h2o|nad|nadh|o2|sql
SQLS	frdp|h|nadp|nadph|ppi|sql
SQLter	sql
SRB_Lt	srb-L
SSALy	h|h2o|nadp|nadph|succ|sucsal
SUCCt2r	h|succ
SUCCtm	pi|succ
SUCD1m	fad|fadh2|fum|succ
SUCD2_u6m	fum|q6|q6h2|succ
SUCD3-u6m	fad|fadh2|q6|q6h2
SUCFUMtm	fum|succ
SUCOASm	adp|atp|coa|pi|succ|succoa
SUCRe	fru|glc-D|h2o|sucr
SUCRt2	h|sucr
SULR	h|h2o|h2s|nadp|nadph|so3
T4HCINNMFM	34hpl|T4hcinnm|h2o
TAGL_SC	12dgr_SC|dca|ddca|h|h2o|hdca|hdcea|ocdca|ocdcea|ocdcya|triglyc_SC|ttdca
TALA	e4p|f6p|g3p|s7p
TAUDO	aacald|akg|co2|h|o2|so3|succ|taur
TAURt	taur
TCHOLAabcv	adp|atp|h|h2o|pi|tchola
THFATm	5fthf|h|h2o|methf
THFGLUS	adp|atp|glu-L|h|pi|thf|thfglu
THIORDXi	h2o|h2o2|trdox|trdrd
THIORDXm	h2o|h2o2|trdox|trdrd
THIORDXni	h2o|h2o2|trdox|trdrd
THIORDXp	h2o|h2o2|trdox|trdrd
THMDPe	h|h2o|pi|thm|thmpp
THMDt2	h|thymd
THMP	h2o|pi|thm|thmmp
THMPPt2m	thmpp
THMPe	h2o|pi|thm|thmmp
THMt2	h|thm
THRA2i	acald|athr-L|gly
THRAi	acald|gly|thr-L
THRD_L	2obut|nh4|thr-L
THRD_Lm	2obut|nh4|thr-L
THRS	h2o|phom|pi|thr-L
THRTRS	amp|atp|ppi|thr-L|thrtrna|trnathr
THRTRSm	amp|atp|ppi|thr-L|thrtrna|trnathr
THRt2m	h|thr-L
THRt2r	h|thr-L
THYMt3r	h|thym
THZPSN1_SC	4abut|4mpetz|ac|achms|co2|cys-L|gly|h|h2o|nh4|pyr|xu5p-D
THZPSN2_SC	4abut|4mpetz|ac|achms|co2|cys-L|gly|h|h2o|nh4|pyr|r5p
TKT1	g3p|r5p|s7p|xu5p-D
TKT2	e4p|f6p|g3p|xu5p-D
TMDK1	adp|atp|dtmp|h|thymd
TMDPK	amp|atp|h|thm|thmpp
TMDPP	2dr1p|pi|thym|thymd
TMDPPK	adp|atp|thmpp|thmtp
TMDS	dhf|dtmp|dump|mlthf
TMN	4ahmmp|4mhetz|h|h2o|thm
TMPKr	adp|atp|thmmp|thmpp
TMPPP	2mahmp|4mpetz|h|ppi|thmmp
TPI	dhap|g3p
TRDOXtp	trdox
TRDR	h|nadp|nadph|trdox|trdrd
TRDRDtp	trdrd
TRDRm	h|nadp|nadph|trdox|trdrd
TRE6PP	h2o|pi|tre|tre6p
TRE6PS	g6p|h|tre6p|udp|udpg
TREH	glc-D|h2o|tre
TREHv	glc-D|h2o|tre
TREt2	h|tre
TREt2v	h|tre
TRIGS_SC	12dgr_SC|coa|dcacoa|ddcacoa|hdcoa|ocdycacoa|odecoa|pmtcoa|stcoa|tdcoa|triglyc_SC
TRPO2	Lfmkynr|o2|trp-L
TRPS1	3ig3p|g3p|h2o|ser-L|trp-L
TRPTA	akg|glu-L|indpyr|trp-L
TRPTRS	amp|atp|ppi|trnatrp|trp-L|trptrna
TRPTRSm	amp|atp|ppi|trnatrp|trp-L|trptrna
TRPt2m	h|trp-L
TRPt2r	h|trp-L
TTCCOAtx	ttccoa
TTDCAtr	ttdca
TYRNFT	10fthf|Nfortyr|h|thf|tyr-L
TYRTAi	34hpp|akg|glu-L|tyr-L
TYRTAim	34hpp|akg|glu-L|tyr-L
TYRTAip	34hpp|akg|glu-L|tyr-L
TYRTRS	amp|atp|ppi|trnatyr|tyr-L|tyrtrna
TYRTRSm	amp|atp|ppi|trnatyr|tyr-L|tyrtrna
TYRt2m	h|tyr-L
TYRt2p	h|tyr-L
TYRt2r	h|tyr-L
TYRt6	h|tyr-L
TYRt7	h|tyr-L
UDPACGLP	acgam1p|h|ppi|udpacgal|utp
UDPG4E	udpg|udpgal
UDPGALt2g	udpgal
UGLT	g1p|gal1p|udpg|udpgal
UGLYCHr	co2|glx|h|h2o|nh4|urdglyc
UMPK	adp|atp|udp|ump
UMPKn	adp|atp|udp|ump
UMPtn	ump
UNK3	2kmb|akg|glu-L|met-L
UPP3MT	ahcys|amet|dscl|h|uppg3
UPP3S	h2o|hmbil|uppg3
UPPDC1	co2|cpppg3|h|uppg3
UPPRT	ppi|prpp|ump|ura
URAt2	h|ura
UREA2t2	h|urea
UREASE	adp|allphn|atp|h|hco3|pi|urea
URIDK2r	adp|atp|dudp|dump
URIDK2rn	adp|atp|dudp|dump
URIK1	adp|atp|h|ump|uri
URIK2	gdp|gtp|h|ump|uri
URIt2	h|uri
UTPH1	h|h2o|pi|ump|utp
UTPtm	h|ump|utp
VALTA	3mob|akg|glu-L|val-L
VALTAim	3mob|akg|glu-L|val-L
VALTRS	amp|atp|ppi|trnaval|val-L|valtrna
VALTRSm	amp|atp|ppi|trnaval|val-L|valtrna
VALt2m	h|val-L
VALt2r	h|val-L
XANt	xan
XPPT	ppi|prpp|xan|xmp
XTSNt2	h|xtsn
XYLK	adp|atp|h|xu5p-D|xylu-D
XYLR	h|nadp|nadph|xyl-D|xylt
XYLTD_D	h|nad|nadh|xylt|xylu-D
XYLTt	xylt
XYLt	xyl-D
YUMPS	h2o|psd5p|r5p|ura
ZYMSTAT_SC	coa|hdcoa|hexccoa|odecoa|pmtcoa|stcoa|tdcoa|zymst|zymstest_SC
ZYMSTESTH_SC	h|h2o|hdca|hdcea|hexc|ocdca|ocdcea|ttdca|zymst|zymstest_SC
ZYMSTESTH_SCe	h|h2o|hdca|hdcea|hexc|ocdca|ocdcea|ttdca|zymst|zymstest_SC
ZYMSTt	zymst
biomass_SC5_notrace	13BDglcn|adp|ala-L|amp|arg-L|asn-L|asp-L|atp|cmp|cys-L|damp|dcmp|dgmp|dtmp|ergst|gln-L|glu-L|gly|glycogen|gmp|h|h2o|his-L|ile-L|leu-L|lys-L|mannan|met-L|pa_SC|pc_SC|pe_SC|phe-L|pi|pro-L|ps_SC|ptd1ino_SC|ribflv|ser-L|so4|thr-L|tre|triglyc_SC|trp-L|tyr-L|ump|val-L|zymst
