12PPDt	12ppd-S
23CN2P1	23camp|3amp|h|h2o
23CN2P2	23cump|3ump|h|h2o
23CN2P3	23ccmp|3cmp|h|h2o
23CN2P4	23cgmp|3gmp|h|h2o
2AMIPYT	2aeppn|ala-L|pald|pyr
2DGLCNRx	2dhglcn|glcn-D|h|nad|nadh
2DGLCNRy	2dhglcn|glcn-D|h|nadp|nadph
2DGULRx	2dhguln|h|idon-L|nad|nadh
2DGULRy	2dhguln|h|idon-L|nadp|nadph
2INSD	2ins|dkdi|h2o
2PGt6ii	2pg|pi
3NUCLE1	3amp|adn|h2o|pi
3NUCLE2	3ump|h2o|pi|uri
3NUCLE3	3cmp|cytd|h2o|pi
3NUCLE4	3gmp|gsn|h2o|pi
3PGt-6	3pg|pi
4HPACt2r	4hphac|h
4HTHRS	4hthr|h2o|phthr|pi
5CMHMISO	5cmhm|5cohe
5DGLCNR	5dglcn|glcn-D|h|nadp|nadph
5DOAN	5drib|ade|dad-5|h2o
A5PISO	ara5p|ru5p-D
AACPS1	ACP|amp|atp|myrsACP|ppi|ttdca
AACPS12	ACP|amp|atp|ocdcya|ocdcyaACP|ppi
AACPS3	ACP|amp|atp|hdca|palmACP|ppi
AACPS4	ACP|amp|atp|hdcea|hdeACP|ppi
AACPS5	ACP|amp|atp|ocdcea|octeACP|ppi
AACPS6	ACP|amp|atp|ocdACP|ocdca|ppi
AACPS7	ACP|amp|atp|ddca|ddcaACP|ppi
AACPS8	ACP|amp|atp|ocdcte|ocdcteACP|ppi
AADDGT	dtdp|dtdp4aaddg|h|unagamu|unagamuf
ABTA	4abut|akg|glu-L|sucsal
ABUTD	4abut|4abutn|h|h2o|nad|nadh
ACALD	acald|accoa|coa|h|nad|nadh
ACALDt	acald
ACBIPGT	adcobap|adgcoba|gtp|h|ppi
ACCOACr	accoa|adp|atp|h|hco3|malcoa|pi
ACCOAL	adp|atp|coa|pi|ppa|ppcoa
ACGAMT	uacgam|udcpp|ump|unaga
ACGApts	acgam|acgam6p|pep|pyr
ACGK	acg5p|acglu|adp|atp
ACGS	accoa|acglu|coa|glu-L|h
ACHBS	2ahbut|2obut|co2|h|pyr
ACKr	ac|actp|adp|atp
ACLS	alac-S|co2|h|pyr
ACMAMUT	h|uacmamu|udp|unaga|unagamu
ACMANApts	acmana|acmanap|pep|pyr
ACMAT1	ACP|acACP|actACP|co2|h|malACP
ACNAMt2	acnam|h
ACNML	acmana|acnam|pyr
ACOATA	ACP|acACP|accoa|coa
ACODA	ac|acorn|h2o|orn-L
ACONTa	acon-C|cit|h2o
ACONTb	acon-C|h2o|icit
ACOTA	acg5sa|acorn|akg|glu-L
ACPS1	ACP|apoACP|coa|h|pap
ACS	ac|accoa|amp|atp|coa|ppi
ACt4	ac|na1
ACt6	ac|h
ADA	adn|h|h2o|ins|nh4
ADCL	4abz|4adcho|h|pyr
ADCOBAK	adcoba|adcobap|adp|atp|h
ADCOBHEXS	adcobdam|adcobhex|adp|atp|gln-L|glu-L|h|h2o|pi
ADCPS2	adcobap|adcobhex|adp|applp|atp|h|pi
ADCS	4adcho|chor|gln-L|glu-L
ADEt2	ade|h
ADK1	adp|amp|atp
ADK3	adp|amp|gdp|gtp
ADK4	adp|amp|idp|itp
ADMDC	amet|ametam|co2|h
ADNCYC	atp|camp|ppi
ADNK1	adn|adp|amp|atp|h
ADNt2	adn|h
ADOCBLS	adgcoba|cobamcoa|gmp|h|nad|nadh|rdmbzi
ADPRDP	adprib|amp|h|h2o|r5p
ADPT	ade|amp|ppi|prpp
ADSK	adp|aps|atp|h|paps
ADSL1r	amp|dcamp|fum
ADSL2r	25aics|aicar|fum
ADSS	asp-L|dcamp|gdp|gtp|h|imp|pi
AEPPNabc	2aeppn|adp|atp|h|h2o|pi
AGDC	ac|acgam6p|gam6p|h2o
AGMHE	adphep-D,D|adphep-L,D
AGMT	agm|h2o|ptrc|urea
AGPR	acg5p|acg5sa|h|nadp|nadph|pi
AHAI	23dhmb|alac-S|h|nadp|nadph
AHCYSNS	ade|ahcys|h2o|rhcys
AICART	10fthf|aicar|fprica|thf
AIRC2	5caiz|adp|air|atp|h|hco3|pi
AIRC3	5aizc|5caiz
AKGD	akg|co2|coa|nad|nadh|succoa
AKGt2	akg|h
ALAALA	adp|ala-D|alaala|atp|h|pi
ALAGLUEP	ala-L-glu-D|ala-L-glu-L
ALAR	ala-D|ala-L
ALATA_D2	ala-D|pyam5p|pydx5p|pyr
ALATA_L	akg|ala-L|glu-L|pyr
ALATA_L2	ala-L|pyam5p|pydx5p|pyr
ALATRS	ala-L|alatrna|amp|atp|ppi|trnaala
ALA_Dt2	ala-D|h
ALAabc	adp|ala-L|atp|h|h2o|pi
ALAt2	ala-L|h
ALCD2x	acald|etoh|h|nad|nadh
ALCD2z	h|nad|nadh|ppal|ppoh
ALDD2y	ac|acald|h|h2o|nadp|nadph
ALLTAMH	alltt|co2|h|h2o|nh4|urdglyc
ALLTN	alltn|alltt|h|h2o
ALLTNt6	alltn|h
AMALT1	glc-D|malt|malttr|maltttr
AMALT2	glc-D|malt|maltpt|maltttr
AMALT3	glc-D|malt|malthx|maltpt
AMALT4	glc-D|malt|malthp|malthx
AMANAPEr	acgam6p|acmanap
AMANK	acmana|acmanap|adp|atp|h
AMAOT	8aonn|amet|amob|dann
AMMQT8_2	2dmmq8|ahcys|amet|h|mqn8
AMPCLNt	ampcln|h
AMPMS	4ampm|air|for|h|h2o
AMPN	ade|amp|h2o|r5p
ANPRT	anth|ppi|pran|prpp
ANS1	anth|chor|gln-L|glu-L|h|pyr
AOXS	8aonn|ala-L|co2|coa|h|pmcoa
AP4AH	adp|ap4a|h|h2o
AP5AH	adp|ap5a|atp|h|h2o
APRAUR	5aprbu|5apru|h|nadp|nadph
ARAI	arab-L|rbl-L
ARBt2	arab-L|h
ARGDC	agm|arg-L|co2|h
ARGDr	arg-L|citr-L|h2o|nh4
ARGORNt3	arg-L|orn-L
ARGSL	arg-L|argsuc|fum
ARGSS	amp|argsuc|asp-L|atp|citr-L|h|ppi
ARGTRS	amp|arg-L|argtrna|atp|ppi|trnaarg
ARGabc	adp|arg-L|atp|h|h2o|pi
ARGt3	arg-L|h
ASAD	4pasp|aspsa|h|nadp|nadph|pi
ASCBPL	3dgulnp|ascb6p|h|h2o
ASCBpts	ascb|ascb6p|pep|pyr
ASNN	asn-L|asp-L|h2o|nh4
ASNNe	asn-L|asp-L|h2o|nh4
ASNS1	amp|asn-L|asp-L|atp|gln-L|glu-L|h|h2o|ppi
ASNS2	amp|asn-L|asp-L|atp|h|nh4|ppi
ASNTRS	amp|asn-L|asntrna|atp|ppi|trnaasn
ASNt2	asn-L|h
ASP1DC	ala-B|asp-L|co2|h
ASPCT	asp-L|cbasp|cbp|h|pi
ASPDt	asp-D
ASPK	4pasp|adp|asp-L|atp
ASPO3	asp-L|h|iasp|ubq8|ubq8h2
ASPO4	asp-L|h|iasp|mql8|mqn8
ASPO5	asp-L|fum|h|iasp|succ
ASPO6	asp-L|h|h2o2|iasp|o2
ASPR	asp-D|asp-L
ASPT	asp-L|fum|nh4
ASPTA1r	akg|asp-L|glu-L|oaa
ASPTRS	amp|asp-L|asptrna|atp|ppi|trnaasp
ASPabc	adp|asp-L|atp|h|h2o|pi
ASPt2	asp-L|h
ASPt2_2	asp-L|h
ASPt2_3	asp-L|h
AST	arg-L|coa|h|sucarg|succoa
ATPM	adp|atp|h|h2o|pi
ATPPRT	atp|ppi|prbatp|prpp
ATPS4r	adp|atp|h|h2o|pi
BPNT	amp|h2o|pap|pi
BSORx	btn|btnso|h|h2o|nad|nadh
BSORy	btn|btnso|h|h2o|nadp|nadph
BTS2	ala-L|btn|cys-L|dtbt|h
C120SN	ACP|actACP|co2|ddcaACP|h|h2o|malACP|nadp|nadph
C140SN	ACP|actACP|co2|h|h2o|malACP|myrsACP|nadp|nadph
C160SN	ACP|actACP|co2|h|h2o|malACP|nadp|nadph|palmACP
C161SN	ACP|actACP|co2|h|h2o|hdeACP|malACP|nadp|nadph
C180SN	ACP|actACP|co2|h|h2o|malACP|nadp|nadph|ocdACP
C181SN	ACP|actACP|co2|h|h2o|malACP|nadp|nadph|octeACP
C182SN	ACP|actACP|co2|h|h2o|malACP|nadp|nadph|ocdcyaACP
C184SN	ACP|actACP|co2|h|h2o|malACP|nadp|nadph|ocdcteACP
CADVt	15dap|h|lys-L
CAMt	cam|h
CAMt2	cam
CAT	h2o|h2o2|o2
CBIAT2	adcoba|atp|cbi|h|pppi
CBIabc	adp|atp|cbi|h|h2o|pi
CBL1abc	adp|atp|cbl1|h|h2o|pi
CBLAT2	atp|cbl1|cobamcoa|h|pppi
CBMK2	adp|atp|cbp|co2|h|nh4
CBPS	adp|atp|cbp|gln-L|glu-L|h|h2o|hco3|pi
CDAPPA2_ST	cdpdag2_ST|cmp|h|h2o|pa2_ST
CDPABEQS	cdpabe|cdpdddg|h|nad|nadh
CDPDDGR	cdpdddg|cdpddg|h|h2o|nad|nadh
CDPGHL	cdpddg|cdpglc|h2o
CDPGLU	cdpglc|ctp|g1p|h|ppi
CDPMEK	2p4c2me|4c2me|adp|atp|h
CELBpts	6pgg|cellb|pep|pyr
CELLSYN	cell|h|udp|udpg
CFTXMt	cftxm|h
CHCOAL	amp|atp|coa|pime|pmcoa|ppi
CHITOBpts	chit6p|chitob|pep|pyr
CHITPH	acgam|acgam6p|chit6p|h2o
CHORM	chor|pphn
CHORS	3psme|chor|pi
CHRPL	4hbz|chor|pyr
CITL	ac|cit|oaa
CITR_Lt2	citr-L|h
CITt2	cit|h
CITt4_1	cit|na1
CITt7	cit|succ
CLPNS2_ST	clpn2_ST|glyc|pg2_ST
CMCMSAD	5cmhm|5cmhmsa|h|h2o|nad|nadh
CMPN	cmp|csn|h2o|r5p
CO1DAMAT	adcobdam|atp|co1dam|h|h2o|nad|nadh|pi|ppi
CO2DAMR	co1dam|co2dam|h|nad|nadh
CO2t	co2
COBALTt5	cobalt2
CPC2MT	ahcys|amet|copre2|copre3|h
CPC3MT	ahcys|amet|copre3|copre4
CPC4MT	ahcys|amet|copre4|copre5|h
CPC5MT	acald|ahcys|amet|copre5|copre6|h|h2o
CPC6R	codhpre6|copre6|h|nadp|nadph
CPC8MM	cobya|copre8
CPFXNt	cpfxn|h
CPFXNt2	cpfxn
CPPPGO	co2|cpppg3|h|h2o|o2|pppg9
CRNBTCT	bbtcoa|crn|crncoa|gbbtn
CRNCBCT	crn|crncoa|ctbt|ctbtcoa
CRNCDH	crncoa|ctbtcoa|h2o
CRNt7	crn|gbbtn
CS	accoa|cit|coa|h|h2o|oaa
CSND	csn|h|h2o|nh4|ura
CSNt2	csn|h
CTPS2	adp|atp|ctp|gln-L|glu-L|h|h2o|pi|utp
CUOX	cu1|cu2|h|h2o|o2
CYRDAS	adp|atp|co2dam|cobya|gln-L|glu-L|h|h2o|ppi
CYSS	ac|acser|cys-L|h2s
CYSTL	cysth-L|h2o|hcys-L|nh4|pyr
CYSTRS	amp|atp|cys-L|cystrna|ppi|trnacys
CYSabc	adp|atp|cys-L|h|h2o|pi
CYSabc2	adp|atp|cys-L|h|h2o|pi
CYTBD	h|h2o|o2|ubq8|ubq8h2
CYTBO3	h|h2o|o2|ubq8|ubq8h2
CYTD	cytd|h|h2o|nh4|uri
CYTDK2	cmp|cytd|gdp|gtp|h
CYTDt2	cytd|h
CYTK1	adp|atp|cdp|cmp
CYTK2	adp|atp|dcdp|dcmp
Clt3	cl|h
Coabc	adp|atp|cobalt2|h|h2o|pi
Cut1	adp|atp|cu2|h|h2o|pi
D-LACt2	h|lac-D
D5KGK	adp|atp|d5kg|d5kgp|h
D5KGPA	d5kgp|dhap|msa
DAAD	ala-D|fad|fadh2|h2o|nh4|pyr
DADA	dad-2|din|h|h2o|nh4
DADK	adp|atp|dadp|damp
DADNt2	dad-2|h
DAGK2_ST	12dgr2_ST|adp|atp|h|pa2_ST
DAHPS	2dda7p|e4p|h2o|pep|pi
DAPDC	26dap-M|co2|h|lys-L
DAPE	26dap-LL|26dap-M
DAPabc	26dap-M|adp|atp|h|h2o|pi
DASYN2_ST	cdpdag2_ST|ctp|h|pa2_ST|ppi
DB4PS	db4p|for|h|ru5p-D
DBTS	adp|atp|co2|dann|dtbt|h|pi
DCTPD	dctp|dutp|h|h2o|nh4
DCYSL	cys-D|h|h2o|h2s|nh4|pyr
DCYTD	dcyt|duri|h|h2o|nh4
DCYTt2	dcyt|h
DDCAt2	ddca|h
DDGALK	2dh3dgal|2dh3dgal6p|adp|atp|h
DDGLCNt2	2ddglcn|h
DDGLK	2ddg6p|2ddglcn|adp|atp|h
DDPGALA	2dh3dgal6p|g3p|pyr
DGK1	adp|atp|dgdp|dgmp
DGLCND	2ddglcn|dkdglcn|h|nad|nadh
DGSNt2	dgsn|h
DGTPH	dgsn|dgtp|h2o|pppi
DHAD1	23dhmb|3mob|h2o
DHAD2	23dhmp|3mop|h2o
DHAt	dha
DHBD	23ddhb|23dhb|h|nad|nadh
DHBSr	23dhb|23dhba|atp|h|ppi
DHDPRy	23dhdp|h|nadp|nadph|thdp
DHDPS	23dhdp|aspsa|h|h2o|pyr
DHEDAA	24dhhed|pyr|sucsal
DHFR	dhf|h|nadp|nadph|thf
DHFS	adp|atp|dhf|dhpt|glu-L|h|pi
DHNAOT	2dmmq8|co2|dhna|nad|nadh|octdp|ppi
DHNPA	2ahhmp|dhnpt|gcald
DHORD2	dhor-S|orot|ubq8|ubq8h2
DHORD5	dhor-S|mql8|mqn8|orot
DHORTS	cbasp|dhor-S|h|h2o
DHPDO	34dhpha|5cmhmsa|h|o2
DHPPDA2	25dhpp|5apru|h|h2o|nh4
DHPS3	2ahhmd|4abz|dhpt|ppi
DHPTDC	dhptd|h2o|hmfurn
DHQD1	3dhq|3dhsk|h2o
DHQS	2dda7p|3dhq|pi
DINSt2	din|h
DIPEPabc1	adp|ala-L-asp-L|atp|h|h2o|pi
DIPEPabc10	adp|atp|gly-glu-L|h|h2o|pi
DIPEPabc11	adp|atp|gly-met-L|h|h2o|pi
DIPEPabc12	adp|atp|h|h2o|met-L-ala-L|pi
DIPEPabc13	adp|atp|gly-asp-L|h|h2o|pi
DIPEPabc14	adp|atp|gly-pro-L|h|h2o|pi
DIPEPabc15	adp|atp|cgly|h|h2o|pi
DIPEPabc2	adp|ala-L-gln-L|atp|h|h2o|pi
DIPEPabc3	adp|ala-L-glu-L|atp|h|h2o|pi
DIPEPabc4	L-alagly|adp|atp|h|h2o|pi
DIPEPabc5	adp|ala-L-his-L|atp|h|h2o|pi
DIPEPabc6	adp|ala-L-leu-L|atp|h|h2o|pi
DIPEPabc7	adp|ala-L-Thr-L|atp|h|h2o|pi
DIPEPabc8	adp|atp|gly-asn-L|h|h2o|pi
DIPEPabc9	adp|atp|gly-gln-L|h|h2o|pi
DKDID	d5kg|dkdi|h|h2o
DKGLCNR1	25dkglcn|2dhguln|h|nadp|nadph
DKGLCNR2x	25dkglcn|5dglcn|h|nad|nadh
DKGLCNR2y	25dkglcn|5dglcn|h|nadp|nadph
DKMPPD	2kmb|dkmpp|for|h|h2o|o2|pi
DKMPPD2	2kmb|dkmpp|for|h|h2o|pi
DMATT	dmpp|grdp|ipdp|ppi
DMOCT	ckdo|ctp|kdo|ppi
DMPPS	dmpp|h|h2mb4p|h2o|nad|nadh
DMQMT	2omhmbl|ahcys|amet|h|ubq8h2
DMSOR1e	dms|dmso|h2o|mql8|mqn8
DMSOR2e	2dmmq8|2dmmql8|dms|dmso|h2o
DNMPPA	dhnpt|dhpmp|h2o|pi
DNTPPA	ahdt|dhpmp|h|h2o|ppi
DOGULNR	23doguln|3dhguln|h|nad|nadh
DPCOAK	adp|atp|coa|dpcoa|h
DPR	2dhp|h|nadp|nadph|pant-R
DRBK	2dr5p|adp|atp|drib|h
DRIBt2	drib|h
DRPA	2dr5p|acald|g3p
DTARTD	h2o|oaa|tartr-D
DTMPK	adp|atp|dtdp|dtmp
DURIK1	adp|atp|dump|duri|h
DURIPP	2dr1p|duri|pi|ura
DURIt2	duri|h
DUTPDP	dump|dutp|h|h2o|ppi
DXPRIi	2me4p|dxyl5p|h|nadp|nadph
DXPS	co2|dxyl5p|g3p|h|pyr
DXYLK	adp|atp|dxyl|dxyl5p|h
E4PD	4per|e4p|h|h2o|nad|nadh
ECAP_EC	eca_EC|h|udcpdp|unagamuf
EDA	2ddg6p|g3p|pyr
EDTXS1	ACP|ddcaACP|kdo2lipid4|kdo2lipid4L
EDTXS2	ACP|kdo2lipid4L|lipa|myrsACP
ENO	2pg|h2o|pep
ENTCS	23dhba|amp|enter|h|seramp
EPPP	h|h2o|pi|polypi
ETHAAL	acald|etha|nh4
ETHAt6	etha|h
ETOHt4	etoh|h
F1PK	adp|atp|f1p|fdp|h
F6PA	dha|f6p|g3p
F6Pt6_i2	f6p|pi
FALDH	fald|fglut-S|gthrd|h|nad|nadh
FAO1	accoa|amp|atp|coa|fad|fadh2|h|h2o|nad|nadh|ppi|ttdca
FAO10	accoa|amp|atp|coa|fad|fadh2|h|h2o|nad|nadh|ocdcea|ppi
FAO2	accoa|amp|atp|coa|fad|fadh2|h|h2o|hdca|nad|nadh|ppi
FAO3	accoa|amp|atp|coa|fad|fadh2|h|h2o|nad|nadh|ocdca|ppi
FAO8	accoa|amp|atp|coa|ddca|fad|fadh2|h|h2o|nad|nadh|ppi
FAO9	accoa|amp|atp|coa|fad|fadh2|h|h2o|nad|nadh|ppcoa|ppi|trdca
FBA	dhap|fdp|g3p
FBP	f6p|fdp|h2o|pi
FCI	fcl-L|fuc-L
FCLK	adp|atp|fc1p|fcl-L|h
FCLPA	dhap|fc1p|lald-L
FCLT	fe2|h|pheme|ppp9
FDH2e	co2|for|h|ubq8|ubq8h2
FDH3e	co2|for|h|mql8|mqn8
FE2abc	adp|atp|fe2|h|h2o|pi
FERRICHabc	adp|atp|ferrich|h|h2o|pi
FGLU	forglu|frmd|glu-L|h2o
FHL	co2|for|h|h2
FLDR	fldox|fldrd|h|nadp|nadph
FLQNt	flqn|h
FLQNt2	flqn
FMETDF	fmet|for|h2o|met-L
FMETTRS	10fthf|fmettrna|mettrna|thf
FMNAT	atp|fad|fmn|h|ppi
FORt	for
FRD2	fum|mql8|mqn8|succ
FRD3	2dmmq8|2dmmql8|fum|succ
FRUpts	f1p|fru|pep|pyr
FRUpts2	f6p|fru|pep|pyr
FTHFD	10fthf|for|h|h2o|thf
FUCt	fuc-L|h
FUM	fum|h2o|mal-L
FUMt2_2	fum|h
FUMt4	fum|h
G1PACT	accoa|acgam1p|coa|gam1p|h
G1PP	g1p|glc-D|h2o|pi
G1PTMT	dtdpglc|dttp|g1p|h|ppi
G1SATi	5aop|glu1sa
G3PD2	dhap|glyc3p|h|nadp|nadph
G3PD5	dhap|glyc3p|ubq8|ubq8h2
G3PD6	dhap|glyc3p|mql8|mqn8
G3PD7	2dmmq8|2dmmql8|dhap|glyc3p
G5SADsi	1pyr5c|glu5sa|h|h2o
G5SD	glu5p|glu5sa|h|nadp|nadph|pi
G6PDA	f6p|gam6p|h2o|nh4
G6PDHy	6pgl|g6p|h|nadp|nadph
G6Pt6_2	g6p|pi
GABAt2	4abut|h
GALCTD	5d4dglcr|galctr-D|h2o
GALCTND	2dh3dgal|galctn-D|h2o
GALCTNt6	galctn-D|h
GALCTRt2	galctr-D|h
GALKr	adp|atp|gal|gal1p|h
GALS3	gal|glc-D|h2o|melib
GALTpts	galt|galt1p|pep|pyr
GALUi	g1p|h|ppi|udpg|utp
GALabc	adp|atp|gal|h|h2o|pi
GALt2	gal|h
GAMpts	gam|gam6p|pep|pyr
GAPD	13dpg|g3p|h|nad|nadh|pi
GARFT	10fthf|fgam|gar|h|thf
GART	adp|atp|fgam|for|gar|h|pi
GCALDD	gcald|glyclt|h|h2o|nad|nadh
GDMANEi	gdpddm|gdpofuc
GDPMD	gdpddm|gdpman|h2o
GDPMNH	gdp|gdpman|h|h2o|man
GF6PTA	f6p|gam6p|gln-L|glu-L
GHMT2	gly|h2o|mlthf|ser-L|thf
GK1	adp|atp|gdp|gmp
GLCDe	glc-D|glcn-D|h|h2o|ubq8|ubq8h2
GLCNt2	glcn-D|h
GLCP	g1p|glycogen|pi
GLCRAL	2h3opp|5d4dglcr|pyr
GLCRD	5d4dglcr|glcr|h2o
GLCRt6	glcr|h
GLCS1	adp|adpglc|glycogen|h
GLCURt2	glcur|h
GLCpts	g6p|glc-D|pep|pyr
GLCt2	glc-D|h
GLGC	adpglc|atp|g1p|h|ppi
GLNS	adp|atp|gln-L|glu-L|h|nh4|pi
GLNTRS	amp|atp|gln-L|glntrna|ppi|trnagln
GLNabc	adp|atp|gln-L|h|h2o|pi
GLTPD	galt1p|h|nad|nadh|tag6p-D
GLU-Dt2na	glu-D|na1
GLU5K	adp|atp|glu-L|glu5p
GLUCYSL	adp|atp|cys-L|glu-L|glucys|h|pi
GLUDy	akg|glu-L|h|h2o|nadp|nadph|nh4
GLUN	gln-L|glu-L|h2o|nh4
GLUPRT	gln-L|glu-L|h2o|ppi|pram|prpp
GLUR	glu-D|glu-L
GLUSy	akg|gln-L|glu-L|h|nadp|nadph
GLUTRR	glu1sa|glutrna|h|nadp|nadph|trnaglu
GLUTRS	amp|atp|glu-L|glutrna|ppi|trnaglu
GLUabc	adp|atp|glu-L|h|h2o|pi
GLUt2	glu-L|h
GLUt4i	glu-L|na1
GLXCBL	2h3opp|co2|glx|h
GLYATRi	2aobut|accoa|coa|gly
GLYBabc	adp|atp|glyb|h|h2o|pi
GLYBt6	glyb|h
GLYC3Pabc	adp|atp|glyc3p|h|h2o|pi
GLYC3Pt6	glyc3p|pi
GLYCDx	dha|glyc|h|nad|nadh
GLYCK	3pg|adp|atp|glyc-R|h
GLYCL	co2|gly|mlthf|nad|nadh|nh4|thf
GLYCLTDyr	glx|glyclt|h|nadp|nadph
GLYCLTt2r	glyclt|h
GLYCRt	glyc-R
GLYCt5	glyc
GLYK	adp|atp|glyc|glyc3p|h
GLYOX	gthrd|h|h2o|lac-D|lgt-S
GLYTRS	amp|atp|gly|glytrna|ppi|trnagly
GLYt2	gly|h
GMHEPAT	adphep-D,D|atp|gmh1p|h|ppi
GMHEPK	adp|atp|gmh17bp|gmh7p|h
GMHEPPA	gmh17bp|gmh1p|h2o|pi
GMPR	gmp|h|imp|nadp|nadph|nh4
GMPS2	amp|atp|gln-L|glu-L|gmp|h|h2o|ppi|xmp
GNK	6pgc|adp|atp|glcn-D|h
GOFUCR	gdpfuc|gdpofuc|h|nadp|nadph
GP4GH	gdp|gp4g|h|h2o
GPDDA2	etha|g3pe|glyc3p|h|h2o
GPDDA3	g3ps|glyc3p|h|h2o|ser-L
GPDDA4	g3pg|glyc|glyc3p|h|h2o
GRTT	frdp|grdp|ipdp|ppi
GSHPO	gthox|gthrd|h2o|h2o2
GSNK	adp|atp|gmp|gsn|h
GSNt2	gsn|h
GSPMDA	gthrd|gtspmd|h2o|spmd
GSPMDS	adp|atp|gthrd|gtspmd|h|pi|spmd
GTHO	gthox|gthrd|h|nadp|nadph
GTHRDabc	adp|atp|gthrd|h|h2o|pi
GTHS	adp|atp|glucys|gly|gthrd|h|pi
GTPCI	ahdt|for|gtp|h|h2o
GTPCII	25dhpp|for|gtp|h|h2o|ppi
GTPDPK	amp|atp|gdptp|gtp|h
GUAPRT	gmp|gua|ppi|prpp
GUAt	gua
GUAt2	gua|h
GUAti	gua
GUI1	fruur|glcur
H2Ot5	h2o
H2St	h2s
HBZOPT	3ophb|4hbz|octdp|ppi
HCO3E	co2|h|h2o|hco3
HDCAt2	h|hdca
HEMEOS	frdp|h|h2o|hemeO|pheme|ppi
HETZK	4mhetz|4mpetz|adp|atp|h
HEX1	adp|atp|g6p|glc-D|h
HHDDI	2hh24dd|2oh3d
HIBD	2mop|3hmp|h|nad|nadh
HISD1i	his-L|nh4|urcan
HISTD	h|h2o|his-L|histd|nad|nadh
HISTP	h2o|hisp|histd|pi
HISTRS	amp|atp|his-L|histrna|ppi|trnahis
HISabc	adp|atp|h|h2o|his-L|pi
HISt2	h|his-L
HMBS	h2o|hmbil|nh4|ppbng
HMPK1	4ahmmp|4ampm|adp|atp|h
HOMt	h|hom-L
HOXPRx	2h3opp|glyc-R|h|nad|nadh
HPA3MO	34dhpha|4hphac|h|h2o|nad|nadh|o2
HPPK	2ahhmd|2ahhmp|amp|atp|h
HPYRI	2h3opp|hpyr
HPYRRy	glyc-R|h|hpyr|nadp|nadph
HSDy	aspsa|h|hom-L|nadp|nadph
HSK	adp|atp|h|hom-L|phom
HSST	coa|hom-L|succoa|suchms
HSTPT	akg|glu-L|h|hisp|imacp
HXPRT	hxan|imp|ppi|prpp
HYD1	h|h2|ubq8|ubq8h2
HYD2	h|h2|mql8|mqn8
HYD3	2dmmq8|2dmmql8|h|h2
HYXNt	hxan
ICDHy	akg|co2|icit|nadp|nadph
ICHORSi	chor|ichor
ICHORT	23ddhb|h2o|ichor|pyr
ICITt2	h|icit
ICL	glx|icit|succ
IDOND	5dglcn|h|idon-L|nad|nadh
IDOND2	5dglcn|h|idon-L|nadp|nadph
IDONt2	h|idon-L
IG3PS	aicar|eig3p|gln-L|glu-L|h|prlp
IGPDH	eig3p|h|h2o|imacp
IGPS	2cpr5p|3ig3p|co2|h|h2o
ILETA	3mop|akg|glu-L|ile-L
ILETRS	amp|atp|ile-L|iletrna|ppi|trnaile
ILEabc	adp|atp|h|h2o|ile-L|pi
ILEt4	ile-L|na1
IMPC	fprica|h2o|imp
IMPD	h|h2o|imp|nad|nadh|xmp
INDOLEt2	h|indole
INOSR	2ins|h|inost|nadp|nadph
INSK	adp|atp|h|imp|ins
INSTt2	h|inost
INSt2	h|ins
IPDDIi	dmpp|ipdp
IPDPS	h|h2mb4p|h2o|ipdp|nad|nadh
IPMD	3c2hmp|3c4mop|h|nad|nadh
IPPMIa	2ippm|3c2hmp|h2o
IPPMIb	2ippm|3c3hmp|h2o
IPPS	3c3hmp|3mob|accoa|coa|h|h2o
ITPASE2	h|h2o|imp|itp|ppi
IZPN	4izp|forglu|h2o
KARA2i	23dhmp|2ahbut|h|nadp|nadph
KAS15	accoa|actACP|co2|coa|h|malACP
KAS16	3htdACP|ACP|co2|ddcaACP|h|malACP|nadp|nadph
KDOPP	h2o|kdo|kdo8p|pi
KDOPS	ara5p|h2o|kdo8p|pep|pi
KDUI	dkdglcn|dt5hsu
KG6PDC	3dgulnp|co2|h|xu5p-L
Kabc	adp|atp|h|h2o|k|pi
Kt2i	h|k
Kt3	h|k
L-LACD2	lac-L|pyr|ubq8|ubq8h2
L-LACD3	lac-L|mql8|mqn8|pyr
L-LACt2	h|lac-L
LCAR	12ppd-S|h|lald-L|nad|nadh
LDH_D	h|lac-D|nad|nadh|pyr
LDH_D2	lac-D|pyr|ubq8|ubq8h2
LEUTAi	4mop|akg|glu-L|leu-L
LEUTRS	amp|atp|leu-L|leutrna|ppi|trnaleu
LEUabc	adp|atp|h|h2o|leu-L|pi
LEUt4	leu-L|na1
LGTHL	gthrd|lgt-S|mthgxl
LLXI	llx|xylu-L
LLXt2	h|llx
LPADSS	h|lipidAds|lipidX|u23ga|udp
LPLIPA1_ST2	agpg2_ST|g3pg|h|h2o|hdca|hdcea|ocdca|ocdcea|ocdcte|ocdcya|ttdca
LPLIPA2_ST2	agpe2_ST|g3pe|h|h2o|hdca|hdcea|ocdca|ocdcea|ocdcte|ocdcya|ttdca
LPSO5Se	h|lpsO5_ST|lpscore_ST|oa_ST|udcpdp
LPSSYN_ST3	12dgr2_ST|adp|adphep-L,D|atp|h|lipa|lpscore_ST|pe2_ST|uacgam|udcpp|udp|udpara|udpg|udpgal
LPST	lpscore_ST
LXYLK	adp|atp|h|xu5p-L|xylu-L
LYSAM	36dahx|lys-L
LYSDC	15dap|co2|h|lys-L
LYSTRS	amp|atp|lys-L|lystrna|ppi|trnalys
LYSabc	adp|atp|h|h2o|lys-L|pi
LYSt3	h|lys-L
LYSt6	h|lys-L
M1PD	f6p|h|mnl1p|nad|nadh
MACPD	acACP|co2|h|malACP
MALS	accoa|coa|glx|h|h2o|mal-L
MALTHXabc	adp|atp|h|h2o|malthx|pi
MALTPTabc	adp|atp|h|h2o|maltpt|pi
MALTTRabc	adp|atp|h|h2o|malttr|pi
MALTTTRabc	adp|atp|h|h2o|maltttr|pi
MALTabc	adp|atp|h|h2o|malt|pi
MALt2_2	h|mal-L
MALt2_3	h|mal-L
MAN1PT2	gdp|gdpman|h|man1p|pi
MAN6PI	f6p|man6p
MAN6Pt6_2	man6p|pi
MANAO	fruur|h|mana|nad|nadh
MANpts	man|man6p|pep|pyr
MCITD	2mcacn|2mcit|h2o
MCITS	2mcit|coa|h|h2o|oaa|ppcoa
MCOATA	ACP|coa|malACP|malcoa
MDH	h|mal-L|nad|nadh|oaa
MDRPD	5mdru1p|dkmpp|h2o
ME1x	co2|mal-L|nad|nadh|pyr
ME2	co2|mal-L|nadp|nadph|pyr
MEAMP1(ala-asp)	ala-L|ala-L-asp-L|asp-L|h2o
MEAMP1(ala-gln)	ala-L|ala-L-gln-L|gln-L|h2o
MEAMP1(ala-glu)	ala-L|ala-L-glu-L|glu-L|h2o
MEAMP1(ala-gly)	L-alagly|ala-L|gly|h2o
MEAMP1(ala-his)	ala-L|ala-L-his-L|h2o|his-L
MEAMP1(ala-leu)	ala-L|ala-L-leu-L|h2o|leu-L
MEAMP1(ala-thr)	ala-L|ala-L-Thr-L|h2o|thr-L
MEAMP1(gly-asn)	asn-L|gly|gly-asn-L|h2o
MEAMP1(gly-asp)	asp-L|gly|gly-asp-L|h2o
MEAMP1(gly-gln)	gln-L|gly|gly-gln-L|h2o
MEAMP1(gly-glu)	glu-L|gly|gly-glu-L|h2o
MEAMP1(gly-met)	gly|gly-met-L|h2o|met-L
MEAMP1(gly-pro-L)	gly|gly-pro-L|h2o|pro-L
MEAMP1(met-ala)	ala-L|h2o|met-L|met-L-ala-L
MECDPDH	2mecdp|h2mb4p|h2o|nad|nadh
MECDPS	2mecdp|2p4c2me|cmp
MELIBt2	h|melib
MEPCT	2me4p|4c2me|ctp|h|ppi
METAT	amet|atp|h2o|met-L|pi|ppi
METDabc	adp|atp|h|h2o|met-D|pi
METS	5mthf|h|hcys-L|met-L|thf
METSR-R1	h2o|met-L|metox-R|trdox|trdrd
METSR-S1	h2o|met-L|metox|trdox|trdrd
METSRabc	adp|atp|h|h2o|metox-R|pi
METSabc	adp|atp|h|h2o|metox|pi
METTRS	amp|atp|met-L|mettrna|ppi|trnamet
METabc	adp|atp|h|h2o|met-L|pi
MGSA	dhap|mthgxl|pi
MGt5	mg2
MI1PP	h2o|inost|mi1p-D|pi
MICITH	2mcacn|h2o|micit
MICITL	micit|pyr|succ
MLTG1	glc-D|h2o|malt|malttr
MLTG2	glc-D|h2o|malttr|maltttr
MLTG3	glc-D|h2o|maltpt|maltttr
MLTG4	glc-D|h2o|malthx|maltpt
MLTG5	glc-D|h2o|malthp|malthx
MLTP1	g1p|maltpt|maltttr|pi
MLTP2	g1p|malthx|maltpt|pi
MLTP3	g1p|malthp|malthx|pi
MMSAD1	2mop|co2|coa|nad|nadh|ppcoa
MMSAD2	coa|h|nad|nadh|ppal|ppcoa
MMSAD3	accoa|co2|coa|msa|nad|nadh
MNLpts	mnl|mnl1p|pep|pyr
MNNH	2ddglcn|h2o|mana
MOAT	ckdo|cmp|h|kdolipid4|lipidA
MOAT2	ckdo|cmp|h|kdo2lipid4|kdolipid4
MOHMT	2dhp|3mob|h2o|mlthf|thf
MTAN	5mta|5mtr|ade|h2o
MTHFC	10fthf|h|h2o|methf
MTHFD	methf|mlthf|nadp|nadph
MTHFR2	5mthf|h|mlthf|nad|nadh
MTHPTGHM	5mthglu|hcys-L|met-L|thglu
MTRI	5mdr1p|5mdru1p
MTRK	5mdr1p|5mtr|adp|atp|h
MTRPO	fald|h2o|h2o2|mtrp-N|o2|trp-L
MURPEPA	26dap-M|ala-L-glu-D|ala-L-glu-D-dap|h2o
Mg2abc	adp|atp|h|h2o|mg2|pi
N2Otd	n2o
NACODA	ac|acg5sa|glu5sa|h2o
NADDP	amp|h|h2o|nad|nmn
NADH10	h|mql8|mqn8|nad|nadh
NADH12	h|nad|nadh|ubq8|ubq8h2
NADH21	h|nad|nadh|ubq8|ubq8h2
NADH22	h|mql8|mqn8|nad|nadh
NADH23	2dmmq8|2dmmql8|h|nad|nadh
NADH9	2dmmq8|2dmmql8|h|nad|nadh
NADK	adp|atp|h|nad|nadp
NADPPPS	h2o|nad|nadp|pi
NADS1	amp|atp|dnad|h|nad|nh4|ppi
NAMNPP	adp|atp|h2o|nac|nicrnt|pi|ppi|prpp
NAt3	h|na1
NAt3_1.5	h|na1
NAt3_2	h|na1
NCAMt	ncam
NDPK1	adp|atp|gdp|gtp
NDPK2	adp|atp|udp|utp
NDPK3	adp|atp|cdp|ctp
NDPK4	adp|atp|dtdp|dttp
NDPK5	adp|atp|dgdp|dgtp
NDPK6	adp|atp|dudp|dutp
NDPK7	adp|atp|dcdp|dctp
NDPK8	adp|atp|dadp|datp
NH4t	nh4
NITGTHN	gthrd|h|nglut-S|no
NIabc	adp|atp|h|h2o|ni2|pi
NIt5	ni2
NMNAT	atp|h|nad|nmn|ppi
NMNDA	h2o|nh4|nicrnt|nmn
NMNN	h|h2o|ncam|nmn|r5p
NMNR	h2o|nmn|pi|rnam
NNAM	h2o|nac|ncam|nh4
NNAT	atp|dnad|h|nicrnt|ppi
NNDMBRT	5prdmbz|dmbzid|h|nac|nicrnt
NNDPR	co2|h|nicrnt|ppi|prpp|quln
NO2t2	h|no2
NO3R1	h|h2o|no2|no3|ubq8|ubq8h2
NO3R1e	h2o|no2|no3|ubq8|ubq8h2
NO3R2	h|h2o|mql8|mqn8|no2|no3
NO3R2e	h2o|mql8|mqn8|no2|no3
NO3t7	no2|no3
NODO	h|nadp|nadph|no|no3|o2
NODOx	h|nad|nadh|no|no3|o2
NORx	h|h2o|n2o|nad|nadh|no
NOtd	no
NPHS	coa|dhna|sbzcoa
NTD1	dump|duri|h2o|pi
NTD2	h2o|pi|ump|uri
NTD3	dcmp|dcyt|h2o|pi
NTD5	dtmp|h2o|pi|thymd
NTD6	dad-2|damp|h2o|pi
NTD7	adn|amp|h2o|pi
NTD8	dgmp|dgsn|h2o|pi
NTD9	gmp|gsn|h2o|pi
NTPP1	dgmp|dgtp|h|h2o|ppi
NTPP2	gmp|gtp|h|h2o|ppi
NTPP3	dcmp|dctp|h|h2o|ppi
NTPP4	cmp|ctp|h|h2o|ppi
NTPP5	damp|datp|h|h2o|ppi
NTPP6	amp|atp|h|h2o|ppi
NTPP7	dtmp|dttp|h|h2o|ppi
NTPP8	h|h2o|ppi|ump|utp
NTPTP2	gsn|gtp|h2o|pppi
NTRED2	h|h2o|mql8|mqn8|nh4|no2
NTRED3	h|h2o|nh4|no2|ubq8|ubq8h2
NTRIR2x	h|h2o|nad|nadh|nh4|no2
O2t	o2
OAAt	oaa
OACT	accoa|coa|udcpo4|udcpo5
OAO5t3	h|udcpo5
OASe2	h|oa_ST|udcpdp|udcpo5
OBTFL	2obut|coa|for|ppcoa
OCBT	cbp|citr-L|h|orn-L|pi
OCDCAt2	h|ocdca
OCDCEAt2	h|ocdcea
OCTDPS	frdp|ipdp|octdp|ppi
OHEDH	24dhhed|2oh3d|h2o
OHPBAT	akg|glu-L|ohpb|phthr
OHPHM	2ohph|2omph|ahcys|amet|h
OMBZLM	2ombzl|2ommbl|ahcys|amet|h
OMCDC	3c4mop|4mop|co2|h
OMMBLHX	2omhmbl|2ommbl|o2
OMPDC	co2|h|orot5p|ump
OMPHHX	2ombzl|2omph|o2
OPHBDC	2oph|3ophb|co2|h
OPHHX	2ohph|2oph|o2
OPTCCL	2hh24dd|5cohe|co2|h
ORNDC	co2|h|orn-L|ptrc
ORNabc	adp|atp|h|h2o|orn-L|pi
ORPT	orot|orot5p|ppi|prpp
OXDna	co2|h|na1|oaa|pyr
OXGDC2	akg|co2|h|ssaltpp|thmpp
P5CD	1pyr5c|glu-L|h|h2o|nad|nadh
P5CR	1pyr5c|h|nadp|nadph|pro-L
PALDP	acald|h2o|pald|pi
PANTS	ala-B|amp|atp|h|pant-R|pnto-R|ppi
PAPA2_ST	12dgr2_ST|h2o|pa2_ST|pi
PAPPT3	uagmda|udcpp|ugmda|ump
PAPSR	h|pap|paps|so3|trdox|trdrd
PASYN_ST4	ACP|glyc3p|hdeACP|myrsACP|ocdACP|ocdcteACP|ocdcyaACP|octeACP|pa2_ST|palmACP
PC6YM2	ahcys|amet|co2|codhpre6|copre8|h
PDH	accoa|co2|coa|nad|nadh|pyr
PDX5PO	h|h2o2|o2|pdx5p|pydx5p
PDX5PS2	aopp|dxyl5p|h|h2o|pdx5p|pi
PDXPP	h2o|pdx5p|pi|pydxn
PENGt	h|peng
PEPt-6	pep|pi
PERD	4per|h|nad|nadh|ohpb
PFK	adp|atp|f6p|fdp|h
PFK_2	adp|atp|h|tag6p-D|tagdp-D
PFLi	accoa|coa|for|pyr
PFOR	accoa|co2|coa|fldox|fldrd|h|pyr
PGAMT	gam1p|gam6p
PGCD	3pg|3php|h|nad|nadh
PGDH	6pgc|co2|nadp|nadph|ru5p-D
PGDHY	2ddg6p|6pgc|h2o
PGGH	6pgg|g6p|glc-D|h2o
PGI	f6p|g6p
PGK	13dpg|3pg|adp|atp
PGL	6pgc|6pgl|h|h2o
PGLYCP	2pglyc|glyclt|h2o|pi
PGM	2pg|3pg
PGMT	g1p|g6p
PGPP2_ST	h2o|pg2_ST|pgp2_ST|pi
PGSA2_ST	cdpdag2_ST|cmp|glyc3p|h|pgp2_ST
PHETA1	akg|glu-L|phe-L|phpyr
PHETRS	amp|atp|phe-L|phetrna|ppi|trnaphe
PHEt2	h|phe-L
PIabc	adp|atp|h|h2o|pi
PIt6i	h|pi
PLIPA1_ST2	agpg2_ST|h|h2o|hdca|hdcea|ocdca|ocdcea|ocdcte|ocdcya|pg2_ST|ttdca
PLIPA2_ST2	agpe2_ST|h|h2o|hdca|hdcea|ocdca|ocdcea|ocdcte|ocdcya|pe2_ST|ttdca
PMANM	man1p|man6p
PMDPHT	4r5au|5aprbu|h2o|pi
PMPK	2mahmp|4ampm|adp|atp
PNS1	ade|adn|h2o|rib-D
PNS3	h2o|hxan|ins|rib-D
PNS4	h2o|rib-D|xan|xtsn
PNTK	4ppan|adp|atp|h|pnto-R
PNTOt4	na1|pnto-R
POX	ac|co2|h2o|pyr|ubq8|ubq8h2
PPA	h|h2o|pi|ppi
PPAK	adp|atp|ppa|ppap
PPBNGS	5aop|h|h2o|ppbng
PPC	co2|h|h2o|oaa|pep|pi
PPCDC	4ppcys|co2|h|pan4p
PPCK	adp|atp|co2|oaa|pep
PPCSCT	ppa|ppcoa|succ|succoa
PPDD	12ppd-S|h2o|ppal
PPGPP	gdp|gdpdp|h2o|ppi
PPIK	adp|atp|ppi|pppi
PPM	r1p|r5p
PPM2	2dr1p|2dr5p
PPNCL2	4ppan|4ppcys|cmp|ctp|cys-L|h|ppi
PPND	34hpp|co2|nad|nadh|pphn
PPNDH	co2|h|h2o|phpyr|pphn
PPPGO	h2o|o2|ppp9|pppg9
PPPNt2	h|pppn
PPS	amp|atp|h|h2o|pep|pi|pyr
PPTGS_ST	h|peptido_ST|uaagmda|udcpdp
PRAGSr	adp|atp|gar|gly|h|pi|pram
PRAIS	adp|air|atp|fpram|h|pi
PRAIi	2cpr5p|pran
PRAMPC	h|h2o|prbamp|prfp
PRASCS	25aics|5aizc|adp|asp-L|atp|h|pi
PRATPP	h|h2o|ppi|prbamp|prbatp
PRFGS	adp|atp|fgam|fpram|gln-L|glu-L|h|h2o|pi
PRMICIi	prfp|prlp
PRO1z	1pyr5c|fad|fadh2|h|pro-L
PROTRS	amp|atp|ppi|pro-L|protrna|trnapro
PROabc	adp|atp|h|h2o|pi|pro-L
PROt2	h|pro-L
PROt4	na1|pro-L
PRPPS	amp|atp|h|prpp|r5p
PSCVT	3psme|pep|pi|skm5p
PSD2_ST	co2|h|pe2_ST|ps2_ST
PSERT	3php|akg|glu-L|pser-L
PSP_L	h2o|pi|pser-L|ser-L
PSSA2_ST	cdpdag2_ST|cmp|h|ps2_ST|ser-L
PSUDS	h2o|psd5p|r5p|ura
PTA2r	coa|pi|ppap|ppcoa
PTAr	accoa|actp|coa|pi
PTHPS	6pthp|ahdt|pppi
PTPATi	atp|dpcoa|h|pan4p|ppi
PTRCORNt7	orn-L|ptrc
PTRCTA	4abutn|akg|glu-L|ptrc
PTRCabc	adp|atp|h|h2o|pi|ptrc
PTRCt2	h|ptrc
PUNP1	ade|adn|pi|r1p
PUNP2	2dr1p|ade|dad-2|pi
PUNP3	gsn|gua|pi|r1p
PUNP4	2dr1p|dgsn|gua|pi
PUNP5	hxan|ins|pi|r1p
PUNP6	2dr1p|din|hxan|pi
PYAM5PO	h2o|h2o2|nh4|o2|pyam5p|pydx5p
PYDAMK	adp|atp|h|pyam5p|pydam
PYDAMP	h2o|pi|pyam5p|pydam
PYDXK	adp|atp|h|pydx|pydx5p
PYDXNK	adp|atp|h|pdx5p|pydxn
PYDXPP	h|h2o|pi|pydx|pydx5p
PYK	adp|atp|h|pep|pyr
PYNP2	pi|r1p|ura|uri
PYRNS1	h2o|rib-D|ura|uri
PYRNS2	csn|cytd|h2o|rib-D
PYRt2	h|pyr
QULNS	dhap|h2o|iasp|pi|quln
RBFK	adp|atp|fmn|h|ribflv
RBFSa	4r5au|db4p|dmlz|h2o|pi
RBFSb	4r5au|dmlz|ribflv
RBK	adp|atp|h|r5p|rib-D
RBLK1	adp|atp|h|rbl-L|ru5p-L
RBP4E	ru5p-L|xu5p-D
RBZP	5prdmbz|h2o|pi|rdmbzi
RHCCE	dhptd|hcys-L|rhcys
RIBabc	adp|atp|h|h2o|pi|rib-D
RMI	rml|rmn
RMK	adp|atp|h|rml|rml1p
RMNt	h|rmn
RMPA	dhap|lald-L|rml1p
RNAMt	rnam
RNDR1	adp|dadp|h2o|trdox|trdrd
RNDR2	dgdp|gdp|h2o|trdox|trdrd
RNDR3	cdp|dcdp|h2o|trdox|trdrd
RNDR4	dudp|h2o|trdox|trdrd|udp
RNMK	adp|atp|h|nmn|rnam
RNTR1c	atp|datp|fldox|fldrd|h2o
RNTR2c	dgtp|fldox|fldrd|gtp|h2o
RNTR3c	ctp|dctp|fldox|fldrd|h2o
RNTR4c	dutp|fldox|fldrd|h2o|utp
RPE	ru5p-D|xu5p-D
RPI	r5p|ru5p-D
S7PI	gmh7p|s7p
SADH	co2|h|h2o|nh4|sucarg|sucorn
SADT2	aps|atp|gdp|gtp|h2o|pi|ppi|so4
SBTPD	f6p|h|nad|nadh|sbt6p
SBTpts	pep|pyr|sbt-D|sbt6p
SCYSSL	cys-L|gthox|gthrd|h|slcys|so3
SDPDS	26dap-LL|h2o|sl26da|succ
SDPTA	akg|glu-L|sl26da|sl2a6o
SELNPS	amp|atp|h2o|pi|seln|selnp
SERAS	atp|h|ppi|ser-L|seramp
SERAT	accoa|acser|coa|ser-L
SERD_D	nh4|pyr|ser-D
SERD_L	nh4|pyr|ser-L
SERTRS	amp|atp|ppi|ser-L|sertrna|trnaser
SER_Dt6i	h|ser-D
SERt2	h|ser-L
SERt4	na1|ser-L
SFGTH	fglut-S|for|gthrd|h|h2o
SGDS	glu-L|h2o|succ|sucglu
SGSAD	h|h2o|nad|nadh|sucglu|sucgsa
SHCHCS2	2shchc|h|ichor|pyr|ssaltpp|thmpp
SHCHD2	dscl|h|nad|nadh|srch
SHCHF	fe2|h|sheme|srch
SHK3D	3dhsk|h|nadp|nadph|skm
SHKK	adp|atp|h|skm|skm5p
SHSL1	cys-L|cysth-L|h|succ|suchms
SLCYSS	ac|acser|slcys|tsul
SO3t6	h|so3
SO4t2	h|so4
SOD	h|h2o2|o2|o2-
SODe	h|h2o2|o2|o2-
SOTA	akg|glu-L|sucgsa|sucorn
SPMDAT1	N1aspmd|accoa|coa|h|spmd
SPMDAT2	N8aspmd|accoa|coa|h|spmd
SPMDabc	adp|atp|h|h2o|pi|spmd
SPMS	5mta|ametam|h|ptrc|spmd
SPONT1	amopbut-L|aopp|co2|h
SRCHCC	cobalt2|copre2|dscl|h
SSALy	h|h2o|nadp|nadph|succ|sucsal
SUCBZL	amp|atp|coa|ppi|sbzcoa|sucbz
SUCBZS	2shchc|h2o|sucbz
SUCCt2_2	h|succ
SUCCt2_3	h|succ
SUCCt2b	h|succ
SUCD1i	fad|fadh2|fum|succ
SUCD4	fad|fadh2|ubq8|ubq8h2
SUCFUMtdc	fum|succ
SUCOAS	adp|atp|coa|pi|succ|succoa
SULRi	h|h2o|h2s|nadp|nadph|so3
SULRix	h|h2o|h2s|nad|nadh|so3
SULabc	adp|atp|h|h2o|pi|so4
TAL	e4p|f6p|g3p|s7p
TARTD	h2o|oaa|tartr-L
TARTRDt4	na1|tartr-D
TARTRLt4	na1|tartr-L
TCBO	acon-C|tcb|ubq8|ubq8h2
TCBt2	h|tcb
TDPADGAT	accoa|coa|dtdp4aaddg|dtdp4addg|h
TDPAGTA	akg|dtdp4addg|dtdpddg|glu-L
TDPDREi	dtdpddg|dtdpddm
TDPDRR	dtdpddm|dtdprmn|h|nadp|nadph
TDPGDH	dtdpddg|dtdpglc|h2o
TDSK	adp|atp|h|lipidA|lipidAds
TGBPA	dhap|g3p|tagdp-D
THD2	h|nad|nadh|nadp|nadph
THD5	nad|nadh|nadp|nadph
THDPO	h2o|h2o2|trdox|trdrd
THDPS	coa|h2o|sl2a6o|succoa|thdp
THMDt2	h|thymd
THMabc	adp|atp|h|h2o|pi|thm
THPDH	amopbut-L|h|nad|nadh|phthr
THRA	acald|gly|thr-L
THRD	2aobut|h|nad|nadh|thr-L
THRD_L	2obut|nh4|thr-L
THRPD	applp|co2|h|thrp
THRPS	adp|atp|h|thr-L|thrp
THRS	h2o|phom|pi|thr-L
THRTRS	amp|atp|ppi|thr-L|thrtrna|trnathr
THRabc	adp|atp|h|h2o|pi|thr-L
THRt2	h|thr-L
THRt4	na1|thr-L
THYMt7	thym
THZPSN	4hba|4mpetz|ala-L|amp|atp|co2|cys-L|dxyl5p|h|h2o|ppi|tyr-L
TKT1	g3p|r5p|s7p|xu5p-D
TKT2	e4p|f6p|g3p|xu5p-D
TMAOR1e	h|h2o|mql8|mqn8|tma|tmao
TMAOR2e	2dmmq8|2dmmql8|h|h2o|tma|tmao
TMDK1	adp|atp|dtmp|h|thymd
TMDPP	2dr1p|pi|thym|thymd
TMDS	dhf|dtmp|dump|mlthf
TMKr	adp|atp|h|thm|thmmp
TMPKr	adp|atp|thmmp|thmpp
TMPPP	2mahmp|4mpetz|h|ppi|thmmp
TPI	dhap|g3p
TRDCAt2	h|trdca
TRDR	h|nadp|nadph|trdox|trdrd
TRE6PH	g6p|glc-D|h2o|tre6p
TRE6PP	h2o|pi|tre|tre6p
TRE6PS	g6p|h|tre6p|udp|udpg
TREH	glc-D|h2o|tre
TREHe	glc-D|h2o|tre
TRIA	cgly|cys-L|gly|h2o
TRPAS1	cys-L|h|h2o|h2s|nh4|pyr
TRPS2	h2o|indole|ser-L|trp-L
TRPS3	3ig3p|g3p|indole
TRPTRS	amp|atp|ppi|trnatrp|trp-L|trptrna
TRPt2	h|trp-L
TSULR1e	h|h2s|mql8|mqn8|so3|tsul
TSULR2e	2dmmq8|2dmmql8|h|h2s|so3|tsul
TSULST	cyan|h|so3|tcynt|tsul
TSULabc	adp|atp|h|h2o|pi|tsul
TTDCAt2	h|ttdca
TTONR1e	h|mql8|mqn8|so3|tsul|tton
TTONR2e	h|so3|tsul|tton|ubq8|ubq8h2
TTTONR1e	h|mql8|mqn8|tsul|ttton
TTTONR2e	h|tsul|ttton|ubq8|ubq8h2
TYRTA	34hpp|akg|glu-L|tyr-L
TYRTRS	amp|atp|ppi|trnatyr|tyr-L|tyrtrna
TYRt2	h|tyr-L
U23GAAT	3htdACP|ACP|h|u23ga|u3hga
UAAGDS	26dap-M|adp|atp|h|pi|uamag|ugmd
UACMAMO	h|h2o|nad|nadh|uacmam|uacmamu
UAG2E	uacgam|uacmam
UAGAAT	3htdACP|ACP|u3aga|uacgam
UAGCVT	pep|pi|uaccg|uacgam
UAGDP	acgam1p|h|ppi|uacgam|utp
UAGPT3	h|uaagmda|uacgam|uagmda|udp
UAMAGS	adp|atp|glu-D|h|pi|uama|uamag
UAMAS	adp|ala-L|atp|h|pi|uama|uamr
UAPGR	h|nadp|nadph|uaccg|uamr
UDCPAT	cdp|cdpabe|h|udcpgrm|udcpo4
UDCPDP	h|h2o|pi|udcpdp|udcpp
UDCPDPS	frdp|ipdp|ppi|udcpdp
UDCPGT	udcpg|udcpp|udpgal|ump
UDCPMT	gdp|gdpman|h|udcpgr|udcpgrm
UDCPRT	dtdp|dtdprmn|h|udcpg|udcpgr
UDPARAT	udcpp|udp|udpara|udpara4n
UDPG4E	udpg|udpgal
UDPGALM	udpgal|udpgalfur
UDPGDi	h|h2o|nad|nadh|udpg|udpglcur
UDPKPTA	akg|glu-L|udpara4n|udpkp
UGLCURD	co2|nad|nadh|udpglcur|udpkp
UGLT	g1p|gal1p|udpg|udpgal
UGLYCH	co2|glx|h|h2o|nh4|urdglyc
UGMDDS	adp|alaala|atp|h|pi|ugmd|ugmda
UHGADA	ac|h2o|u3aga|u3hga
UMPK	adp|atp|udp|ump
UNK3	2kmb|akg|glu-L|met-L
UNK4	2kmb|gln-L|glu-L|h|met-L|nad|nadh
UPP3MT	ahcys|amet|dscl|h|uppg3
UPP3S	h2o|hmbil|uppg3
UPPDC1	co2|cpppg3|h|uppg3
UPPRT	ppi|prpp|ump|ura
URAt2	h|ura
URAt7b	ura
UREAt	urea
URGDH	h|nad|nadh|oxur|urdglyc
URIDK3	adp|atp|dudp|dump
URIK2	gdp|gtp|h|ump|uri
URIt2	h|uri
USHD	h|h2o|lipidX|u23ga|ump
VALTA	3mob|akg|glu-L|val-L
VALTRS	amp|atp|ppi|trnaval|val-L|valtrna
VALabc	adp|atp|h|h2o|pi|val-L
VALt4	na1|val-L
VPAMT	3mob|ala-L|pyr|val-L
X5PL3E	ru5p-L|xu5p-L
XANt	xan
XANt2	h|xan
XPPT	ppi|prpp|xan|xmp
XTPASE	h|h2o|ppi|xmp|xtp
XTSNt2i	h|xtsn
XYLI1	xyl-D|xylu-D
XYLI2i	fru|glc-D
XYLK	adp|atp|h|xu5p-D|xylu-D
XYLt2	h|xyl-D
