3M2OBLOXRD	2mpdhl|3mob|co2|h|lpam
3M2OPLOXRD	2mbdhl|3mop|co2|h|lpam
4M2OPLOXRD	3mbdhl|4mop|co2|h|lpam
6PGALSZ	Lac6p|dgal6p|glc-D|h2o
6PHBG	2hymeph|g6p|h2o|salc6p
ABTAr	4abut|akg|glu-L|sucsal
ACACT1r	aacoa|accoa|coa
ACACT2r	3ohcoa|accoa|btcoa|coa
ACACT3r	3oocoa|accoa|coa|hxcoa
ACACT4r	3odcoa|accoa|coa|occoa
ACACT5r	3oddcoa|accoa|coa|dcacoa
ACACT6r	3otdcoa|accoa|coa|ddcacoa
ACACT7r	3ohdcoa|accoa|coa|tdcoa
ACALDi	acald|accoa|coa|h|nad|nadh
ACCOAC	accoa|adp|atp|h|hco3|malcoa|pi
ACGApts	acgam|acgam6p|pep|pyr
ACGK	acg5p|acglu|adp|atp
ACGS	accoa|acglu|coa|glu-L|h
ACHBS	2ahbut|2obut|co2|h|pyr
ACKr	ac|actp|adp|atp
ACLDC	actn-R|alac-S|co2|h
ACLS	alac-S|co2|h|pyr
ACNAMt2	acnam|h
ACNML	acmana|acnam|pyr
ACOAD1	b2coa|btcoa|h|nad|nadh
ACOAD2	h|hx2coa|hxcoa|nad|nadh
ACOAD3	h|nad|nadh|oc2coa|occoa
ACOAD4	dc2coa|dcacoa|h|nad|nadh
ACOAD5	dd2coa|ddcacoa|h|nad|nadh
ACOAD6	h|nad|nadh|td2coa|tdcoa
ACOAD7	h|hdd2coa|nad|nadh|pmtcoa
ACOATA	ACP|acACP|accoa|coa
ACONT	cit|icit
ACOTA	acg5sa|acorn|akg|glu-L
ACPS1	ACP|apoACP|coa|h|pap
ACPpds	ACP|apoACP|h|h2o|pan4p
ACS	ac|accoa|amp|atp|coa|ppi
ACYP_2	ac|actp|h|h2o|pi
ADCL	4abz|4adcho|h|pyr
ADCS	4adcho|chor|gln-L|glu-L
ADCYRS	adcobdam|adcobhex|adp|atp|gln-L|glu-L|h|h2o|pi
ADK1	adp|amp|atp
ADKd	dadp|damp|datp
ADMDCr	amet|ametam|co2|h
ADNt2	adn|h
ADPRDP	adprib|amp|h|h2o|r5p
ADPT	ade|amp|ppi|prpp
ADSK	adp|aps|atp|h|paps
ADSL1	amp|dcamp|fum
ADSL2r	25aics|aicar|fum
ADSS	asp-L|dcamp|gdp|gtp|h|imp|pi
AGDC_r	ac|acgam6p|gam6p|h2o
AGMHE	adphep-D,D|adphep-L,D
AGMT	agm|h2o|ptrc|urea
AGPR	acg5p|acg5sa|h|nadp|nadph|pi
AHCYSNS	ade|ahcys|h2o|rhcys
AICART	10fthf|aicar|fprica|thf
AIRC2	5caiz|adp|air|atp|h|hco3|pi
AIRC3	5aizc|5caiz
AKGDa	akg|co2|h|lpam|sdhlam
AKGDb	coa|dhlam|sdhlam|succoa
AKGMAL	akg|mal-L
AKP1	ahdt|dhnpt|h|h2o|pi
ALAALAr	adp|ala-D|alaala|atp|h|pi
ALAD_L	ala-L|h|h2o|nad|nadh|nh4|pyr
ALAR	ala-D|ala-L
ALATA_D	akg|ala-D|glu-D|pyr
ALATRS	ala-L|alatrna|amp|atp|ppi|trnaala
ALAabc	adp|ala-L|atp|h|h2o|pi
ALAt2r	ala-L|h
ALCD1	fald|h|meoh|nad|nadh
ALCD2x	acald|etoh|h|nad|nadh
ALDD2x	ac|acald|h|h2o|nad|nadh
ALKP	dha|dhap|h2o|pi
AMAA	acmam|acmama|ala-L|h2o
AMANAPEr	acgam6p|acmanap
AMANK	acmana|acmanap|adp|atp|h
AMAOTr	8aonn|amet|amob|dann
ANPRT	anth|ppi|pran|prpp
ANS	anth|chor|gln-L|glu-L|h|pyr
AOXSr	8aonn|ala-L|co2|coa|h|pmcoa
APRAUR	5aprbu|5apru|h|nadp|nadph
ARGDC	agm|arg-L|co2|h
ARGDr	arg-L|citr-L|h2o|nh4
ARGN	arg-L|h2o|orn|urea
ARGORNt7	arg-L|orn
ARGSL	arg-L|argsuc|fum
ARGSSr	amp|argsuc|asp-L|atp|citr-L|h|ppi
ARGTRS	amp|arg-L|argtrna|atp|ppi|trnaarg
ASAD	4pasp|aspsa|h|nadp|nadph|pi
ASNN	asn-L|asp-L|h2o|nh4
ASNS1	amp|asn-L|asp-L|atp|gln-L|glu-L|h|h2o|ppi
ASNTRS	amp|asn-L|asntrna|atp|ppi|trnaasn
ASP1DC	ala-B|asp-L|co2|h
ASPCT	asp-L|cbasp|cbp|h|pi
ASPKi	4pasp|adp|asp-L|atp
ASPTA	akg|asp-L|glu-L|oaa
ASPTRS	amp|asp-L|asptrna|atp|ppi|trnaasp
ASPabc	adp|asp-L|atp|h|h2o|pi
ATPM	adp|atp|h|h2o|pi
ATPPRT	atp|ppi|prbatp|prpp
ATPS4r	adp|atp|h|h2o|pi
BACCL	atp|btamp|btn|h|ppi
BETALDHx	betald|glyb|h|h2o|nad|nadh
BETALDHy	betald|glyb|h|h2o|nadp|nadph
BPNT	amp|h2o|pap|pi
BTNt2i	btn|h
BTS3r	btn|dtbt|h2s|s
Biomass	10fthf|12dgr_SA|26dap-LL|Biomass|SA_FREE_FA|acgam|acgam1p|ala-L|amp|arg-L|asn-L|asp-L|atp|clpn_SA|cmp|cys-L|damp|dcmp|dgdcg_SA2|dgmp|dtmp|fad|gam1p|glcp_SA|gln-L|glu-L|gly|gmp|h2o|hemeO|his-L|ile-L|leu-L|lys-L|met-L|mlthf|nad|nadp|pala_SA2|pe_SA|pg_SA|pgly_SA2|phe-L|pleu_SA2|plys_SA2|pro-L|ptrc|ser-L|sheme|spmd|tcam|thf|thm|thr-L|trp-L|tyr-L|uamr|ump|val-L
CAT	h2o|h2o2|o2
CBMK	adp|atp|cbp|co2|h|nh4
CBPS	adp|atp|cbp|gln-L|glu-L|h|h2o|hco3|pi
CDAPPA_SA	cdpdag_SA|cmp|h|h2o|pa_SA
CDPMEK	2p4c2me|4c2me|adp|atp|h
CHCOAL	amp|atp|coa|pime|pmcoa|ppi
CHLabc	adp|atp|chol|h|h2o|pi
CHLt2r	chol|h
CHOLD	betald|chol|h|nad|nadh
CHORM	chor|pphn
CHORS	3psme|chor|pi
CIT-Mgt	Cit-Mg|h
CLPNS_SA	clpn_SA|glyc|pg_SA
CO2t	co2
CPPPGO	co2|cpppg3|h|h2o|o2|pppg9
CRNabc	adp|atp|crn|h|h2o|pi
CS	accoa|cit|coa|h|h2o|oaa
CSNt2	csn|h
CTPS1	adp|atp|ctp|h|nh4|pi|utp
CYSS	ac|acser|cys-L|h|h2s
CYSTL	cyst-L|h2o|hcys-L|nh4|pyr
CYSTRS	amp|atp|cys-L|cystrna|ppi|trnacys
CYSabc	adp|atp|cys-L|h|h2o|pi
CYTBD	h|h2o|o2|q8|q8h2
CYTD	cytd|h|h2o|nh4|uri
CYTDK2	cmp|cytd|gdp|gtp|h
CYTDt4	cytd|na1
CYTK1	adp|atp|cdp|cmp
CYTK2	adp|atp|dcdp|dcmp
Coabc	adp|atp|cobalt2|h|h2o|pi
Cut1	adp|atp|cu2|h|h2o|pi
D-LACt2	h|lac-D
DAGK_SA	12dgr_SA|adp|atp|h|pa_SA
DALAt2r	ala-D|h
DAPDC	26dap-M|co2|h|lys-L
DAPE	26dap-LL|26dap-M
DASYN_SA	cdpdag_SA|ctp|h|pa_SA|ppi
DB4PS	db4p|for|h|ru5p-D
DBTSr	adp|atp|co2|dann|dtbt|h|pi
DCMPDA	dcmp|dump|h|h2o|nh4
DDPA	2dda7p|e4p|h2o|pep|pi
DGK1	adp|atp|dgdp|dgmp
DHAD1	23dhmb|3mob|h2o
DHAD2	23dhmp|3mop|h2o
DHAK	adp|atp|dha|dhap|h
DHDPRy	23dhdp|h|nadp|nadph|thdp
DHDPS	23dhdp|aspsa|h|h2o|pyr
DHFR	dhf|h|nadp|nadph|thf
DHFS	adp|atp|dhf|dhpt|glu-L|h|pi
DHNAOT	2dmmq8|co2|dhna|h|octdp|ppi
DHNPA2	6hmhpt|dhnpt|gcald
DHORD5	dhor-S|mql8|mqn8|orot
DHORTS	cbasp|dhor-S|h|h2o
DHPPDA	25dhpp|5apru|h|h2o|nh4
DHPS2	4abz|6hmhptpp|dhpt|ppi
DHQD	3dhq|3dhsk|h2o
DHQS	2dda7p|3dhq|pi
DKMPPD	2kmb|dkmpp|for|h|h2o|o2|pi
DKMPPD2	2kmb|dkmpp|for|h|h2o|pi
DMATT	dmpp|grdp|ipdp|ppi
DNMPPA	dhnpt|dhpmp|h2o|pi
DNTPPA	ahdt|dhpmp|h|h2o|ppi
DPCOAK	adp|atp|coa|dpcoa|h
DPMVD	5dpmev|adp|atp|co2|ipdp|pi
DPR	2dhp|h|nadp|nadph|pant-R
DRBK	2dr5p|adp|atp|drib|h
DRPA	2dr5p|acald|g3p
DTMPK	adp|atp|dtdp|dtmp
DURIK1	adp|atp|dump|duri|h
DURIPP	2dr1p|duri|pi|ura
ECOAH1	3hbcoa|b2coa|h2o
ECOAH2	3hhcoa|h2o|hx2coa
ECOAH3	3hocoa|h2o|oc2coa
ECOAH4	3hdcoa|dc2coa|h2o
ECOAH5	3hddcoa|dd2coa|h2o
ECOAH6	3htdcoa|h2o|td2coa
ECOAH7	3hhdcoa|h2o|hdd2coa
ENO	2pg|h2o|pep
ETOHt	etoh
FACOAL160	amp|atp|coa|hdca|pmtcoa|ppi
FBA	dhap|fdp|g3p
FBP	f6p|fdp|h2o|pi
FCLT	fe2|h|pheme|ppp9
FDHr	co2|for|nad|nadh
FE2abc	adp|atp|fe2|h|h2o|pi
FFSDr	fru|g6p|h2o|suc6p
FGLU	forglu|frmd|glu-L|h|h2o
FLDO	fmn|fmnh2|h|nadp|nadph
FLVR	h|nadp|nadph|rbflvrd|ribflv
FLVR(NAD)	h|nad|nadh|rbflvrd|ribflv
FMNAT	atp|fad|fmn|h|ppi
FMNRx	fmn|fmnh2|h|nad|nadh
FORt2	for|h
FORt3	for|h
FRUK	adp|atp|f1p|fdp|h
FRUpts	f1p|fru|pep|pyr
FTHFL	10fthf|adp|atp|for|pi|thf
FUM	fum|h2o|mal-L
G1PACT	accoa|acgam1p|coa|gam1p|h
G1SATi	5aop|glu1sa
G3PCT	cdpglyc|ctp|glyc3p|h|ppi
G3PD2	dhap|glyc3p|h|nadp|nadph
G3PD5	dhap|glyc3p|q8|q8h2
G3PD6	dhap|glyc3p|mql8|mqn8
G3PD7	2dmmq8|2dmmql8|dhap|glyc3p
G6PDA	f6p|gam6p|h2o|nh4
G6PDH2r	6pgl|g6p|h|nadp|nadph
GAL6PI	dgal6p|tag6p-D
GALTpts	galt|galt1p|pep|pyr
GALUi	g1p|h|ppi|udpg|utp
GAPD	13dpg|g3p|h|nad|nadh|pi
GARFT	10fthf|fgam|gar|h|thf
GCALDD	gcald|glyclt|h|h2o|nad|nadh
GCCa	alpro|co2|gly|h|lpro
GCCb	alpro|dhlpro|mlthf|nh4|thf
GCCc	dhlpro|h|lpro|nad|nadh
GF6PTA	f6p|gam6p|gln-L|glu-L
GHMT2	gly|h2o|mlthf|ser-L|thf
GK1	adp|atp|gdp|gmp
GLCNt2r	glcn|h
GLCPcom_SA	glcp_SA|gtca1|gtca2|gtca3
GLCS1	adp|adpglc|glycogen|glycogenb|h
GLCpts	g6p|glc-D|pep|pyr
GLGC	adpglc|atp|g1p|h|ppi
GLNS	adp|atp|gln-L|glu-L|h|nh4|pi
GLUDx	akg|glu-L|h|h2o|nad|nadh|nh4
GLUPRT	gln-L|glu-L|h2o|ppi|pram|prpp
GLUR	glu-D|glu-L
GLUSx	akg|gln-L|glu-L|h|nad|nadh
GLUTRR	glu1sa|glutrna|h|nadp|nadph|trnaglu
GLUTRS	amp|atp|glu-L|glutrna|ppi|trnaglu
GLUabc	adp|atp|glu-L|h|h2o|pi
GLUt2	glu-L|h
GLUt2r	glu-L|h
GLYALDt	glyald
GLYAT	2aobut|accoa|coa|gly
GLYBabc	adp|atp|glyb|h|h2o|pi
GLYBt2r	glyb|h
GLYC3Pabc	adp|atp|glyc3p|h|h2o|pi
GLYC3Pt6	glyc3p|pi
GLYCK	3pg|adp|atp|glyc-R|h
GLYCt	glyc
GLYD	glyc-R|h|hpyr|nad|nadh
GLYKr	adp|atp|glyc|glyc3p|h
GLYTRS	amp|atp|gly|glytrna|ppi|trnagly
GLYabc	adp|atp|gly|h|h2o|pi
GMHEPAT	adphep-D,D|atp|gmhep1p|h|ppi
GMHEPK	adp|atp|gmhep17bp|gmhep7p|h
GMHEPPA	gmhep17bp|gmhep1p|h2o|pi
GMPR	gmp|h|imp|nadp|nadph|nh4
GMPS2	amp|atp|gln-L|glu-L|gmp|h|h2o|ppi|xmp
GND	6pgc|co2|nadp|nadph|ru5p-D
GNK	6pgc|adp|atp|glcn|h
GPDDA1	chol|g3pc|glyc3p|h|h2o
GPDDA2	etha|g3pe|glyc3p|h|h2o
GPDDA3	g3ps|glyc3p|h|h2o|ser-L
GPDDA4	g3pg|glyc|glyc3p|h|h2o
GPDDA5	g3pi|glyc3p|h|h2o|inost
GRTT	frdp|grdp|ipdp|ppi
GTHP	gthox|gthrd|h2o|h2o2
GTPCI	ahdt|for|gtp|h|h2o
GTPCII	25dhpp|for|gtp|h|h2o|ppi
GTPDPK	amp|atp|gdptp|gtp|h
GUAPRT	gmp|gua|ppi|prpp
GUAt2	gua|h
H2Ot	h2o
HACD1	3hbcoa|aacoa|h|nad|nadh
HACD2	3hhcoa|3ohcoa|h|nad|nadh
HACD3	3hocoa|3oocoa|h|nad|nadh
HACD4	3hdcoa|3odcoa|h|nad|nadh
HACD5	3hddcoa|3oddcoa|h|nad|nadh
HACD6	3htdcoa|3otdcoa|h|nad|nadh
HACD7	3hhdcoa|3ohdcoa|h|nad|nadh
HCO3E	co2|h|h2o|hco3
HCYSMT	ahcys|amet|h|hcys-L|met-L
HDCAt2	h|hdca
HEMEAS	h|h2o|hemeA_#1|hemeO
HEMEOS	frdp|h2o|hemeO|pheme|ppi
HEMEti	adp|atp|h|h2o|pheme|pi
HETZK	4mhetz|4mpetz|adp|atp|h
HEX1	adp|atp|g6p|glc-D|h
HEX7	adp|atp|f6p|fru|h
HEXTT	hepdp|hexdp|ipdp|ppi
HISDr	his-L|nh4|urcan
HISTD	h|h2o|his-L|histd|nad|nadh
HISTP	h2o|hisp|histd|pi
HISabc	adp|atp|h|h2o|his-L|pi
HMBS	h2o|hmbil|nh4|ppbng
HMGCOARi	coa|h|hmgcoa|mev-R|nadp|nadph
HMGCOASi	aacoa|accoa|coa|h|h2o|hmgcoa
HPPK2	6hmhpt|6hmhptpp|amp|atp|h
HSDy	aspsa|h|hom-L|nadp|nadph
HSERTA	accoa|achms|coa|hom-L
HSK	adp|atp|h|hom-L|phom
HSTPT	akg|glu-L|hisp|imacp
HXPRT	hxan|imp|ppi|prpp
ICDHyr	akg|co2|icit|nadp|nadph
ICHORS	chor|ichor
IG3PS	aicar|eig3p|gln-L|glu-L|h|prlp
IGPDH	eig3p|h2o|imacp
IGPS	2cpr5p|3ig3p|co2|h|h2o
ILETA	3mop|akg|glu-L|ile-L
ILETRS	amp|atp|ile-L|iletrna|ppi|trnaile
ILEabc	adp|atp|h|h2o|ile-L|pi
ILEt2r	h|ile-L
IMPC	fprica|h2o|imp
IMPD	h|h2o|imp|nad|nadh|xmp
INDPYRD	co2|h|id3acald|indpyr
IPDDI	dmpp|ipdp
IPMD	3c2hmp|3c4mop|h|nad|nadh
IPPMIa	2ippm|3c2hmp|h2o
IPPMIb	2ippm|3c3hmp|h2o
IPPS	3c3hmp|3mob|accoa|coa|h|h2o
IZPN	4izp|forglu|h|h2o
KARA1i	23dhmb|alac-S|h|nadp|nadph
KARA2i	23dhmp|2ahbut|h|nadp|nadph
KAS1	co2|coa|fa1|h|h2o|ibcoa|malcoa|nadp|nadph
KAS10	2mbcoa|co2|coa|fa10|h|h2o|malcoa|nadp|nadph
KAS11	co2|coa|fa11|h|h2o|ivcoa|malcoa|nadp|nadph
KAS12	2mbcoa|co2|coa|fa12|h|h2o|malcoa|nadp|nadph
KAS13	accoa|co2|coa|h|h2o|malcoa|nadp|nadph|ocdca
KAS14	ACP|acACP|actACP|co2|h|malACP
KAS15	accoa|actACP|co2|coa|h|malACP
KAS16	3hmrsACP|ACP|co2|ddcaACP|h|malACP|nadp|nadph
KAS17	accoa|co2|coa|h|h2o|malcoa|nadp|nadph|ocdcea
KAS19SA	2mbcoa|co2|coa|fa19a|h|h2o|malcoa|nadp|nadph
KAS2	accoa|co2|coa|h|h2o|malcoa|nadp|nadph|ttdca
KAS20SA	accoa|co2|coa|fa20n|h|h2o|malcoa|nadp|nadph
KAS3	co2|coa|fa3|h|h2o|ivcoa|malcoa|nadp|nadph
KAS4	2mbcoa|co2|coa|fa4|h|h2o|malcoa|nadp|nadph
KAS5	co2|coa|fa5|h|h2o|ibcoa|malcoa|nadp|nadph
KAS6	co2|coa|fa6|h|h2o|ibcoa|malcoa|nadp|nadph
KAS7	accoa|co2|coa|h|h2o|hdcea|malcoa|nadp|nadph
KAS8	accoa|co2|coa|h|h2o|hdca|malcoa|nadp|nadph
KAS9	co2|coa|fa9|h|h2o|ivcoa|malcoa|nadp|nadph
Kabc	adp|atp|h|h2o|k|pi
Kt2r	h|k
L-LACt2r	h|lac-L
LACpts	Lac6p|lcts|pep|pyr
LDH_D	h|lac-D|nad|nadh|pyr
LDH_L	h|lac-L|nad|nadh|pyr
LEUTA	4mop|akg|glu-L|leu-L
LEUabc	adp|atp|h|h2o|leu-L|pi
LEUt2r	h|leu-L
LYSDC	15dap|co2|h|lys-L
LYSTRS	amp|atp|lys-L|lystrna|ppi|trnalys
LYSabc	adp|atp|h|h2o|lys-L|pi
LYSt2r	h|lys-L
M1PD	f6p|h|mnl1p|nad|nadh
MACPD	acACP|co2|h|malACP
MALT	glc-D|h2o|malt
MALTAT	accoa|acmalt|coa|malt
MALTabc	adp|atp|h|h2o|malt|pi
MAN6PI	f6p|man6p
MANpts	man|man6p|pep|pyr
MCOATA	ACP|coa|malACP|malcoa
MDH	h|mal-L|nad|nadh|oaa
MDH2	mal-L|oaa|q8|q8h2
MDH3	mal-L|mql8|mqn8|oaa
MDRPD	5mdru1p|dkmpp|h2o
ME1_rev	co2|mal-L|nad|nadh|pyr
MEPCT	2me4p|4c2me|ctp|h|ppi
METAT	amet|atp|h2o|met-L|pi|ppi
METS	5mthf|h|hcys-L|met-L|thf
METTRS	amp|atp|met-L|mettrna|ppi|trnamet
METabc	adp|atp|h|h2o|met-L|pi
MEVK1	5pmev|adp|atp|h|mev-R
MEVK2	5pmev|cdp|ctp|h|mev-R
MEVK3	5pmev|gdp|gtp|h|mev-R
MEVK4	5pmev|h|mev-R|udp|utp
MG2abc	adp|atp|h|h2o|mg2|pi
MHPGLUT	hcys-L|hpglu|met-L|mhpglu
MI1PP	h2o|inost|mi1p-D|pi
MNLpts	mnl|mnl1p|pep|pyr
MNabc	adp|atp|h|h2o|mn2|pi
MNt2	h|mn2
MOBDabc	adp|atp|h|h2o|mobd|pi
MOHMT	2dhp|3mob|h2o|mlthf|thf
MTAN	5mta|5mtr|ade|h2o
MTHFC	10fthf|h|h2o|methf
MTHFD	methf|mlthf|nadp|nadph
MTHFR2	5mthf|h|mlthf|nad|nadh
MTRI	5mdr1p|5mdru1p
MTRK	5mdr1p|5mtr|adp|atp|h
NACUP	nac
NADH10	h|mql8|mqn8|nad|nadh
NADH5	h|nad|nadh|q8|q8h2
NADH6	h|nad|nadh|q8|q8h2
NADH7	h|mql8|mqn8|nad|nadh
NADH8	2dmmq8|2dmmql8|h|nad|nadh
NADH9	2dmmq8|2dmmql8|h|nad|nadh
NADK	adp|atp|h|nad|nadp
NADS1	amp|atp|dnad|h|nad|nh4|ppi
NALN6	2a3pp|3pop|n6all26d|nal2a6o
NAPRTr	h|nac|nicrnt|ppi|prpp
NAt3	h|na1
NAt3_1	h|na1
NAt3_1.5	h|na1
NAt3_2	h|na1
NBAH	bgly|bz|gly|h2o
NCAMUP	ncam
NDPK1	adp|atp|gdp|gtp
NDPK2	adp|atp|udp|utp
NDPK3	adp|atp|cdp|ctp
NDPK4	adp|atp|dtdp|dttp
NDPK5	adp|atp|dgdp|dgtp
NDPK6	adp|atp|dudp|dutp
NDPK7	adp|atp|dcdp|dctp
NDPK8	adp|atp|dadp|datp
NDPK9	adp|atp|idp|itp
NH4OHDs	h|h2o|nh4|nh4oh
NH4t4	k|nh4
NIabc	adp|atp|h|h2o|ni2|pi
NNAM	h2o|nac|ncam|nh4
NNATr	atp|dnad|h|nicrnt|ppi
NO2t2r	h|no2
NO3R1	h|h2o|no2|no3|q8|q8h2
NO3R2	h|h2o|mql8|mqn8|no2|no3
NO3t7	no2|no3
NOPD	akg|arg-L|h|h2o|nadp|nadph|nop
NPHSr	coa|dhna|sbzcoa
NTRIRx	h|h2o|nad|nadh|nh4oh|no2
NTRIRy	h|h2o|nadp|nadph|nh4oh|no2
O2t5i	o2
OCBT	cbp|citr-L|h|orn|pi
OCTD	arg-L|h|h2o|nadp|nadph|octp|pyr
OIVD1	4mop|co2|coa|ivcoa|nad|nadh
OIVD2	3mob|co2|coa|ibcoa|nad|nadh
OIVD3	2mbcoa|3mop|co2|coa|nad|nadh
OMCDC	3c4mop|4mop|co2|h
OMPDC	co2|h|orot5p|ump
OOR2r	akg|co2|coa|fdxox|fdxrd|h|succoa
ORNCD	nh4|orn|pro-L
ORNDC	co2|h|orn|ptrc
ORNTA	akg|glu-L|glu5sa|orn
ORNTAC	acglu|acorn|glu-L|orn
ORNabc	adp|atp|h|h2o|orn|pi
ORPT	orot|orot5p|ppi|prpp
P5CD	1pyr5c|glu-L|h|h2o|nad|nadh
P5CR	1pyr5c|h|nadp|nadph|pro-L
PALASA_SA2	ala-L|cdpdag_SA|cmp|h|pala_SA2
PANTS	ala-B|amp|atp|h|pant-R|pnto-R|ppi
PAPA_SA	12dgr_SA|h2o|pa_SA|pi
PAPPT3	uagmda|udcpp|ugmda|ump
PAPSR	h|pap|paps|so3|trdox|trdrd
PASYN_SA	fa1|fa11|fa12|fa19a|fa20n|fa3|fa4|fa6|glyc3p|hdca|ocdca|pa_SA|ttdca
PC	adp|atp|h|hco3|oaa|pi|pyr
PDH	accoa|co2|coa|nad|nadh|pyr
PDHcr	dhlam|h|lpam|nad|nadh
PFK	adp|atp|f6p|fdp|h
PFK_2	adp|atp|h|tag6p-D|tagdp-D
PFLr	accoa|coa|for|pyr
PGAMT	gam1p|gam6p
PGCD	3pg|3php|h|nad|nadh
PGI	f6p|g6p
PGK	13dpg|3pg|adp|atp
PGLYCP	2pglyc|glyclt|h2o|pi
PGLYSA_SA2	cdpdag_SA|cmp|gly|h|pgly_SA2
PGM	2pg|3pg
PGMT	g1p|g6p
PGPP_SA	h2o|pg_SA|pgp_SA|pi
PGSA_SA	cdpdag_SA|cmp|glyc3p|h|pgp_SA
PHETA1	akg|glu-L|phe-L|phpyr
PHEt2r	h|phe-L
PIabc	adp|atp|h|h2o|pi
PIt7	na1|pi
PLEUSA_SA2	cdpdag_SA|cmp|h|leu-L|pleu_SA2
PLYSSA_SA2	cdpdag_SA|cmp|h|lys-L|plys_SA2
PMANM	man1p|man6p
PMDPHT	4r5au|5aprbu|h2o|pi
PMEVK	5dpmev|5pmev|adp|atp
PMPK	2mahmp|4ampm|adp|atp
PNTK	4ppan|adp|atp|h|pnto-R
POX	ac|co2|h2o|pyr|q8|q8h2
POX2	actp|co2|h|h2o|h2o2|o2|pi|pyr
PPA	h|h2o|pi|ppi
PPBNGS	5aop|h|h2o|ppbng
PPCDC	4ppcys|co2|h|pan4p
PPCK	adp|atp|co2|oaa|pep
PPM	r1p|r5p
PPM2	2dr1p|2dr5p
PPNCL2	4ppan|4ppcys|cmp|ctp|cys-L|h|ppi
PPND	34hpp|co2|nad|nadh|pphn
PPNDH	co2|h|h2o|phpyr|pphn
PPPGO	h2o|o2|ppp9|pppg9
PRAGS	adp|atp|gar|gly|h|pi|pram
PRAI	2cpr5p|pran
PRAIS	adp|air|atp|fpram|h|pi
PRAMPC	h2o|prbamp|prfp
PRASCS	25aics|5aizc|adp|asp-L|atp|h|pi
PRATPP	h|h2o|ppi|prbamp|prbatp
PRFGS	adp|atp|fgam|fpram|gln-L|glu-L|h|h2o|pi
PRMICIi	prfp|prlp
PROD2	1pyr5c|fad|fadh2|h|pro-L
PROabc	adp|atp|h|h2o|pi|pro-L
PROt4	na1|pro-L
PRPPS	amp|atp|h|prpp|r5p
PSCVT	3psme|pep|pi|skm5p
PSD_SA	co2|h|pe_SA|ps_SA
PSERT	3php|akg|glu-L|pser-L
PSP_L	h2o|pi|pser-L|ser-L
PSSA_SA	cdpdag_SA|cmp|h|ps_SA|ser-L
PTAr	accoa|actp|coa|pi
PTHPS	6pthp|ahdt|pppi
PTPATi	atp|dpcoa|h|pan4p|ppi
PTRCORNt7	orn|ptrc
PUNP1	ade|adn|pi|r1p
PUNP2	2dr1p|ade|dad-2|pi
PYK	adp|atp|h|pep|pyr
PYNP1	csn|cytd|pi|r1p
PYRZAM	h2o|male|malm|nh4
RAFH	fru|h2o|melib|raffin
RBFK	adp|atp|fmn|h|ribflv
RBFSa	4r5au|db4p|dmlz|h2o|pi
RBFSb	4r5au|dmlz|ribflv
RBK	adp|atp|h|r5p|rib-D
RBK_L1	adp|atp|h|rbl-L|ru5p-L
RIBabc	adp|atp|h|h2o|pi|rib-D
RNDR1	adp|dadp|h2o|trdox|trdrd
RNDR2	dgdp|gdp|h2o|trdox|trdrd
RNDR3	cdp|dcdp|h2o|trdox|trdrd
RNDR4	dudp|h2o|trdox|trdrd|udp
RNTR1	atp|datp|h2o|trdox|trdrd
RNTR2	dgtp|gtp|h2o|trdox|trdrd
RNTR3	ctp|dctp|h2o|trdox|trdrd
RNTR4	dutp|h2o|trdox|trdrd|utp
RPE	ru5p-D|xu5p-D
RPI	r5p|ru5p-D
S3AdT	3AStmyn|Stmyn|atp|h|ppi
S7PIr	gmhep7p|s7p
SADT2	aps|atp|gdp|gtp|h2o|pi|ppi|so4
SALCpts	pep|pyr|salc6p|salcn
SA_free_FA	SA_FREE_FA|fa11|fa12|fa3|fa4|fa6|hdca
SBTD_Dr	fru|h|nad|nadh|sbt-D
SDPDS	26dap-LL|h2o|sl26da|succ
SDPTA	akg|glu-L|sl26da|sl2a6o
SERAT	accoa|acser|coa|ser-L
SERD_Lr	nh4|pyr|ser-L
SERTRS	amp|atp|ppi|ser-L|sertrna|trnaser
SERabc	adp|atp|h|h2o|pi|ser-L
SHCHCS2	2shchc|ichor|pyr|ssaltpp|thmpp
SHCHD2	dscl|h|nad|nadh|scl
SHCHF	fe2|h|scl|sheme
SHK3Dr	3dhsk|h|nadp|nadph|skm
SHKK	adp|atp|h|skm|skm5p
SHSL1	cys-L|cyst-L|h|succ|suchms
SHSL4r	2obut|h|h2o|nh4|succ|suchms
SPMDabc	adp|atp|h|h2o|pi|spmd
SPMS	5mta|ametam|h|ptrc|spmd
SPODM	h|h2o2|o2|o2-
SQLS	frdp|h|nadp|nadph|ppi|sql
SSALy	h|h2o|nadp|nadph|succ|sucsal
SUCBZL	amp|atp|coa|ppi|sbzcoa|sucbz
SUCBZS	2shchc|h2o|sucbz
SUCD1	fad|fadh2|fum|succ
SUCD4	fad|fadh2|q8|q8h2
SUCOAS	adp|atp|coa|pi|succ|succoa
SUCR	fru|glc-D|h2o|sucr
SUCpts	pep|pyr|suc6p|sucr
SULR	h|h2o|h2s|nadp|nadph|so3
SULabc	adp|atp|h|h2o|pi|so4
Spt3AdT	3AStrmyn|Sptmyn|atp|h|ppi
TAGO	acgam|h|h2o|pi|uacgam|ump
TALA	e4p|f6p|g3p|s7p
TECA1S	acgam|cdpglyc|cmp|gtca1|h|uacmam|udp
TECA2S	acgam|ala-D|amp|atp|cdpglyc|cmp|gtca2|h|ppi|uacmam|udp
TECA3S	acgam|cdpglyc|cmp|gtca3|h|uacmam|udp|udpg
TECA4S	h|h2o|tcam|udp|udpacgal|udpg|ump
TEST_NADTRHD	nad|nadh|nadp|nadph
TGBPA	dhap|g3p|tagdp-D
THDPS	coa|h2o|sl2a6o|succoa|thdp
THFGLUS	adp|atp|glu-L|h|pi|thf|thfglu
THMDt2	h|thymd
THMDt4	na1|thymd
THMabc	adp|atp|h|h2o|pi|thm
THRAr	acald|gly|thr-L
THRD_L	2obut|nh4|thr-L
THRS	h2o|phom|pi|thr-L
THRTRS	amp|atp|ppi|thr-L|thrtrna|trnathr
THRt2	h|thr-L
TKT1	g3p|r5p|s7p|xu5p-D
TKT2	e4p|f6p|g3p|xu5p-D
TMDK1	adp|atp|dtmp|h|thymd
TMDS	dhf|dtmp|dump|mlthf
TMPPP	2mahmp|4mpetz|h|ppi|thmmp
TPI	dhap|g3p
TRDR	h|nadp|nadph|trdox|trdrd
TRE6PH	g6p|glc-D|h2o|tre6p
TREpts	pep|pyr|tre|tre6p
TRPS1	3ig3p|g3p|h2o|ser-L|trp-L
TRPt2r	h|trp-L
TYRTA	34hpp|akg|glu-L|tyr-L
TYRt2r	h|tyr-L
UAAGDS	26dap-M|adp|atp|h|pi|uamag|ugmd
UAG2E	uacgam|uacmam
UAG2EMA	acmana|h|h2o|uacgam|udp
UAG4E	uacgam|udpacgal
UAGCVT	pep|pi|uaccg|uacgam
UAGDP	acgam1p|h|ppi|uacgam|utp
UAGPT3	h|uaagmda|uacgam|uagmda|udp
UAMAGS	adp|atp|glu-D|h|pi|uama|uamag
UAMAS	adp|ala-L|atp|h|pi|uama|uamr
UAPGR	h|nadp|nadph|uaccg|uamr
UDCPKr	adp|atp|h|udcp|udcpp
UDPDPS	decdp|ipdp|ppi|udcpdp
UDPG12dgrGT_SA2	12dgr_SA|3g12dgr_SA2|udp|udpg
UDPG3g12dgrGT_SA2	3g12dgr_SA2|dgdcg_SA2|udp|udpg
UDPG4E	udpg|udpgal
UGMDDS	adp|alaala|atp|h|pi|ugmd|ugmda
UMPK	adp|atp|udp|ump
UNK3	2kmb|akg|glu-L|met-L
UPP3MT	ahcys|amet|dscl|h|uppg3
UPP3S	h2o|hmbil|uppg3
UPPDC1	co2|cpppg3|h|uppg3
UPPDC2	co2|cpppg1|h|uppg1
UPPRTr	ppi|prpp|ump|ura
URAt2	h|ura
URCN	4izp|h2o|urcan
UREA	co2|h|h2o|nh4|urea
UREAt	urea
URFGTT	2ombz|2ommb|ahcys|amet|h
URIDK2r	adp|atp|dudp|dump
URIK1	adp|atp|h|ump|uri
URIK2	gdp|gtp|h|ump|uri
URIK3	h|idp|itp|ump|uri
URIt4	na1|uri
VALTA	3mob|akg|glu-L|val-L
VALabc	adp|atp|h|h2o|pi|val-L
VALt2r	h|val-L
XANt	xan
XANt2	h|xan
XPPT	ppi|prpp|xan|xmp
YUMPS	h2o|psd5p|r5p|ura
ZNabc	adp|atp|h|h2o|pi|zn2
