 or NDC	co2|h|orn-L|ptrc
 or PT	orot|orot5p|ppi|prpp
4HBTE	4hbcoa|4hbz|coa|h|h2o
5DOAN	5drib|ade|dad-5|h2o
A5PISO	ara5p|ru5p-D
AACPS10	ACP|amp|atp|fa1|fa1ACP|ppi
AACPS11	ACP|amp|atp|fa3|fa3ACP|ppi
AACPS12	ACP|amp|atp|fa6|fa6ACP|ppi
AACPS13	ACP|amp|atp|fa11|fa11ACP|ppi
AACPS14	ACP|amp|atp|pde|pdeACP|ppi
AACPS15	ACP|amp|atp|hpde|hpdeACP|ppi
AACPS3	ACP|amp|atp|hdca|palmACP|ppi
AACPS4	ACP|amp|atp|hdcea|hdeACP|ppi
AACPS5	ACP|amp|atp|ocdcea|octeACP|ppi
AACPS6	ACP|amp|atp|pdACP|ppi|ptdca
AACPS7	ACP|amp|atp|hpdACP|hpdca|ppi
AACPS8	ACP|amp|atp|ocdACP|ocdca|ppi
AACPS9	ACP|amp|atp|fa13|fa13ACP|ppi
ABTA	4abut|akg|glu-L|sucsal
ACACCT	aacoa|ac|acac|accoa
ACALDi	acald|accoa|coa|h|nad|nadh
ACBIPGT	adcobap|adgcoba|gtp|h|ppi
ACCOAC	accoa|adp|atp|h|hco3|malcoa|pi
ACCOAL	adp|atp|coa|pi|ppa|ppcoa
ACGAMK	acgam|acgam6p|adp|atp|h
ACGAt2	acgam|h
ACGK	acg5p|acglu|adp|atp
ACGS	accoa|acglu|coa|glu-L|h
ACHBS	2ahbut|2obut|co2|h|pyr
ACKr	ac|actp|adp|atp
ACLS	alac-S|co2|h|pyr
ACMAT1	ACP|acACP|actACP|co2|h|malACP
ACOAD8	3mb2coa|h|ivcoa|nad|nadh
ACOATA	ACP|acACP|accoa|coa
ACODA	ac|acorn|h2o|orn-L
ACONT	cit|icit
ACOTA	acg5sa|acorn|akg|glu-L
ACPS1	ACP|apoACP|coa|h|pap
ACPSc	ACP|apoACP|h|h2o|pan4p
ACS	ac|accoa|amp|atp|coa|ppi
ACt6	ac|h
ADA	adn|h|h2o|ins|nh4
ADCL	4abz|4adcho|h|pyr
ADCOBAK	adcoba|adcobap|adp|atp|h
ADCOBAS	1ap2ol|adcoba|adcobhex|h2o
ADCOBHEXS	adcobdam|adcobhex|adp|atp|gln-L|glu-L|h|h2o|pi
ADCS	4adcho|chor|gln-L|glu-L
ADK1	adp|amp|atp
ADK3	adp|amp|gdp|gtp
ADK4	adp|amp|idp|itp
ADMDC	amet|ametam|co2|h
ADNCYC	atp|camp|ppi
ADNK1	adn|adp|amp|atp|h
ADNt2	adn|h
ADPT	ade|amp|ppi|prpp
ADSK	adp|aps|atp|h|paps
ADSL1r	amp|dcamp|fum
ADSL2r	25aics|aicar|fum
ADSS	asp-L|dcamp|gdp|gtp|h|imp|pi
AGDC	ac|acgam6p|gam6p|h2o
AGPR	acg5p|acg5sa|h|nadp|nadph|pi
AHAI	23dhmb|alac-S|h|nadp|nadph
AHCYSNS	ade|ahcys|h2o|rhcys
AHSERL	ac|achms|ch4s|h|met-L
AHSERL2	ac|achms|h2s|hcys-L
AICART	10fthf|aicar|fprica|thf
AIRC2	5caiz|adp|air|atp|h|hco3|pi
AIRC3	5aizc|5caiz
AKGD	akg|co2|coa|nad|nadh|succoa
AKGt6	akg|h
ALAALA	adp|ala-D|alaala|atp|h|pi
ALAD_L	ala-L|h|h2o|nad|nadh|nh4|pyr
ALAR	ala-D|ala-L
ALATA_D2	ala-D|pyam5p|pydx5p|pyr
ALATA_L	akg|ala-L|glu-L|pyr
ALATA_L2	ala-L|pyam5p|pydx5p|pyr
ALATRS	ala-L|alatrna|amp|atp|ppi|trnaala
ALA_Dt4	ala-D|na1
ALAt4	ala-L|na1
ALCD2x	acald|etoh|h|nad|nadh
ALDD2x	ac|acald|h|h2o|nad|nadh
AMAA	acmam|acmama|ala-L|h2o
AMALT1	glc-D|malt|malttr|maltttr
AMALT2	glc-D|malt|maltpt|maltttr
AMALT3	glc-D|malt|malthx|maltpt
AMALT4	glc-D|malt|malthp|malthx
AMAOT	8aonn|amet|amob|dann
AMMQT7_2	2dmmq7|ahcys|amet|h|mqn7
AMMQT7_3	ahcys|amet|h|mmqn7|mqn7
AMPMS	4ampm|air|for|h|h2o
ANPRT	anth|ppi|pran|prpp
ANS1	anth|chor|gln-L|glu-L|h|pyr
AOXS	8aonn|ala-L|co2|coa|h|pmcoa
AP4AH	adp|ap4a|h|h2o
AP5AH	adp|ap5a|atp|h|h2o
APRAUR	5aprbu|5apru|h|nadp|nadph
ARGDC	agm|arg-L|co2|h
ARGSL	arg-L|argsuc|fum
ARGSS	amp|argsuc|asp-L|atp|citr-L|h|ppi
ARGTRS	amp|arg-L|argtrna|atp|ppi|trnaarg
ARGabc	adp|arg-L|atp|h|h2o|pi
ARSRD2	arsna|arsni2|gthox|gthrd|h|h2o
ARSt	arsna|h
ARSt1	arsni2
ASAD	4pasp|aspsa|h|nadp|nadph|pi
ASNN	asn-L|asp-L|h2o|nh4
ASNS1	amp|asn-L|asp-L|atp|gln-L|glu-L|h|h2o|ppi
ASNTRS	amp|asn-L|asntrna|atp|ppi|trnaasn
ASP1DC	ala-B|asp-L|co2|h
ASPCT	asp-L|cbasp|cbp|h|pi
ASPK	4pasp|adp|asp-L|atp
ASPO3	asp-L|h|iasp|ubq8|ubq8h2
ASPO5	asp-L|fum|h|iasp|succ
ASPO6	asp-L|h|h2o2|iasp|o2
ASPO8	asp-L|h|iasp|mql7|mqn7
ASPO9	asp-L|h|iasp|mmql7|mmqn7
ASPTA1	akg|asp-L|glu-L|oaa
ASPTA4	akg|cys-L|glu-L|mercppyr
ASPTRS	amp|asp-L|asptrna|atp|ppi|trnaasp
ASPt2_3	asp-L|h
AST	arg-L|coa|h|sucarg|succoa
ATPM	adp|atp|h|h2o|pi
ATPPRT	atp|ppi|prbatp|prpp
ATPS4r	adp|atp|h|h2o|pi
BPNT	amp|h2o|pap|pi
BTS2	ala-L|btn|cys-L|dtbt|h
Biomass	12dag3p|12dgr|5mthf|Biomass|accoa|agpe|agpg|amp|coa|dna_Son|fad|glycogen|lps_SO|nad|nadh|nadp|nadph|pe|peptx|pgly|protein_Son_aerobic|ptrc|rna_Son|spmd|succoa|udpg
C120SN	ACP|actACP|co2|ddcaACP|h|h2o|malACP|nadp|nadph
C130ISN	ACP|co2|fa13ACP|fa7ACP|h|h2o|malACP|nadp|nadph
C140ISN	ACP|co2|fa1ACP|fa8ACP|h|h2o|malACP|nadp|nadph
C140SN	ACP|actACP|co2|h|h2o|malACP|myrsACP|nadp|nadph
C150ISN	ACP|co2|fa3ACP|fa7ACP|h|h2o|malACP|nadp|nadph
C150SN	ACP|co2|fa14ACP|h|h2o|malACP|nadp|nadph|pdACP
C151SN	ACP|co2|coa|h|h2o|malACP|nadp|nadph|pdeACP|ppcoa
C160ISN	ACP|co2|fa6ACP|fa8ACP|h|h2o|malACP|nadp|nadph
C160SN	ACP|actACP|co2|h|h2o|malACP|nadp|nadph|palmACP
C161SN	ACP|actACP|co2|h|h2o|hdeACP|malACP|nadp|nadph
C170ISN	ACP|co2|fa11ACP|fa7ACP|h|h2o|malACP|nadp|nadph
C170SN	ACP|co2|fa14ACP|h|h2o|hpdACP|malACP|nadp|nadph
C171SN	ACP|co2|coa|h|h2o|hpdeACP|malACP|nadp|nadph|ppcoa
C180SN	ACP|actACP|co2|h|h2o|malACP|nadp|nadph|ocdACP
C181SN	ACP|actACP|co2|h|h2o|malACP|nadp|nadph|octeACP
C50SN	co2|coa|fa14ACP|h|h2o|malACP|nadp|nadph|ppcoa
C60ISN	co2|coa|fa8ACP|h|h2o|ibcoa|malACP|nadp|nadph
C70ISN	co2|coa|fa7ACP|h|h2o|ivcoa|malACP|nadp|nadph
CAT	h2o|h2o2|o2
CAt4i	ca2|h
CBIAT	adcoba|atp|cbi|h2o|pi|ppi
CBL1abc	adp|atp|cbl1|h|h2o|pi
CBLAT	atp|cbl1|cobamcoa|h2o|pi|ppi
CBLTR3	cobalt2|cobalt3|h|mql7|mqn7
CBLTR4	cobalt2|cobalt3|h|mmql7|mmqn7
CBPS	adp|atp|cbp|gln-L|glu-L|h|h2o|hco3|pi
CDPMEK	2p4c2me|4c2me|adp|atp|h
CH or M	chor|pphn
CH or S	3psme|chor|pi
CHRPL	4hbz|chor|pyr
CKDOAS	akg|ckdo|ckdo8n|glu-L|h|nad|nadh
CLAT	accoa|cm|cmac|coa
CMLDC	2c25dho|5odhf2a|co2|h
CO2t	co2
COBALTt3	cobalt2|h
COBALTt5	cobalt2
COBPS	adgcoba|cobamcoa|gmp|h|rdmbzi
CONFALDD	confald|frlt|h|h2o|nad|nadh
CPPPGO	co2|cpppg3|h|h2o|o2|pppg9
CPPPGOAN	amet|co2|cpppg3|dad-5|fdxo-4:2|fdxr-4:2|h|met-L|nadp|nadph|pppg9
CRMR	Cr(OH)3|cro4|h|h2o|mql7|mqn7
CRMR2	Cr(OH)3|cro4|h|h2o|mmql7|mmqn7
CRMR3	Cr(OH)3|cro4|h|h2o|nad|nadh
CRO4t6	cro4|h
CS	accoa|cit|coa|h|h2o|oaa
CSND	csn|h|h2o|nh4|ura
CTPS2	adp|atp|ctp|gln-L|glu-L|h|h2o|pi|utp
CY or 7	ficytcc|focytcc|h|ubq8|ubq8h2
CYCPOe	ficytcc|focytcc|h|h2o|h2o2
CYOO2	ficytcc|focytcc|h|h2o|o2
CYSS	ac|acser|cys-L|h2s
CYSTL	cysth-L|h2o|hcys-L|nh4|pyr
CYSTRS	amp|atp|cys-L|cystrna|ppi|trnacys
CYSt2	cys-L|h
CYTBD	h|h2o|o2|ubq8|ubq8h2
CYTD	cytd|h|h2o|nh4|uri
CYTDK1	adp|atp|cmp|cytd|h
CYTDK2	cmp|cytd|gdp|gtp|h
CYTDK3	cmp|cytd|h|idp|itp
CYTDt2	cytd|h
CYTK1	adp|atp|cdp|cmp
CYTK2	adp|atp|dcdp|dcmp
Clt	cl
Cut1	adp|atp|cu2|h|h2o|pi
D-LACt2	h|lac-D
DADA	dad-2|din|h|h2o|nh4
DADK	adp|atp|dadp|damp
DADNt2	dad-2|h
DAGK	12dag3p|12dgr|adp|atp|h
DAHPS	2dda7p|e4p|h2o|pep|pi
DAPDC	26dap-M|co2|h|lys-L
DAPE	26dap-LL|26dap-M
DASYN	12dag3p|cdpdag|ctp|h|ppi
DB4PS	db4p|for|h|ru5p-D
DBTSr	adp|atp|co2|dann|dtbt|h|pi
DCTPD	dctp|dutp|h|h2o|nh4
DCYTD	dcyt|duri|h|h2o|nh4
DCYTt2	dcyt|h
DGK1	adp|atp|dgdp|dgmp
DGTPH	dgsn|dgtp|h2o|pppi
DH or D2	dhor-S|orot|ubq8|ubq8h2
DH or D4i	dhor-S|mql7|mqn7|orot
DH or D8	dhor-S|mmql7|mmqn7|orot
DH or TS	cbasp|dhor-S|h|h2o
DHAD1	23dhmb|3mob|h2o
DHAD2	23dhmp|3mop|h2o
DHDPRy	23dhdp|h|nadp|nadph|thdp
DHDPS	23dhdp|aspsa|h|h2o|pyr
DHFR	dhf|h|nadp|nadph|thf
DHFS	adp|atp|dhf|dhpt|glu-L|h|pi
DHNAOT7	2dmmq7|co2|dhna|hepdp|nad|nadh|ppi
DHNPA	2ahhmp|dhnpt|gcald
DHPPDA2	25dhpp|5apru|h|h2o|nh4
DHPRx	dhbpt|h|nad|nadh|thbpt
DHPS3	2ahhmd|4abz|dhpt|ppi
DHQD1	3dhq|3dhsk|h2o
DHQS	2dda7p|3dhq|pi
DIPEPabc10	adp|atp|gly-glu-L|h|h2o|pi
DIPEPabc13	adp|atp|gly-asp-L|h|h2o|pi
DKMPPD	2kmb|dkmpp|for|h|h2o|o2|pi
DKMPPD2	2kmb|dkmpp|for|h|h2o|pi
DMATT	dmpp|grdp|ipdp|ppi
DMOCT	ckdo|ctp|kdo|ppi
DMPPS	dmpp|h|h2mb4p|h2o|nad|nadh
DMQMT	2omhmbl|ahcys|amet|h|ubq8h2
DMS or 3e	dms|dmso|h2o|mql7|mqn7
DMS or 4e	dms|dmso|h2o|mmql7|mmqn7
DNASYN_Son	adp|atp|datp|dctp|dgtp|dna_Son|dttp|h|h2o|pi|ppi
DNMPPA	dhnpt|dhpmp|h2o|pi
DNTPPA	ahdt|dhpmp|h|h2o|ppi
DPCOAK	adp|atp|coa|dpcoa|h
DPR	2dhp|h|nadp|nadph|pant-R
DRBK	2dr5p|adp|atp|drib|h
DRPA	2dr5p|acald|g3p
DTMPK	adp|atp|dtdp|dtmp
DURIK1	adp|atp|dump|duri|h
DURIPP	2dr1p|duri|pi|ura
DURIt2	duri|h
DUTPDP	dump|dutp|h|h2o|ppi
DXPRI	2me4p|dxyl5p|h|nadp|nadph
DXPS	co2|dxyl5p|g3p|h|pyr
E4PD	4per|e4p|h|h2o|nad|nadh
EDA	2ddg6p|g3p|pyr
EDTXS5	ACP|ddcaACP|kdo8nlipid4|kdo8nlipid4L
EDTXS6	ACP|kdo8nlipa|kdo8nlipid4L|myrsACP
ENO	2pg|h2o|pep
EPPP2	gdpdp|gdptp|h|h2o|pi
ETOHt1	etoh
F or t	for
FAO5	accoa|amp|atp|coa|h|h2o|nad|nadh|ppi|ttdca|ubq8|ubq8h2
FAO6	accoa|amp|atp|coa|h|h2o|hdca|nad|nadh|ppi|ubq8|ubq8h2
FAO7	accoa|amp|atp|coa|h|h2o|nad|nadh|ocdca|ppi|ubq8|ubq8h2
FBA	dhap|fdp|g3p
FBP	f6p|fdp|h2o|pi
FCLT	fe2|h|pheme|ppp9
FDH10	co2|for|h|mmql7|mmqn7
FDH9	co2|for|h|mql7|mqn7
FE2abc	adp|atp|fe2|h|h2o|pi
FE3abc	adp|atp|fe3|h|h2o|pi
FER3	fe2|fe3|h|mql7|mqn7
FER4	fe2|fe3|h|mmql7|mmqn7
FGLU	forglu|frmd|glu-L|h2o
FHLe	co2|for|h|h2
FMETTRS	10fthf|fmettrna|mettrna|thf
FMNAT	atp|fad|fmn|h|ppi
FMNRx	fmn|fmnRD|h|nad|nadh
FN or 	fdxo-4:2|fdxr-4:2|h|nadp|nadph
FRD8	fum|mql7|mqn7|succ
FRD9	fum|mmql7|mmqn7|succ
FRMDt	frmd
FRTT	frdp|ggdp|ipdp|ppi
FTHFD	10fthf|for|h|h2o|thf
FTHFL	10fthf|adp|atp|for|pi|thf
FUM	fum|h2o|mal-L
FUMACA	4fumacac|acac|fum|h|h2o
FUMt2_2	fum|h
FUMt4	fum|h
G1PACT	accoa|acgam1p|coa|gam1p|h
G1PTMT	dtdpglc|dttp|g1p|h|ppi
G1SATi	5aop|glu1sa
G35DP	gdp|gdpdp|h2o|ppi
G3PD2	dhap|glyc3p|h|nadp|nadph
G3PD4	dhap|glyc3p|mql7|mqn7
G3PD8	dhap|glyc3p|mmql7|mmqn7
G5SADs	1pyr5c|glu5sa|h|h2o
G5SD	glu5p|glu5sa|h|nadp|nadph|pi
G6PDA	f6p|gam6p|h2o|nh4
G6PDHy	6pgl|g6p|h|nadp|nadph
GALKr	adp|atp|gal|gal1p|h
GALU	g1p|h|ppi|udpg|utp
GAPD	13dpg|g3p|h|nad|nadh|pi
GARFT	10fthf|fgam|gar|h|thf
GART	adp|atp|fgam|for|gar|h|pi
GBEZ	adp|atp|glc-D|glycogen|h|pi
GCALDD	gcald|glyclt|h|h2o|nad|nadh
GF6PTA	f6p|gam6p|gln-L|glu-L
GGLUGABDH	ggluaba|ggluabt|h|h2o|nadp|nadph
GGLUGABH	4abut|ggluabt|glu-L|h2o
GGLUPTO	ggluaba|ggluptrc|h2o|h2o2|nh4|o2
GGLUPTS	adp|atp|ggluptrc|glu-L|h|pi|ptrc
GGTT	ggdp|ipdp|pendp|ppi
GHMT	gly|h2o|mlthf|ser-L|thf
GK1	adp|atp|gdp|gmp
GLCGSD	glc-D|glycogen|h2o
GLCP	g1p|glycogen|pi
GLCS1	adp|adpglc|glycogen|h
GLCURE	udpgalur|udpglcur
GLGC	adpglc|atp|g1p|h|ppi
GLNS	adp|atp|gln-L|glu-L|h|nh4|pi
GLNTRS	amp|atp|gln-L|glntrna|ppi|trnagln
GLNt2	gln-L|h
GLU5K	adp|atp|glu-L|glu5p
GLUCYSL	adp|atp|cys-L|glu-L|glucys|h|pi
GLUDx	akg|glu-L|h|h2o|nad|nadh|nh4
GLUN	gln-L|glu-L|h2o|nh4
GLUPRT	gln-L|glu-L|h2o|ppi|pram|prpp
GLUR	glu-D|glu-L
GLUSy	akg|gln-L|glu-L|h|nadp|nadph
GLUTRR	glu1sa|glutrna|h|nadp|nadph|trnaglu
GLUTRS	amp|atp|glu-L|glutrna|ppi|trnaglu
GLUt2	glu-L|h
GLUt4i	glu-L|na1
GLYAT	2aobut|accoa|coa|gly
GLYCKb	2pg|adp|atp|glyc-R|h
GLYCL	co2|gly|mlthf|nad|nadh|nh4|thf
GLYCLTDxr	glx|glyclt|h|nad|nadh
GLYCLTt2r	glyclt|h
GLYCRt2	glyc-R|h
GLYD	glyc-R|h|hpyr|nad|nadh
GLYK	adp|atp|glyc|glyc3p|h
GLYOX	gthrd|h|h2o|lac-D|lgt-S
GLYTRS	amp|atp|gly|glytrna|ppi|trnagly
GLYt4	gly|na1
GMHEPAT	adphep-D,D|atp|gmh1p|h|ppi
GMHEPK	adp|atp|gmh17bp|gmh7p|h
GMHEPPA	gmh17bp|gmh1p|h2o|pi
GMPS2	amp|atp|gln-L|glu-L|gmp|h|h2o|ppi|xmp
GP4GH	gdp|gp4g|h|h2o
GPDDA2	etha|g3pe|glyc3p|h|h2o
GPDDA4	g3pg|glyc|glyc3p|h|h2o
GRTT	frdp|grdp|ipdp|ppi
GSHPO	gthox|gthrd|h2o|h2o2
GSNK	adp|atp|gmp|gsn|h
GTHRD	gthox|gthrd|h|nadp|nadph
GTHRDabc	adp|atp|gthrd|h|h2o|pi
GTHS	adp|atp|glucys|gly|gthrd|h|pi
GTPCI	ahdt|for|gtp|h|h2o
GTPCII	25dhpp|for|gtp|h|h2o|ppi
GTPDPK	amp|atp|gdptp|gtp|h
GUAPRT	gmp|gua|ppi|prpp
H2Ot5	h2o
HACOADr	3hmp|h|mmalsa|nad|nadh
HBUTCT	4hbutcoa|4hdxbutn|btcoa|but
HBZOPT	3ophb|4hbz|octdp|ppi
HCO3E	co2|h|h2o|hco3
HDCAt2	h|hdca
HEMEOS	frdp|h|h2o|hemeO|pheme|ppi
HEPTT	hepdp|ipdp|octdp|ppi
HEXTT	hepdp|hexdp|ipdp|ppi
HGENDO	4mlacac|h|hgentis|o2
HGt	hg2
HISD1	his-L|nh4|urcan
HISTD	h|h2o|his-L|histd|nad|nadh
HISTP	h2o|hisp|histd|pi
HISTRS	amp|atp|his-L|histrna|ppi|trnahis
HMBS	h2o|hmbil|nh4|ppbng
HMGDx	fglut-S|h|hmglut-S|nad|nadh
HMGL	acac|accoa|hmgcoa
HMGSs	fald|gthrd|hmglut-S
HOXPRx	2h3opp|glyc-R|h|nad|nadh
HPPDO1	34hpp|co2|hgentis|o2
HPPK	2ahhmd|2ahhmp|amp|atp|h
HSDy	aspsa|h|hom-L|nadp|nadph
HSK	adp|atp|h|hom-L|phom
HSST	coa|hom-L|succoa|suchms
HSTPT	akg|glu-L|h|hisp|imacp
HTHBPD	5678thh|78dhp|h2o
HXAD	acgam|chitob|h2o
HXPRT	hxan|imp|ppi|prpp
HYD5i	h2|mql7|mqn7
HYD6i	h2|mmql7|mmqn7
ICDHxi	akg|co2|icit|nad|nadh
ICDHy	akg|co2|icit|nadp|nadph
ICH or Si	chor|ichor
ICL	glx|icit|succ
IG3PS	aicar|eig3p|gln-L|glu-L|h|prlp
IGPDH	eig3p|h|h2o|imacp
IGPS	2cpr5p|3ig3p|co2|h|h2o
ILEDH2	3mop|h|h2o|ile-L|nad|nadh|nh4
ILETA	3mop|akg|glu-L|ile-L
ILETRS	amp|atp|ile-L|iletrna|ppi|trnaile
ILEt4	ile-L|na1
IMPC	fprica|h2o|imp
IMPD	h|h2o|imp|nad|nadh|xmp
INDOLEt2	h|indole
INSK	adp|atp|h|imp|ins
INSt2	h|ins
IPDPS	h|h2mb4p|h2o|ipdp|nad|nadh
IPMD	3c2hmp|3c4mop|h|nad|nadh
IPPMIa	2ippm|3c2hmp|h2o
IPPMIb	2ippm|3c3hmp|h2o
IPPS	3c3hmp|3mob|accoa|coa|h|h2o
IZPN	4izp|forglu|h2o
KARA2i	23dhmp|2ahbut|h|nadp|nadph
KAS15	accoa|actACP|co2|coa|h|malACP
KAS16	3htdACP|ACP|co2|ddcaACP|h|malACP|nadp|nadph
KDOPP	h2o|kdo|kdo8p|pi
KDOPS	ara5p|h2o|kdo8p|pep|pi
Kt2i	h|k
Kt3	h|k
L-LACD2	lac-L|pyr|ubq8|ubq8h2
L-LACD4	lac-L|mql7|mqn7|pyr
L-LACD5	lac-L|mmql7|mmqn7|pyr
L-LACt2	h|lac-L
LDH_D2	lac-D|pyr|ubq8|ubq8h2
LDH_D4	lac-D|mql7|mqn7|pyr
LDH_D5	lac-D|mmql7|mmqn7|pyr
LDH_Dir	h|lac-D|nad|nadh|pyr
LEUTA	4mop|akg|glu-L|leu-L
LEUTRS	amp|atp|leu-L|leutrna|ppi|trnaleu
LEUt4	leu-L|na1
LGTHL	gthrd|lgt-S|mthgxl
LLEUDr	4mop|h|h2o|leu-L|nad|nadh|nh4
LPADSS	h|lipidAds|lipidX|u23ga|udp
LPSSYN_SO	adp|adphep-D,D|atp|h|kdo8nlipa|lps_SO|uacgala|udp|udpgal|ump
LYSTRS	amp|atp|lys-L|lystrna|ppi|trnalys
LYSt3	h|lys-L
MACPD	acACP|co2|h|malACP
MALS	accoa|coa|glx|h|h2o|mal-L
MALTAT	accoa|acmalt|coa|malt
MALTK	adp|atp|coa|mal-L|malylcoa|pi
MALt2_2	h|mal-L
MALt2_3	h|mal-L
MCAL	accoa|glx|malylcoa
MCCC	3mb2coa|3mgcoa|adp|atp|h|hco3|pi
MCITD	2mcacn|2mcit|h2o
MCITS	2mcit|coa|h|h2o|oaa|ppcoa
MCOATA	ACP|coa|malACP|malcoa
MCPST	mercppyr|pyr|so3|tsul
MDH	h|mal-L|nad|nadh|oaa
MDRPD	5mdru1p|dkmpp|h2o
ME2	co2|mal-L|nadp|nadph|pyr
MEAMP1(gly-asp)	asp-L|gly|gly-asp-L|h2o
MEAMP1(gly-glu)	glu-L|gly|gly-glu-L|h2o
MECDPDH	2mecdp|h2mb4p|h2o|nad|nadh
MECDPS	2mecdp|2p4c2me|cmp
MEPCT	2me4p|4c2me|ctp|h|ppi
METAT	amet|atp|h2o|met-L|pi|ppi
METGL	2obut|ch4s|h2o|met-L|nh4
METS	5mthf|h|hcys-L|met-L|thf
METTRS	amp|atp|met-L|mettrna|ppi|trnamet
MGCH	3mgcoa|h2o|hmgcoa
MGt3	h|mg2
MGt5	mg2
MI1PP	h2o|inost|mi1p-D|pi
MICITH	2mcacn|h2o|micit
MICITL	micit|pyr|succ
MLACI	4fumacac|4mlacac
MMSDHir	co2|coa|mmalsa|nad|nadh|ppcoa
MN or 	h|h2o|mn2|mn4o|mql7|mqn7
MN or 2	h|h2o|mmql7|mmqn7|mn2|mn4o
MOAT3	ckdo8n|cmp|h|kdo8nlipid4|lipidA
MOBDabc	adp|atp|h|h2o|mobd|pi
MOHMT	2dhp|3mob|h2o|mlthf|thf
MTAN	5mta|5mtr|ade|h2o
MTHFC	10fthf|h|h2o|methf
MTHFD	methf|mlthf|nadp|nadph
MTHFR2	5mthf|h|mlthf|nad|nadh
MTRI	5mdr1p|5mdru1p
MTRK	5mdr1p|5mtr|adp|atp|h
NADH11	h|nad|nadh|ubq8|ubq8h2
NADH12	h|nad|nadh|ubq8|ubq8h2
NADH13	h|mql7|mqn7|nad|nadh
NADH14	h|mmql7|mmqn7|nad|nadh
NADH16	h|mmql7|mmqn7|nad|nadh
NADH4	h|mql7|mqn7|nad|nadh
NADK	adp|atp|h|nad|nadp
NADS1	amp|atp|dnad|h|nad|nh4|ppi
NAabcO	adp|atp|h|h2o|na1|pi
NAt3	h|na1
NAt3_2	h|na1
NAt9	ca2|na1
NCTPPRT	h|nac|nicrnt|ppi|prpp
NDPK1	adp|atp|gdp|gtp
NDPK2	adp|atp|udp|utp
NDPK3	adp|atp|cdp|ctp
NDPK4	adp|atp|dtdp|dttp
NDPK5	adp|atp|dgdp|dgtp
NDPK6	adp|atp|dudp|dutp
NDPK7	adp|atp|dcdp|dctp
NDPK8	adp|atp|dadp|datp
NH4t	nh4
NIt3	h|ni2
NMNAT	atp|h|nad|nmn|ppi
NMNP	nmn
NNAT	atp|dnad|h|nicrnt|ppi
NNDMBRT	5prdmbz|dmbzid|h|nac|nicrnt
NNDMBRT2	dmbzid|ribflv|unknown1
NNDPR	co2|h|nicrnt|ppi|prpp|quln
NPHS	coa|dhna|sbzcoa
NTD1	dump|duri|h2o|pi
NTD10	h2o|pi|xmp|xtsn
NTD11	h2o|imp|ins|pi
NTD2	h2o|pi|ump|uri
NTD3	dcmp|dcyt|h2o|pi
NTD4	cmp|cytd|h2o|pi
NTD5	dtmp|h2o|pi|thymd
NTD6	dad-2|damp|h2o|pi
NTD7	adn|amp|h2o|pi
NTD8	dgmp|dgsn|h2o|pi
NTD9	gmp|gsn|h2o|pi
NTPP1	dgmp|dgtp|h|h2o|ppi
NTPP2	gmp|gtp|h|h2o|ppi
NTPP3	dcmp|dctp|h|h2o|ppi
NTPP4	cmp|ctp|h|h2o|ppi
NTPP5	damp|datp|h|h2o|ppi
NTPP6	amp|atp|h|h2o|ppi
NTPP7	dtmp|dttp|h|h2o|ppi
NTPP8	h|h2o|ppi|ump|utp
NTR4	h2o|mql7|mqn7|no2|no3
NTR5	h2o|mmql7|mmqn7|no2|no3
NTRIRmmq2	h|h2o|mmql7|mmqn7|nh4|no2
NTRIRmq2	h|h2o|mql7|mqn7|nh4|no2
O2t	o2
OBTFL	2obut|coa|for|ppcoa
OCBT	cbp|citr-L|h|orn-L|pi
OCDCAt2	h|ocdca
OHPBAT	akg|glu-L|ohpb|phthr
OHPHM	2ohph|2omph|ahcys|amet|h
OIVD1i	4mop|co2|coa|ivcoa|nad|nadh
OIVD2	3mob|co2|coa|ibcoa|nad|nadh
OIVD3	2mbcoa|3mop|co2|coa|nad|nadh
OMBZLM	2ombzl|2ommbl|ahcys|amet|h
OMCDC	3c4mop|4mop|co2|h
OMMBLHX	2omhmbl|2ommbl|o2
OMPDC	co2|h|orot5p|ump
OMPHHX	2ombzl|2omph|o2
OPHBDC	2oph|3ophb|co2|h
OPHHX	2ohph|2oph|o2
OXGDC2	akg|co2|h|ssaltpp|thmpp
P5CD	1pyr5c|glu-L|h|h2o|nad|nadh
P5CR	1pyr5c|h|nadp|nadph|pro-L
PANTS	ala-B|amp|atp|h|pant-R|pnto-R|ppi
PAP	12dag3p|12dgr|h2o|pi
PAPPT3	uagmda|udcpp|ugmda|ump
PAPSR	h|pap|paps|so3|trdox|trdrd
PASYN_SO_Aerobic	12dag3p|ACP|fa11ACP|fa13ACP|fa1ACP|fa3ACP|fa6ACP|glyc3p|hdeACP|hpdACP|hpdeACP|ocdACP|octeACP|palmACP|pdACP|pdeACP
PDH	accoa|co2|coa|nad|nadh|pyr
PDX5PO	h|h2o2|o2|pdx5p|pydx5p
PDX5PS	co2|dxyl5p|h|h2o|nad|nadh|pdx5p|phthr|pi
PEPTIDOXe	ala-D|peptido_EC|peptx
PERD	4per|h|nad|nadh|ohpb
PFL	accoa|coa|for|pyr
PGAMT	gam1p|gam6p
PGCD	3pg|3php|h|nad|nadh
PGDH	6pgc|co2|nadp|nadph|ru5p-D
PGDHY	2ddg6p|6pgc|h2o
PGI	f6p|g6p
PGK	13dpg|3pg|adp|atp
PGL	6pgc|6pgl|h|h2o
PGLYCP	2pglyc|glyclt|h2o|pi
PGM	2pg|3pg
PGMT	g1p|g6p
PGPPH	h2o|pgly|pglyp|pi
PGSA	cdpdag|cmp|glyc3p|h|pglyp
PHE4MO	dhbpt|h2o|o2|phe-L|thbpt|tyr-L
PHEAL	cinnm|nh4|phe-L
PHETA1	akg|glu-L|phe-L|phpyr
PHETRS	amp|atp|phe-L|phetrna|ppi|trnaphe
PHYT3e	h2o|inoshp|inospp1|pi
PIabc	adp|atp|h|h2o|pi
PIt6	h|pi
PLIPPE_SO	agpe|fa1|fa11|fa13|fa3|fa6|h|h2o|hdca|hdcea|hpdca|hpde|ocdca|ocdcea|pde|pe|ptdca
PLIPPG_SO	agpg|fa1|fa11|fa13|fa3|fa6|h|h2o|hdca|hdcea|hpdca|hpde|ocdca|ocdcea|pde|pgly|ptdca
PMANM	man1p|man6p
PMDPHT	4r5au|5aprbu|h2o|pi
PMPK	2mahmp|4ampm|adp|atp
PNTK	4ppan|adp|atp|h|pnto-R
PPA	h|h2o|pi|ppi
PPAt2	h|ppa
PPBNGS	5aop|h|h2o|ppbng
PPC	co2|h|h2o|oaa|pep|pi
PPCDC	4ppcys|co2|h|pan4p
PPCK	adp|atp|co2|oaa|pep
PPM	r1p|r5p
PPM2	2dr1p|2dr5p
PPNCL	4ppan|4ppcys|cdp|ctp|cys-L|h|pi
PPND	34hpp|co2|nad|nadh|pphn
PPNDH	co2|h|h2o|phpyr|pphn
PPPGO	h2o|o2|ppp9|pppg9
PPS	amp|atp|h|h2o|pep|pi|pyr
PPTGSe	h|peptido_EC|uaagmda|udcpdp
PPTT	hexdp|ipdp|pendp|ppi
PRAGS	adp|atp|gar|gly|h|pi|pram
PRAIS	adp|air|atp|fpram|h|pi
PRAIi	2cpr5p|pran
PRAMPC	h|h2o|prbamp|prfp
PRASCS	25aics|5aizc|adp|asp-L|atp|h|pi
PRATPP	h|h2o|ppi|prbamp|prbatp
PRFGS	adp|atp|fgam|fpram|gln-L|glu-L|h|h2o|pi
PRKIN	adp|atp|h|rb15bp|ru5p-D
PRMICIi	prfp|prlp
PRO1q	1pyr5c|h|pro-L|ubq8|ubq8h2
PROTRS	amp|atp|ppi|pro-L|protrna|trnapro
PROTSYN_Son_aerobic	alatrna|argtrna|asntrna|asptrna|cystrna|gdp|glntrna|glutrna|glytrna|gtp|h|h2o|histrna|iletrna|leutrna|lystrna|mettrna|phetrna|pi|protein_Son_aerobic|protrna|sertrna|thrtrna|trnaala|trnaarg|trnaasn|trnaasp|trnacys|trnagln|trnaglu|trnagly|trnahis|trnaile|trnaleu|trnalys|trnamet|trnaphe|trnapro|trnaser|trnathr|trnatrp|trnatyr|trnaval|trptrna|tyrtrna|valtrna
PRPPS	amp|atp|h|prpp|r5p
PSCVT	3psme|pep|pi|skm5p
PSD	co2|h|pe|ps
PSERT	3php|akg|glu-L|pser-L
PSP_L	h2o|pi|pser-L|ser-L
PSSA	cdpdag|cmp|h|ps|ser-L
PSUDS	h2o|psd5p|r5p|ura
PTAr	accoa|actp|coa|pi
PTPATi	atp|dpcoa|h|pan4p|ppi
PTRC or Nt7	orn-L|ptrc
PTRCabc	adp|atp|h|h2o|pi|ptrc
PTRCt2	h|ptrc
PUNP1	ade|adn|pi|r1p
PUNP2	2dr1p|ade|dad-2|pi
PUNP3	gsn|gua|pi|r1p
PUNP4	2dr1p|dgsn|gua|pi
PUNP5	hxan|ins|pi|r1p
PUNP6	2dr1p|din|hxan|pi
PUNP7	pi|r1p|xan|xtsn
PYAM5PO	h2o|h2o2|nh4|o2|pyam5p|pydx5p
PYK	adp|atp|h|pep|pyr
PYNP2	pi|r1p|ura|uri
PYRt2	h|pyr
QULNS	dhap|h2o|iasp|pi|quln
RBFK	adp|atp|fmn|h|ribflv
RBFSa	4r5au|db4p|dmlz|h2o|pi
RBFSb	4r5au|dmlz|ribflv
RBK	adp|atp|h|r5p|rib-D
RBZP	5prdmbz|h2o|pi|rdmbzi
RHCCE	dhptd|hcys-L|rhcys
RNASYN_Son	adp|atp|ctp|gtp|h|h2o|pi|ppi|rna_Son|utp
RNDR1	adp|dadp|h2o|trdox|trdrd
RNDR2	dgdp|gdp|h2o|trdox|trdrd
RNDR3	cdp|dcdp|h2o|trdox|trdrd
RNDR4	dudp|h2o|trdox|trdrd|udp
RNTR1	atp|datp|h2o|trdox|trdrd
RNTR2	dgtp|gtp|h2o|trdox|trdrd
RNTR3	ctp|dctp|h2o|trdox|trdrd
RNTR4	dutp|h2o|trdox|trdrd|utp
RPE	ru5p-D|xu5p-D
RPI	r5p|ru5p-D
S7PI	gmh7p|s7p
SADH	co2|h|h2o|nh4|sucarg|sucorn
SADT2	aps|atp|gdp|gtp|h2o|pi|ppi|so4
SDPDS	26dap-LL|h2o|sl26da|succ
SDPTA	akg|glu-L|sl26da|sl2a6o
SELNPS	amp|atp|h2o|pi|seln|selnp
SERAT	accoa|acser|coa|ser-L
SERD_L	nh4|pyr|ser-L
SERTRS	amp|atp|ppi|ser-L|sertrna|trnaser
SERt6	h|ser-L
SFGTH	fglut-S|for|gthrd|h|h2o
SGDS	glu-L|h2o|succ|sucglu
SGSAD	h|h2o|nad|nadh|sucglu|sucgsa
SHCHCS2	2shchc|h|ichor|pyr|ssaltpp|thmpp
SHCHD2	dscl|h|nad|nadh|srch
SHCHF	fe2|h|sheme|srch
SHK3D	3dhsk|h|nadp|nadph|skm
SHKK	adp|atp|h|skm|skm5p
SHSL1	cys-L|cysth-L|h|succ|suchms
SLCYSS	ac|acser|slcys|tsul
SO3De	ficytcc|focytcc|h|h2o|so3|so4
SO3R2	h|h2o|h2s|mql7|mqn7|so3
SO3R3	h|h2o|h2s|mmql7|mmqn7|so3
SO4t2	h|so4
SOD	h|h2o2|o2|o2-
SOTA	akg|glu-L|sucgsa|sucorn
SPA	ala-L|hpyr|pyr|ser-L
SPMS	5mta|ametam|h|ptrc|spmd
SPRS	5mta|ametam|h|spmd|sprm
SSALx	h|h2o|nad|nadh|succ|sucsal
SUCBZL	amp|atp|coa|ppi|sbzcoa|sucbz
SUCBZS	2shchc|h2o|sucbz
SUCCt2_2	h|succ
SUCCt2_3	h|succ
SUCD7	fum|succ|ubq8|ubq8h2
SUCFUMtdc	fum|succ
SUCOAS	adp|atp|coa|pi|succ|succoa
SULR	h|h2o|h2s|nadp|nadph|so3
SULabc	adp|atp|h|h2o|pi|so4
TAL	e4p|f6p|g3p|s7p
TDPDRE	dtdpddg|dtdpddm
TDPDRR	dtdp6dm|dtdpddm|h|nadp|nadph
TDPGDH	dtdpddg|dtdpglc|h2o
TDSK	adp|atp|h|lipidA|lipidAds
THD2	h|nad|nadh|nadp|nadph
THD5	nad|nadh|nadp|nadph
THDPS	coa|h2o|sl2a6o|succoa|thdp
THMDt2	h|thymd
THMabc	adp|atp|h|h2o|pi|thm
THRA	acald|gly|thr-L
THRD	2aobut|h|nad|nadh|thr-L
THRD_L	2obut|nh4|thr-L
THRLAD	acald|gly|thr-LA
THRS	h2o|phom|pi|thr-L
THRTRS	amp|atp|ppi|thr-L|thrtrna|trnathr
THRt3	h|thr-L
THZPSN	4hba|4mpetz|ala-L|amp|atp|co2|cys-L|dxyl5p|h|h2o|ppi|tyr-L
TKT1	g3p|r5p|s7p|xu5p-D
TKT2	e4p|f6p|g3p|xu5p-D
TMA or 3e	h|h2o|tma|tmao|ubq8|ubq8h2
TMDK1	adp|atp|dtmp|h|thymd
TMDPP	2dr1p|pi|thym|thymd
TMDS	dhf|dtmp|dump|mlthf
TMPKr	adp|atp|thmmp|thmpp
TMPPP	2mahmp|4mpetz|h|ppi|thmmp
TPI	dhap|g3p
TRDR	h|nadp|nadph|trdox|trdrd
TRPS2	h2o|indole|ser-L|trp-L
TRPS3	3ig3p|g3p|indole
TRPTRS	amp|atp|ppi|trnatrp|trp-L|trptrna
TRPt6	h|trp-L
TSULR3	h|h2s|mql7|mqn7|so3|tsul
TSULR4	h|h2s|mmql7|mmqn7|so3|tsul
TSULST	cyan|h|so3|tcynt|tsul
TSULabc	adp|atp|h|h2o|pi|tsul
TTDCAt2	h|ttdca
TTTNTR3	h|mql7|mqn7|tsul|tttnt
TTTNTR4	h|mmql7|mmqn7|tsul|tttnt
TYRTA	34hpp|akg|glu-L|tyr-L
TYRTRS	amp|atp|ppi|trnatyr|tyr-L|tyrtrna
TYRt6	h|tyr-L
U23GAAT	3htdACP|ACP|h|u23ga|u3hga
UAAGDS	26dap-M|adp|atp|h|pi|uamag|ugmd
UAG4E	uacgala|uacgam
UAGAAT	3htdACP|ACP|u3aga|uacgam
UAGCVT	pep|pi|uaccg|uacgam
UAGDH	h|h2o|nad|nadh|uacgala|uagnr
UAGDP	acgam1p|h|ppi|uacgam|utp
UAGPT3	h|uaagmda|uacgam|uagmda|udp
UAMAGS	adp|atp|glu-D|h|pi|uama|uamag
UAMAS	adp|ala-L|atp|h|pi|uama|uamr
UAPGR	h|nadp|nadph|uaccg|uamr
UDCPDP	h|h2o|pi|udcpdp|udcpp
UDCPDPS	frdp|ipdp|ppi|udcpdp
UDPG4E	udpg|udpgal
UDPGD	h|h2o|nad|nadh|udpg|udpglcur
UGMDDS	adp|alaala|atp|h|pi|ugmd|ugmda
UHGADA	ac|h2o|u3aga|u3hga
UMPK	adp|atp|udp|ump
UNK3	2kmb|akg|glu-L|met-L
UPP3MT	ahcys|amet|dscl|h|uppg3
UPP3S	h2o|hmbil|uppg3
UPPDC1	co2|cpppg3|h|uppg3
UPPRT	ppi|prpp|ump|ura
UQ or 	h|na1|nad|nadh|ubq8|ubq8h2
URAt6	h|ura
URCN	4izp|h2o|urcan
URIDK2	adp|atp|dudp|dump
URIDK3	adp|atp|dudp|dump
URIK1	adp|atp|h|ump|uri
URIK2	gdp|gtp|h|ump|uri
URIK3	h|idp|itp|ump|uri
URIt2	h|uri
URNR3	h|mql7|mqn7|urdio|urnyl
URNR4	h|mmql7|mmqn7|urdio|urnyl
USHD	h|h2o|lipidX|u23ga|ump
VALDHr	3mob|h|h2o|nad|nadh|nh4|val-L
VALTA	3mob|akg|glu-L|val-L
VALTRS	amp|atp|ppi|trnaval|val-L|valtrna
VALt4	na1|val-L
WO4abc	adp|atp|h|h2o|pi|wo4
XPK	actp|g3p|h2o|pi|xu5p-D
