JM_Cre_1	ADP|ATP|G6P|GLC
JM_Cre_10	DHAP_c|F16P_c|GAP_c
JM_Cre_100	6PDGL|G6P|H|NADP|NADPH
JM_Cre_101	6PDGL|G6P|H|NADP|NADPH
JM_Cre_102	G1P_c|G6P_c
JM_Cre_103	G1P_c|G6P_c
JM_Cre_104	ADP|ATP|Ribulose|Ru5P
JM_Cre_105	ADP|ATP|Ribulose|Ru5P
JM_Cre_106	ADP_m|ATP_m|R5P_m|Ribose_m
JM_Cre_107	ADP_m|ATP_m|R5P_m|Ribose_m
JM_Cre_108	ADP_c|ATP_c|R5P_c|Ribose_c
JM_Cre_109	ADP_c|ATP_c|R5P_c|Ribose_c
JM_Cre_11	DHAP|F16P|GAP
JM_Cre_110	3PG_m|ADP_m|ATP_m|PDG_m
JM_Cre_111	3PG_m|ADP_m|ATP_m|PDG_m
JM_Cre_112	ADP|ATP|PEP|PP|PYR|Pi
JM_Cre_113	ADP|ATP|PEP|PP|PYR|Pi
JM_Cre_114	ADP_c|ATP_c|PEP_c|PP_c|PYR_c|Pi_c
JM_Cre_115	ADP_c|ATP_c|PEP_c|PP_c|PYR_c|Pi_c
JM_Cre_116	CO2_m|H_m|MAL_m|NADH_m|NAD_m|PYR_m
JM_Cre_117	CO2_m|H_m|MAL_m|NADH_m|NAD_m|PYR_m
JM_Cre_118	Pi_c|S17P_c|S7P_c
JM_Cre_119	Pi|S17P|S7P
JM_Cre_12	DHAP|F16P|GAP
JM_Cre_120	CO2|H2O|HCO3
JM_Cre_121	CO2|H2O|HCO3
JM_Cre_122	CO2_m|H2O_m|HCO3_m
JM_Cre_123	CO2_m|H2O_m|HCO3_m
JM_Cre_124	3PG_c|CO2_c|Ru15P_c
JM_Cre_125	CO2|H|MAL|NADP|NADPH|PYR
JM_Cre_126	CO2|H|MAL|NADP|NADPH|PYR
JM_Cre_127	CO2_c|H_c|MAL_c|NADPH_c|NADP_c|PYR_c
JM_Cre_128	CO2_c|H_c|MAL_c|NADPH_c|NADP_c|PYR_c
JM_Cre_129	GAP_m|H_m|NADPH_m|NADP_m|PDG_m|Pi_m
JM_Cre_13	DHAP_c|GAP_c
JM_Cre_130	GAP_m|H_m|NADPH_m|NADP_m|PDG_m|Pi_m
JM_Cre_131	ADP_c|ATP_c|Ru15P_c|Ru5P_c
JM_Cre_132	ADP_c|ATP_c|Ru15P_c|Ru5P_c
JM_Cre_133	3PG_c|O2_c|PGT_c|Ru15P_c
JM_Cre_134	Glycolate|PGT|Pi
JM_Cre_135	GOX|Glycolate|H2O|O2
JM_Cre_136	GOX|Glycolate|H2O|O2
JM_Cre_137	Ferri|Ferro|H2O|O2
JM_Cre_138	Ferri|Ferro|H2O|O2
JM_Cre_139	AMP_c|ATP_c|AcCoA_c|Acetate_c|CoA_c|PP_c
JM_Cre_14	DHAP_c|GAP_c
JM_Cre_140	AMP|ATP_m|AcCoA_m|Acetate_m|CoA_m|PP_m
JM_Cre_141	AMP|ATP|AcCoA|Acetate|CoA|PP
JM_Cre_142	GOX_m|ICT_m|SUC_m
JM_Cre_143	AcCoA_m|CoA_m|GOX_m|H2O_m|MAL_m
JM_Cre_144	AcCoA_m|CoA_m|GOX_m|H2O_m|MAL_m
JM_Cre_145	ADP_m|ATP_m|H_m|Pi_m
JM_Cre_146	Ferri_m|Ferro_m|H_m|QH2_m|Q_m
JM_Cre_147	Ferri_m|Ferro_m|H_m|QH2_m|Q_m
JM_Cre_148	Ferri_m|Ferro_m|H2O_m|O2_m
JM_Cre_149	Ferri_m|Ferro_m|H2O_m|O2_m
JM_Cre_15	GAP_m|H_m|NADH_m|NAD_m|PDG_m|Pi_m
JM_Cre_150	FUM_m|H_m|NADH_m|NAD_m|SUC_m
JM_Cre_151	FUM_m|H_m|NADH_m|NAD_m|SUC_m
JM_Cre_152	Ferri_m|Ferro_m|NADPH_m|NADP_m
JM_Cre_153	Ferri_m|Ferro_m|NADPH_m|NADP_m
JM_Cre_154	NADH_m|NADPH_m|NADP_m|NAD_m
JM_Cre_155	NADH_m|NADPH_m|NADP_m|NAD_m
JM_Cre_156	H2O_c|H_c|NADPH_c|NADP_c|O2_c|Photon
JM_Cre_157	H_c|Photon
JM_Cre_158	ADP_c|ATP_c|H_c
JM_Cre_159	NADH_c|NAD_c|QH2_c|Q_c
JM_Cre_16	GAP_m|H_m|NADH_m|NAD_m|PDG_m|Pi_m
JM_Cre_160	NADH_c|NAD_c|QH2_c|Q_c
JM_Cre_161	Ferri_c|Ferro_c|H_c|QH2_c|Q_c
JM_Cre_162	Ferri_c|Ferro_c|H_c|QH2_c|Q_c
JM_Cre_163	NADH_c|NADPH_c|NADP_c|NAD_c
JM_Cre_164	NADH_c|NADPH_c|NADP_c|NAD_c
JM_Cre_165	AMP_c|ATP_c|H2O_c|PP_c
JM_Cre_166	AMP_c|ATP_c|H2O_c|PP_c
JM_Cre_167	ADP_c|ATP_c|H2O_c|Pi_c
JM_Cre_168	ADP|ATP|H2O|Pi
JM_Cre_169	ADP_m|ATP_m|H2O_m|Pi_m
JM_Cre_17	GAP_c|H_c|NADH_c|NAD_c|PDG_c|Pi_c
JM_Cre_170	Ferri|Ferro|NADP|NADPH
JM_Cre_171	Ferri|Ferro|NADP|NADPH
JM_Cre_172	ADP_c|ATP_c|G1P_c|PP_c|Starch_c
JM_Cre_173	G1P_c|PP_c|Starch_c|UDP_c|UTP_c
JM_Cre_174	DHAP|G3P|H|NAD|NADH
JM_Cre_175	DHAP|G3P|H|NAD|NADH
JM_Cre_176	DHAP_c|G3P_c|H_c|NADH_c|NAD_c
JM_Cre_177	DHAP_c|G3P_c|H_c|NADH_c|NAD_c
JM_Cre_178	18CFA_c|ADP|ATP_c|AcCoA_c|CoA_c|H2O|H_c|NADPH_c|NADP_c|Pi_c
JM_Cre_179	18CFA_c|G3P_c|Lipid_c|Pi_c
JM_Cre_18	GAP_c|H_c|NADH_c|NAD_c|PDG_c|Pi_c
JM_Cre_180	(C16:0)|ADP|ATP|AcCoA|CoA|H|H2O|NADP|NADPH|Pi
JM_Cre_181	(C16:0)_c|ADP_c|ATP_c|AcCoA_c|CoA_c|H2O_c|H_c|NADPH_c|NADP_c|Pi_c
JM_Cre_182	(C16:0)|(C16:1)|H|H2O|NAD|NADH|O2
JM_Cre_183	(C16:0)_c|(C16:1)_c|H2O_c|H_c|NADH_c|NAD_c|O2_c
JM_Cre_184	(C16:1)|(C16:2)|H|H2O|NAD|NADH|O2
JM_Cre_185	(C16:1)_c|(C16:2)_c|H2O_c|H_c|NADH_c|NAD_c|O2_c
JM_Cre_186	(C16:2)|(C16:3)|H|H2O|NAD|NADH|O2
JM_Cre_187	(C16:2)_c|(C16:3)_c|H2O_c|H_c|NADH_c|NAD_c|O2_c
JM_Cre_188	(C16:3)|(C16:4)|H|H2O|NAD|NADH|O2
JM_Cre_189	(C16:3)_c|(C16:4)_c|H2O_c|H_c|NADH_c|NAD_c|O2_c
JM_Cre_19	GAP|H|NAD|NADH|PDG|Pi
JM_Cre_190	(C16:0)-CoA|(C18:0)-CoA|ADP|ATP|AcCoA|CO2|CoA|H|H2O|HCO3|NADP|NADPH|Pi
JM_Cre_191	(C16:0)-CoA_c|(C18:0)-CoA_c|ADP_c|ATP_c|AcCoA_c|CO2_c|CoA_c|H2O_c|HCO3_c|H_c|NADPH_c|NADP_c|Pi_c
JM_Cre_192	(C18:0)|(C18:1)|H|H2O|NAD|NADH|O2
JM_Cre_193	(C18:0)_c|(C18:1)_c|H2O_c|H_c|NADH_c|NAD_c|O2_c
JM_Cre_194	(C18:1)|(C18:2)|H|H2O|NAD|NADH|O2
JM_Cre_195	(C18:1)_c|(C18:2)_c|H2O_c|H_c|NADH_c|NAD_c|O2_c
JM_Cre_196	(C18:2)|(C18:3)|H|H2O|NAD|NADH|O2
JM_Cre_197	(C18:2)_c|(C18:3)_c|H2O_c|H_c|NADH_c|NAD_c|O2_c
JM_Cre_198	(C18:3)|(C18:4)|H|H2O|NAD|NADH|O2
JM_Cre_199	(C18:3)_c|(C18:4)_c|H2O_c|H_c|NADH_c|NAD_c|O2_c
JM_Cre_2	G6P|GLC|H2O|Pi
JM_Cre_20	GAP|H|NAD|NADH|PDG|Pi
JM_Cre_200	(C16:0)|(C16:0)-CoA|AMP|ATP|CoA|PP
JM_Cre_201	(C16:0)-CoA_c|(C16:0)_c|AMP_c|ATP_c|CoA_c|PP_c
JM_Cre_202	(C16:1)|(C16:1)-CoA|AMP|ATP|CoA|PP
JM_Cre_203	(C16:1)-CoA_c|(C16:1)_c|AMP_c|ATP_c|CoA_c|PP_c
JM_Cre_204	(C16:2)|(C16:2)-CoA|AMP|ATP|CoA|PP
JM_Cre_205	(C16:2)-CoA_c|(C16:2)_c|AMP_c|ATP_c|CoA_c|PP_c
JM_Cre_206	(C16:3)|(C16:3)-CoA|AMP|ATP|CoA|PP
JM_Cre_207	(C16:3)-CoA_c|(C16:3)_c|AMP_c|ATP_c|CoA_c|PP_c
JM_Cre_208	(C16:4)|(C16:4)-CoA|AMP|ATP|CoA|PP
JM_Cre_209	(C16:4)-CoA_c|(C16:4)_c|AMP_c|ATP_c|CoA_c|PP_c
JM_Cre_21	3PG_m|ADP_m|ATP_m|PDG_m
JM_Cre_210	(C18:0)|(C18:0)-CoA|AMP|ATP|CoA|PP
JM_Cre_211	(C18:0)-CoA_c|(C18:0)_c|AMP_c|ATP_c|CoA_c|PP_c
JM_Cre_212	(C18:1)|(C18:1)-CoA|AMP|ATP|CoA|PP
JM_Cre_213	(C18:1)-CoA_c|(C18:1)_c|AMP_c|ATP_c|CoA_c|PP_c
JM_Cre_214	(C18:2)|(C18:2)-CoA|AMP|ATP|CoA|PP
JM_Cre_215	(C18:2)-CoA_c|(C18:2)_c|AMP_c|ATP_c|CoA_c|PP_c
JM_Cre_216	(C18:3)|(C18:3)-CoA|AMP|ATP|CoA|PP
JM_Cre_217	(C18:3)-CoA_c|(C18:3)_c|AMP_c|ATP_c|CoA_c|PP_c
JM_Cre_218	(C18:4)|(C18:4)-CoA|AMP|ATP|CoA|PP
JM_Cre_219	(C18:4)-CoA_c|(C18:4)_c|AMP_c|ATP_c|CoA_c|PP_c
JM_Cre_22	3PG_m|ADP_m|ATP_m|PDG_m
JM_Cre_220	(C16:0)-CoA_c|(C16:1)-CoA_c|(C16:2)-CoA_c|(C16:3)-CoA_c|(C16:4)-CoA_c|(C18:0)-CoA_c|(C18:1)-CoA_c|(C18:2)-CoA_c|(C18:3)-CoA_c|CoA_c|G3P_c|H2O_c|MGDG_c|Pi_c|UDP-Galactose_c|UDP_c
JM_Cre_221	(C16:0)-CoA_c|(C16:1)-CoA_c|(C16:2)-CoA_c|(C16:3)-CoA_c|(C16:4)-CoA_c|(C18:0)-CoA_c|(C18:1)-CoA_c|(C18:2)-CoA_c|(C18:3)-CoA_c|CoA_c|DGDG_c|G3P_c|H2O_c|Pi_c|UDP-Galactose_c|UDP_c
JM_Cre_222	H2O_c|SO3_c|UDP-Glucose_c|UDP-SQV_c
JM_Cre_223	(C16:0)-CoA_c|(C18:0)-CoA_c|(C18:1)-CoA_c|(C18:2)-CoA_c|(C18:3)-CoA_c|CoA_c|G3P_c|H2O_c|Pi_c|SQDG_c|UDP-SQV_c|UDP_c
JM_Cre_224	(C16:0)-CoA|(C16:1)-CoA|(C16:3)-CoA|(C18:0)-CoA|(C18:1)-CoA|(C18:2)-CoA|(C18:3)-CoA|(C18:4)-CoA|CMP|CTP|CoA|G3P|H2O|PG|Pi
JM_Cre_225	(C16:0)-CoA_c|(C16:1)-CoA_c|(C16:3)-CoA_c|(C18:0)-CoA_c|(C18:1)-CoA_c|(C18:2)-CoA_c|(C18:3)-CoA_c|(C18:4)-CoA_c|CMP_c|CTP_c|CoA_c|G3P_c|H2O_c|PG_c|Pi_c
JM_Cre_226	G6P|H2O|Pi|myo-Inositol
JM_Cre_227	(C16:0)-CoA|(C16:1)-CoA|(C16:2)-CoA|(C16:3)-CoA|(C18:0)-CoA|(C18:1)-CoA|(C18:2)-CoA|(C18:3)-CoA|CMP|CTP|CoA|G3P|H2O|PI|PP|myo-Inositol
JM_Cre_228	(C16:0)-CoA|(C16:1)-CoA|(C16:2)-CoA|(C16:3)-CoA|(C16:4)-CoA|(C18:0)-CoA|(C18:1)-CoA|(C18:2)-CoA|(C18:3)-CoA|(C18:4)-CoA|AHcys|CoA|DGTS|G3P|H2O|Pi|SAM
JM_Cre_229	(C16:0)-CoA|(C16:1)-CoA|(C16:3)-CoA|(C18:0)-CoA|(C18:1)-CoA|(C18:2)-CoA|(C18:3)-CoA|(C18:4)-CoA|CMP|CO2|CTP|CoA|G3P|H2O|PE|PP|Ser
JM_Cre_23	3PG_c|ADP_c|ATP_c|PDG_c
JM_Cre_230	UDP-Galactose_c|UDP-Glucose_c
JM_Cre_231	UDP-Galactose_c|UDP-Glucose_c
JM_Cre_232	G1P_c|PP_c|UDP-Glucose_c|UTP_c
JM_Cre_233	G1P_c|PP_c|UDP-Glucose_c|UTP_c
JM_Cre_234	ACL_c|CO2_c|PYR_c
JM_Cre_235	ACL_c|CO2_c|PYR_c
JM_Cre_236	ACL_c|H2O_c|H_c|KIV_c|NADPH_c|NADP_c
JM_Cre_237	ACL_c|H2O_c|H_c|KIV_c|NADPH_c|NADP_c
JM_Cre_238	AKG_c|Glu_c|KIV_c|Val_c
JM_Cre_239	AKG_c|Glu_c|KIV_c|Val_c
JM_Cre_24	3PG_c|ADP_c|ATP_c|PDG_c
JM_Cre_240	AcCoA_c|CoA_c|H2O_c|IPM_c|KIV_c
JM_Cre_241	AcCoA_c|CoA_c|H2O_c|IPM_c|KIV_c
JM_Cre_242	AKG_c|CO2_c|Glu_c|H_c|IPM_c|Leu_c|NADH_c|NAD_c
JM_Cre_243	AKG_c|CO2_c|Glu_c|H_c|IPM_c|Leu_c|NADH_c|NAD_c
JM_Cre_244	2KB_c|Am_c|Thr_c
JM_Cre_245	2KB_c|AHB_c|CO2_c|PYR_c
JM_Cre_246	2KB_c|AHB_c|CO2_c|PYR_c
JM_Cre_247	AHB_c|H2O_c|KMV_c|NADPH_c|NADP_c
JM_Cre_248	AHB_c|H2O_c|KMV_c|NADPH_c|NADP_c
JM_Cre_249	Ile_c|KIV_c|KMV_c|Val_c
JM_Cre_25	2PG|3PG
JM_Cre_250	Ile_c|KIV_c|KMV_c|Val_c
JM_Cre_251	Ala|KIV|PYR|Val
JM_Cre_252	Ala|KIV|PYR|Val
JM_Cre_253	AKG_m|Ala_m|Glu_m|PYR_m
JM_Cre_254	AKG_m|Ala_m|Glu_m|PYR_m
JM_Cre_255	Ala_m|GOX_m|Gly_m|PYR_m
JM_Cre_256	Ala_m|GOX_m|Gly_m|PYR_m
JM_Cre_257	Ala|GOX|Gly|PYR
JM_Cre_258	Ala|GOX|Gly|PYR
JM_Cre_259	3HPYR|GOX|Gly|Ser
JM_Cre_26	2PG|3PG
JM_Cre_260	3HPYR|GOX|Gly|Ser
JM_Cre_261	3HPYR|Glycerate|H|NAD|NADH
JM_Cre_262	3HPYR|Glycerate|H|NADP|NADPH
JM_Cre_263	3PG_c|ADP_c|ATP_c|Glycerate_c
JM_Cre_264	AKG_m|Am_m|Glu_m|H_m|NADPH_m|NADP_m
JM_Cre_265	AKG_m|Am_m|Glu_m|H_m|NADPH_m|NADP_m
JM_Cre_266	ADP|ATP|Glu|Glu5P
JM_Cre_267	Glu5P|H|H2O|NADP|NADPH|P5C|Pi
JM_Cre_268	H_c|NADPH_c|NADP_c|P5C_c|Pro_c
JM_Cre_269	H_c|NADPH_c|NADP_c|P5C_c|Pro_c
JM_Cre_27	2PG_m|3PG_m
JM_Cre_270	AKG_m|Asp_m|Glu_m|OA_m
JM_Cre_271	AKG_m|Asp_m|Glu_m|OA_m
JM_Cre_272	AKG|Asp|Glu|OA
JM_Cre_273	AKG|Asp|Glu|OA
JM_Cre_274	AKG_c|Asp_c|Glu_c|OA_c
JM_Cre_275	AKG_c|Asp_c|Glu_c|OA_c
JM_Cre_276	Am|Asn|Asp|H2O
JM_Cre_277	Am|Asn|Asp|H2O
JM_Cre_278	AMP|ATP|Asn|Asp|Gln|Glu|PP
JM_Cre_279	ADP_m|ATP_m|Am_m|Gln_m|Glu_m|Pi_m
JM_Cre_28	2PG_m|3PG_m
JM_Cre_280	ADP|ATP|Am|Gln|Glu|Pi
JM_Cre_281	3PG|3PHP|H|NAD|NADH
JM_Cre_282	3PG|3PHP|H|NAD|NADH
JM_Cre_283	3PG_c|3PHP_c|H_c|NADH_c|NAD_c
JM_Cre_284	3PG_c|3PHP_c|H_c|NADH_c|NAD_c
JM_Cre_285	3PHP_c|3PS_c|AKG_c|Glu_c
JM_Cre_286	3PHP_c|3PS_c|AKG_c|Glu_c
JM_Cre_287	3PS_c|H2O_c|Pi_c|Ser_c
JM_Cre_288	A4P_c|ADP_c|ATP_c|Asp_c
JM_Cre_289	A4P_c|ASM_c|NADPH_c|NADP_c|Pi_c
JM_Cre_29	2PG|PEP
JM_Cre_290	ASM_c|H_c|Hser_c|NADPH_c|NADP_c
JM_Cre_291	ASM_c|H_c|Hser_c|NADPH_c|NADP_c
JM_Cre_292	AcCoA|CoA|OAS|Ser
JM_Cre_293	AcCoA|CoA|OAS|Ser
JM_Cre_294	AcCoA_c|CoA_c|OAS_c|Ser_c
JM_Cre_295	AcCoA_c|CoA_c|OAS_c|Ser_c
JM_Cre_296	Acetate_c|Cys_c|H2S_c|OAS_c
JM_Cre_297	Acetate_c|Cys_c|H2S_c|OAS_c
JM_Cre_298	ADP_c|ATP_c|Hser_c|OPH_c
JM_Cre_299	H2O_c|OPH_c|Pi_c|Thr_c
JM_Cre_3	F6P|G6P
JM_Cre_30	2PG|PEP
JM_Cre_300	DDP_c|E4P_c|H2O_c|PEP_c
JM_Cre_301	3DH_c|DDP_c
JM_Cre_302	3DH_c|3DS_c|H2O_c
JM_Cre_303	3DS_c|NADPH_c|NADP_c|Shikimate_c
JM_Cre_304	ADP_c|ATP_c|S3P_c|Shikimate_c
JM_Cre_305	ES3P_c|PEP_c|Pi_c|S3P_c
JM_Cre_306	CHM_c|ES3P_c|Pi_c
JM_Cre_307	CHM_c|PPT_c
JM_Cre_308	CHM_c|PPT_c
JM_Cre_309	CO2_c|H2O_c|PPT_c|PPYR_c
JM_Cre_31	CO2|H2O|OA|PEP|Pi
JM_Cre_310	AKG_c|Glu_c|PPYR_c|Phe_c
JM_Cre_311	AKG_c|Glu_c|PPYR_c|Phe_c
JM_Cre_312	AGT_c|AKG_c|Glu_c|PPT_c
JM_Cre_313	AGT_c|AKG_c|Glu_c|PPT_c
JM_Cre_314	AGT_c|CO2_c|H2O_c|Phe_c
JM_Cre_315	AGT_c|CO2_c|H2O_c|Phe_c
JM_Cre_316	CO2_c|HPPYR_c|H_c|NADH_c|NAD_c|PPT_c
JM_Cre_317	AKG_c|Glu_c|HPPYR_c|Tyr_c
JM_Cre_318	AKG_c|Glu_c|HPPYR_c|Tyr_c
JM_Cre_319	AGT_c|CO2_c|H_c|NADPH_c|NADP_c|Tyr_c
JM_Cre_32	ADP|ATP|PEP|PYR
JM_Cre_320	AGT_c|CO2_c|H_c|NADPH_c|NADP_c|Tyr_c
JM_Cre_321	AKG_c|Gln_c|Glu_c|H_c|NADPH_c|NADP_c
JM_Cre_322	AKG_c|Gln_c|Glu_c|H_c|NADPH_c|NADP_c
JM_Cre_323	AKG_c|Gln_c|Glu_c|OFer_c|RFer_c
JM_Cre_324	AKG_c|Gln_c|Glu_c|OFer_c|RFer_c
JM_Cre_325	DHN|Formate|GTP|H2O
JM_Cre_326	DHDN|DHN|H2O|PP|Pi
JM_Cre_327	DHDN|Glyceraldehyde|HMD
JM_Cre_328	AMP|ATP|DHT|HMD
JM_Cre_329	4AD|CHM|Gln|Glu
JM_Cre_33	ADP_c|ATP_c|PEP_c|PYR_c
JM_Cre_330	4AD|ABZ|PYR
JM_Cre_331	ABZ|DHT|DHTT|PP
JM_Cre_332	ADP|ATP|DHF|DHTT|Glu|Pi
JM_Cre_333	DHF|NADP|NADPH|THF
JM_Cre_334	AcCoA|CoA|Formate|PYR
JM_Cre_335	AcCoA|CoA|Formate|PYR
JM_Cre_336	ADP|ATP|GAP|Glyceraldehyde
JM_Cre_337	ADP|ATP|GAP|Glyceraldehyde
JM_Cre_338	DHF_c|H_c|NADPH_c|NADP_c|THF_c
JM_Cre_339	DHF_c|H_c|NADPH_c|NADP_c|THF_c
JM_Cre_34	ADP|ATP|HCO3|OA|PYR
JM_Cre_340	Gly_c|MTHF_c|Ser_c|THF_c
JM_Cre_341	Gly_c|MTHF_c|Ser_c|THF_c
JM_Cre_342	Gly|MTHF|Ser|THF
JM_Cre_343	Gly|MTHF|Ser|THF
JM_Cre_344	Gly_m|MTHF_m|Ser_m|THF_m
JM_Cre_345	Gly_m|MTHF_m|Ser_m|THF_m
JM_Cre_346	5MTHF|H|MTHF|NADP|NADPH
JM_Cre_347	5MTHF|H|MTHF|NADP|NADPH
JM_Cre_348	AHcys|Adenosine|H2O|Hcys
JM_Cre_349	AHcys|Adenosine|H2O|Hcys
JM_Cre_35	ADP|ATP|HCO3|OA|PYR
JM_Cre_350	5MTHF|Hcys|Met|THF
JM_Cre_351	5MTHF|Hcys|Met|THF
JM_Cre_352	ATP|H2O|Met|PP|Pi|SAM
JM_Cre_353	AcCoA|CoA|Hser|OAH
JM_Cre_354	AcCoA|CoA|Hser|OAH
JM_Cre_355	Acetate|H2S|Hcys|OAH
JM_Cre_356	Acetate|H2S|Hcys|OAH
JM_Cre_357	CoA_c|Hser_c|OSH_c|SucCoA_c
JM_Cre_358	CoA_c|Hser_c|OSH_c|SucCoA_c
JM_Cre_359	CST_c|Cys_c|OSH_c|SUC
JM_Cre_36	ADP|ATP|CO2|OA|PEP
JM_Cre_360	CST_c|Cys_c|OSH_c|SUC
JM_Cre_361	Am_c|CST_c|H2O_c|Hcys_c|PYR_c
JM_Cre_362	Am_c|CST_c|H2O_c|Hcys_c|PYR_c
JM_Cre_363	ASM_c|DHPL_c|H2O_c|PYR_c
JM_Cre_364	DHPL_c|H_c|NADPH_c|NADP_c|THDP_c
JM_Cre_365	AKG_c|DAP_c|Glu_c|H2O_c|THDP_c
JM_Cre_366	DAP_c|mDAP_c
JM_Cre_367	CO2_c|Lys_c|mDAP_c
JM_Cre_368	ADP_c|AKG_c|AORN_c|ATP_c|AcCoA_c|CoA_c|Glu_c|H_c|NADPH_c|NADP_c|Pi_c
JM_Cre_369	AORN|Acetate|H2O|ORN
JM_Cre_37	ADP|ATP|CO2|OA|PEP
JM_Cre_370	AORN|Acetate|H2O|ORN
JM_Cre_371	ADP_c|ATP_c|CTR_c|Gln_c|Glu_c|H2O_c|HCO3_c|ORN_c|Pi_c
JM_Cre_372	AMP_c|ATP_c|ArgSUC_c|Asp_c|CTR_c|PP_c
JM_Cre_373	ArgSUC_c|Arg_c|FUM_c
JM_Cre_374	ADP_c|AKG_c|ATP_c|AcCoA_c|Acetate_c|CoA_c|Glu_c|H2O_c|H_c|NADPH_c|NADP_c|ORN_c|Pi_c
JM_Cre_375	5P1P_c|CHM_c|Gln_c|Glu_c|PP_c|PRA_c|PYR_c
JM_Cre_376	CPDRP_c|PRA_c
JM_Cre_377	CO2_c|CPDRP_c|H2O_c|I3GP_c
JM_Cre_378	GAP|H2O|I3GP|Ser|Trp
JM_Cre_379	GAP_m|H2O_m|I3GP_m|Ser_m|Trp_m
JM_Cre_38	AcCoA_m|CO2_m|CoA_m|H_m|NADPH_m|NADP_m|PYR_m
JM_Cre_380	5P1P_c|AMP_c|ATP_c|R5P_c
JM_Cre_381	5P1P_c|AMP_c|ATP_c|R5P_c
JM_Cre_382	5P1P_c|ATP_c|PP_c|PRATP_c
JM_Cre_383	H2O_c|PP_c|PRAMP_c|PRATP_c
JM_Cre_384	H2O_c|PRAFP_c|PRAMP_c
JM_Cre_385	PRAFP_c|PRFP_c
JM_Cre_386	AICAR_c|Gln_c|Glu_c|H2O_c|IAP_c|PRFP_c
JM_Cre_387	AKG_c|Glu_c|HOLP_c|IAP_c
JM_Cre_388	H2O_c|HOLP_c|HOL_c|Pi_c
JM_Cre_389	H2O_c|HOL_c|H_c|His_c|NADH_c|NAD_c
JM_Cre_39	AcCoA_c|CO2_c|CoA_c|H_c|NADPH_c|NADP_c|PYR_c
JM_Cre_390	ADP_c|ATP_c|Cys_c|Glu_c|Glutathione_c|Gly_c|Pi_c
JM_Cre_391	GluDS_c|Glutathione_c|H2O_c|O2_c
JM_Cre_392	ADP_c|ATP_c|PAPS_c|PP_c|SO4_c
JM_Cre_393	AMP_c|GluDS_c|Glutathione_c|PAPS_c|SO3_c
JM_Cre_394	H2O_m|O2_m|SO3_m|SO4_m
JM_Cre_395	H2O_m|O2_m|SO3_m|SO4_m
JM_Cre_396	H2S_c|OFer_c|RFer_c|SO3_c
JM_Cre_397	H2S_c|OFer_c|RFer_c|SO3_c
JM_Cre_398	H|H2S|NADP|NADPH|SO3
JM_Cre_399	H|H2S|NADP|NADPH|SO3
JM_Cre_4	F6P|G6P
JM_Cre_40	AcCoA|CO2|CoA|H|NADP|NADPH|PYR
JM_Cre_400	H2O_m|H_m|NADH_m|NAD_m|NO2_m|NO3_m
JM_Cre_401	H2O_m|H_m|NADH_m|NAD_m|NO2_m|NO3_m
JM_Cre_402	Am_m|H2O_m|NO2_m|OFer_m|OH_m|RFer_m
JM_Cre_403	Am_m|H2O_m|NO2_m|OFer_m|OH_m|RFer_m
JM_Cre_404	AMP|ATP|Glu|GluSM|H|NADP|NADPH|PP
JM_Cre_405	5AL_c|GluSM_c
JM_Cre_406	5AL_c|H2O_c|PPB_c
JM_Cre_407	Am_c|H2O_c|HMB_c|PPB_c
JM_Cre_408	CO2_c|H2O_c|HMB_c|H_c|O2_c|PP9_c
JM_Cre_409	ADP_c|ATP_c|H2O_c|H_c|MgPP_c|Mg_c|PP9_c|Pi_c
JM_Cre_41	AcCoA|CIT|CoA|OA
JM_Cre_410	AHcys_c|MgPPM_c|MgPP_c|SAM_c
JM_Cre_411	DVPCA_c|H2O_c|H_c|MgPPM_c|NADPH_c|NADP_c|O2_c
JM_Cre_412	DVPCA_c|H_c|MPCA_c|NADPH_c|NADP_c
JM_Cre_413	CPA_c|MPCA_c|NADP|NADPH_c
JM_Cre_414	CO2_c|DX5P_c|GAP_c|PYR_c
JM_Cre_415	DX5P_c|ME4P_c|NADPH|NADP_c
JM_Cre_416	4CME_c|CTP_c|ME4P_c|PP_c
JM_Cre_417	4CME_c|ADP_c|ATP_c|PME_c
JM_Cre_418	CMP_c|ME24C_c|PME_c
JM_Cre_419	H2O_c|HMBP_c|ME24C_c|ProDS_c|ProThiol_c
JM_Cre_42	AcCoA|CIT|CoA|OA
JM_Cre_420	H2O_c|HMBP_c|H_c|IsoPPP_c|NADPH_c|NADP_c
JM_Cre_421	GPP_c|IsoPPP_c|PP_c
JM_Cre_422	GPP_c|IsoPPP_c|PP_c|ttFD_c
JM_Cre_423	GGDP_c|IsoPPP_c|PP_c|ttFD_c
JM_Cre_424	GGDP_c|H_c|NADPH_c|NADP_c|PhPP_c
JM_Cre_425	GGDP_c|H_c|NADPH_c|NADP_c|PhPP_c
JM_Cre_426	CPA_c|ChlA_c|PP_c|PhPP_c
JM_Cre_427	ChlA_c|ChlB_c|H2O_c|O2_c
JM_Cre_428	ChlA_c|ChlB_c|H2O_c|O2_c
JM_Cre_429	ADP_c|ATP_c|CAP_c|CO2_c|Gln_c|Glu_c|H2O_c|Pi_c
JM_Cre_43	AcCoA_m|CIT_m|CoA_m|OA_m
JM_Cre_430	Asp_c|CAP_c|CMAsp_c|Pi_c
JM_Cre_431	CMAsp_c|H2O_c|O2_c|ORT_c
JM_Cre_432	CMAsp_c|H2O_c|O2_c|ORT_c
JM_Cre_433	5P1P_c|CO2_c|ORT_c|PP_c|UMP_c
JM_Cre_434	ADP_c|ATP_c|UDP_c|UMP_c
JM_Cre_435	ADP_c|ATP_c|UDP_c|UMP_c
JM_Cre_436	ADP|ATP|UDP|UMP
JM_Cre_437	ADP|ATP|UDP|UMP
JM_Cre_438	ADP|ATP|UDP|UTP
JM_Cre_439	ADP|ATP|UDP|UTP
JM_Cre_44	AcCoA_m|CIT_m|CoA_m|OA_m
JM_Cre_440	ADP_c|ATP_c|UDP_c|UTP_c
JM_Cre_441	ADP_c|ATP_c|UDP_c|UTP_c
JM_Cre_442	ADP_m|ATP_m|UDP_m|UTP_m
JM_Cre_443	ADP_m|ATP_m|UDP_m|UTP_m
JM_Cre_444	ADP_c|ATP_c|Am_c|CTP_c|Pi_c|UTP_c
JM_Cre_445	ADP_c|ATP_c|Am_c|CTP_c|Pi_c|UTP_c
JM_Cre_446	ADP_c|ATP_c|CDP_c|CMP_c
JM_Cre_447	ADP_c|ATP_c|CDP_c|CMP_c
JM_Cre_448	ADP|ATP|CDP|CTP
JM_Cre_449	ADP|ATP|CDP|CTP
JM_Cre_45	CIT_m|ICT_m
JM_Cre_450	ADP_c|ATP_c|CDP_c|CTP_c
JM_Cre_451	ADP_c|ATP_c|CDP_c|CTP_c
JM_Cre_452	ADP_m|ATP_m|CDP_m|CTP_m
JM_Cre_453	ADP_m|ATP_m|CDP_m|CTP_m
JM_Cre_454	CDP_c|H2O_c|ReThio_c|ThioS_c|dCDP_c
JM_Cre_455	CDP_c|H2O_c|ReThio_c|ThioS_c|dCDP_c
JM_Cre_456	ADP|ATP|dCDP|dCTP
JM_Cre_457	ADP|ATP|dCDP|dCTP
JM_Cre_458	ADP_c|ATP_c|dCDP_c|dCTP_c
JM_Cre_459	ADP_c|ATP_c|dCDP_c|dCTP_c
JM_Cre_46	CIT_m|ICT_m
JM_Cre_460	ADP_m|ATP_m|dCDP_m|dCTP_m
JM_Cre_461	ADP_m|ATP_m|dCDP_m|dCTP_m
JM_Cre_462	Am_c|H2O_c|dCTP_c|dUTP_c
JM_Cre_463	H2O_c|PP_c|dUMP_c|dUTP_c
JM_Cre_464	DHF_c|MTHF_c|dTMP_c|dUMP_c
JM_Cre_465	DHF_c|MTHF_c|dTMP_c|dUMP_c
JM_Cre_466	ADP_c|ATP_c|dTDP_c|dTMP_c
JM_Cre_467	ADP_c|ATP_c|dTDP_c|dTMP_c
JM_Cre_468	ADP|ATP|dTDP|dTTP
JM_Cre_469	ADP|ATP|dTDP|dTTP
JM_Cre_47	AKG_m|CO2_m|H_m|ICT_m|NADH_m|NAD_m
JM_Cre_470	ADP_c|ATP_c|dTDP_c|dTTP_c
JM_Cre_471	ADP_c|ATP_c|dTDP_c|dTTP_c
JM_Cre_472	ADP_m|ATP_m|dTDP_m|dTTP_m
JM_Cre_473	ADP_m|ATP_m|dTDP_m|dTTP_m
JM_Cre_474	H2O_c|ReThio_c|ThioS_c|UDP_c|dUDP_c
JM_Cre_475	H2O_c|ReThio_c|ThioS_c|UDP_c|dUDP_c
JM_Cre_476	ADP|ATP|dUDP|dUTP
JM_Cre_477	ADP|ATP|dUDP|dUTP
JM_Cre_478	ADP_c|ATP_c|dUDP_c|dUTP_c
JM_Cre_479	ADP_c|ATP_c|dUDP_c|dUTP_c
JM_Cre_48	AKG_m|CO2_m|H_m|ICT_m|NADH_m|NAD_m
JM_Cre_480	ADP_m|ATP_m|dUDP_m|dUTP_m
JM_Cre_481	ADP_m|ATP_m|dUDP_m|dUTP_m
JM_Cre_482	5P1P_c|5PRA_c|Gln_c|Glu_c|H2O_c|PP_c
JM_Cre_483	5PRA_c|5PRG_c|ADP_c|ATP_c|Gly_c|Pi_c
JM_Cre_484	ADP_c|ATP_c|FTHF_c|Formate_c|Pi_c|THF_c
JM_Cre_485	5MTHF_c|FTHF_c|H2O_c
JM_Cre_486	5MTHF_c|FTHF_c|H2O_c
JM_Cre_487	5PRFG_c|5PRG_c|FTHF_c|THF_c
JM_Cre_488	5PRFG_c|5PRG_c|FTHF_c|THF_c
JM_Cre_489	5PRFG_c|ADP_c|ATP_c|Gln_c|Glu_c|H2O_c|PRFGA_c|Pi_c
JM_Cre_49	AKG_m|CO2_m|H_m|ICT_m|NADPH_m|NADP_m
JM_Cre_490	ADP_c|AIR_c|ATP_c|PRFGA_c|Pi_c
JM_Cre_491	ADP_c|AIR_c|ATP_c|CAIR_c|CO2_c|H2O_c|Pi_c
JM_Cre_492	ADP_c|ATP_c|Asp_c|CAIR_c|PRSCA_c|Pi_c
JM_Cre_493	AICAR_c|FUM_c|PRSCA_c
JM_Cre_494	AICAR_c|FUM_c|PRSCA_c
JM_Cre_495	AICAR_c|FTHF_c|PRFC_c|THF_c
JM_Cre_496	AICAR_c|FTHF_c|PRFC_c|THF_c
JM_Cre_497	H2O_c|I5P_c|PRFC_c
JM_Cre_498	H2O_c|I5P_c|PRFC_c
JM_Cre_499	AdSUC_c|Asp_c|GDP_c|GTP_c|I5P_c|Pi_c
JM_Cre_5	ADP|ATP|F16P|F6P
JM_Cre_50	AKG_m|CO2_m|H_m|ICT_m|NADPH_m|NADP_m
JM_Cre_500	AMP_c|AdSUC_c|FUM_c
JM_Cre_501	ADP|AMP|ATP
JM_Cre_502	ADP|AMP|ATP
JM_Cre_503	ADP_m|AMP_m|ATP_m
JM_Cre_504	ADP_m|AMP_m|ATP_m
JM_Cre_505	ADP_c|AMP_c|ATP_c
JM_Cre_506	ADP_c|AMP_c|ATP_c
JM_Cre_507	ADP|AMP|ATP|Adenosine
JM_Cre_508	ADP|AMP|ATP|Adenosine
JM_Cre_509	ADP_c|H2O_c|ReThio_c|ThioS_c|dADP_c
JM_Cre_51	AKG_m|CO2_m|CoA_m|H_m|NADH_m|NAD_m|SucCoA_m
JM_Cre_510	ADP_c|H2O_c|ReThio_c|ThioS_c|dADP_c
JM_Cre_511	ADP|ATP|dADP|dATP
JM_Cre_512	ADP|ATP|dADP|dATP
JM_Cre_513	ADP_c|ATP_c|dADP_c|dATP_c
JM_Cre_514	ADP_c|ATP_c|dADP_c|dATP_c
JM_Cre_515	ADP_m|ATP_m|dADP_m|dATP_m
JM_Cre_516	ADP_m|ATP_m|dADP_m|dATP_m
JM_Cre_517	H2O_c|H_c|I5P_c|NADH_c|NAD_c|Xa5P_c
JM_Cre_518	H2O_c|H_c|I5P_c|NADH_c|NAD_c|Xa5P_c
JM_Cre_519	AMP_c|ATP_c|GMP_c|Gln_c|H2O_c|PP_c|Xa5P_c
JM_Cre_52	ADP_m|ATP_m|CoA_m|SUC_m|SucCoA_m
JM_Cre_520	ADP|ATP|GDP|GMP
JM_Cre_521	ADP|ATP|GDP|GMP
JM_Cre_522	ADP_c|ATP_c|GDP_c|GMP_c
JM_Cre_523	ADP_c|ATP_c|GDP_c|GMP_c
JM_Cre_524	ADP|ATP|GDP|GTP
JM_Cre_525	ADP|ATP|GDP|GTP
JM_Cre_526	ADP_c|ATP_c|GDP_c|GTP_c
JM_Cre_527	ADP_c|ATP_c|GDP_c|GTP_c
JM_Cre_528	ADP_m|ATP_m|GDP_m|GTP_m
JM_Cre_529	ADP_m|ATP_m|GDP_m|GTP_m
JM_Cre_53	ADP_m|ATP_m|CoA_m|SUC_m|SucCoA_m
JM_Cre_530	GDP_c|H2O_c|ReThio_c|ThioS_c|dGDP_c
JM_Cre_531	GDP_c|H2O_c|ReThio_c|ThioS_c|dGDP_c
JM_Cre_532	ADP|ATP|dGDP|dGTP
JM_Cre_533	ADP|ATP|dGDP|dGTP
JM_Cre_534	ADP_c|ATP_c|dGDP_c|dGTP_c
JM_Cre_535	ADP_c|ATP_c|dGDP_c|dGTP_c
JM_Cre_536	ADP_m|ATP_m|dGDP_m|dGTP_m
JM_Cre_537	ADP_m|ATP_m|dGDP_m|dGTP_m
JM_Cre_538	G6P|GLC_ex|PEP|PYR
JM_Cre_539	GLC|GLC_ex|H|H_ex
JM_Cre_54	CoA_m|GDP_m|GTP_m|SUC_m|SucCoA_m
JM_Cre_540	CO2|CO2_ex
JM_Cre_541	CO2|CO2_ex
JM_Cre_542	HCO3|HCO3_ex
JM_Cre_543	HCO3|HCO3_ex
JM_Cre_544	O2|O2_ex
JM_Cre_545	O2|O2_ex
JM_Cre_546	Acetate|Acetate_ex
JM_Cre_547	Acetate|Acetate_ex
JM_Cre_548	Acetate|Acetate_c
JM_Cre_549	Acetate|Acetate_c
JM_Cre_55	CoA_m|GDP_m|GTP_m|SUC_m|SucCoA_m
JM_Cre_550	SO4|SO4_ex
JM_Cre_551	SO4|SO4_ex
JM_Cre_552	NO3|NO3_ex
JM_Cre_553	NO3|NO3_ex
JM_Cre_554	HCO3|HCO3_c
JM_Cre_555	HCO3|HCO3_c
JM_Cre_556	O2|O2_c
JM_Cre_557	O2|O2_c
JM_Cre_558	G6P|G6P_c|Pi|Pi_c
JM_Cre_559	G6P|G6P_c|Pi|Pi_c
JM_Cre_56	FUM_m|H_m|QH2_m|Q_m|SUC_m
JM_Cre_560	F6P|F6P_c|Pi|Pi_c
JM_Cre_561	F6P|F6P_c|Pi|Pi_c
JM_Cre_562	DHAP|DHAP_c|Pi|Pi_c
JM_Cre_563	DHAP|DHAP_c|Pi|Pi_c
JM_Cre_564	GAP|GAP_c|Pi|Pi_c
JM_Cre_565	GAP|GAP_c|Pi|Pi_c
JM_Cre_566	3PG|3PG_c|Pi|Pi_c
JM_Cre_567	3PG|3PG_c|Pi|Pi_c
JM_Cre_568	PEP|PEP_c|Pi|Pi_c
JM_Cre_569	PEP|PEP_c|Pi|Pi_c
JM_Cre_57	FUM_m|H_m|QH2_m|Q_m|SUC_m
JM_Cre_570	AKG|AKG_c|Glu|Glu_c
JM_Cre_571	AKG|AKG_c|Glu|Glu_c
JM_Cre_572	MAL|MAL_c|OA|OA_c
JM_Cre_573	MAL|MAL_c|OA|OA_c
JM_Cre_574	Am|Am_c
JM_Cre_575	Am|Am_c
JM_Cre_576	SO4|SO4_c
JM_Cre_577	SO4|SO4_c
JM_Cre_578	O2|O2_m
JM_Cre_579	O2|O2_m
JM_Cre_58	FUM_m|MAL_m
JM_Cre_580	CO2|CO2_m
JM_Cre_581	CO2|CO2_m
JM_Cre_582	Am|Am_m
JM_Cre_583	Am|Am_m
JM_Cre_584	THF|THF_m
JM_Cre_585	THF|THF_m
JM_Cre_586	MTHF|MTHF_m
JM_Cre_587	MTHF|MTHF_m
JM_Cre_588	Gly|Gly_m
JM_Cre_589	Gly|Gly_m
JM_Cre_59	FUM_m|MAL_m
JM_Cre_590	Ser|Ser_m
JM_Cre_591	Ser|Ser_m
JM_Cre_592	OH|OH_m|Pi|Pi_m
JM_Cre_593	OH|OH_m|Pi|Pi_m
JM_Cre_594	H_m|Pi|Pi_m
JM_Cre_595	H_m|Pi|Pi_m
JM_Cre_596	MAL|MAL_m|SUC|SUC_m
JM_Cre_597	MAL|MAL_m|SUC|SUC_m
JM_Cre_598	MAL|MAL_m|Pi|Pi_m
JM_Cre_599	MAL|MAL_m|Pi|Pi_m
JM_Cre_6	F16P|F6P|H2O|Pi
JM_Cre_60	FUM|MAL
JM_Cre_600	Pi|Pi_m|SUC|SUC_m
JM_Cre_601	Pi|Pi_m|SUC|SUC_m
JM_Cre_602	H_m|OA|OA_m
JM_Cre_603	H_m|OA|OA_m
JM_Cre_604	CIT|CIT_m|MAL|MAL_m
JM_Cre_605	CIT|CIT_m|MAL|MAL_m
JM_Cre_606	CIT|CIT_m|PEP|PEP_m
JM_Cre_607	CIT|CIT_m|PEP|PEP_m
JM_Cre_608	CIT|CIT_m|ICT|ICT_m
JM_Cre_609	CIT|CIT_m|ICT|ICT_m
JM_Cre_61	FUM|MAL
JM_Cre_610	H_m|PYR|PYR_m
JM_Cre_611	H_m|PYR|PYR_m
JM_Cre_612	Glu|Glu_m|H_m
JM_Cre_613	Glu|Glu_m|H_m
JM_Cre_614	Glu|Glu_m|OH_m
JM_Cre_615	OH|OH_m|PYR|PYR_m
JM_Cre_616	OH|OH_m|PYR|PYR_m
JM_Cre_617	Asp|Asp_m|Glu|Glu_m|H|H_m
JM_Cre_618	Asp|Asp_m|Glu|Glu_m|H|H_m
JM_Cre_619	MAL|MAL_m|OA|OA_m
JM_Cre_62	FUM_c|MAL_c
JM_Cre_620	MAL|MAL_m|OA|OA_m
JM_Cre_621	NO3|NO3_m
JM_Cre_622	NO3|NO3_m
JM_Cre_623	ADP|ATP|Val|Val_c
JM_Cre_624	ADP|ATP|Val|Val_c
JM_Cre_625	ADP|ATP|Ala|Ala_m
JM_Cre_626	ADP|ATP|Ala|Ala_m
JM_Cre_627	ADP|ATP|Gly|Gly_c
JM_Cre_628	ADP|ATP|Gly|Gly_c
JM_Cre_629	ADP|ATP|Ser|Ser_c
JM_Cre_63	FUM_c|MAL_c
JM_Cre_630	ADP|ATP|Ser|Ser_c
JM_Cre_631	ADP|ATP|Asp|Asp_c
JM_Cre_632	ADP|ATP|Asp|Asp_c
JM_Cre_633	ADP|ATP|Gln|Gln_c
JM_Cre_634	ADP|ATP|Gln|Gln_c
JM_Cre_635	ADP|ATP|Gln|Gln_m
JM_Cre_636	ADP|ATP|Gln|Gln_m
JM_Cre_637	ATP|Trp|Trp_m
JM_Cre_638	ADP|ATP|Trp|Trp_m
JM_Cre_639	ADP|ATP|Leu|Leu_c
JM_Cre_64	H_c|MAL_c|NADH_c|NAD_c|OA_c
JM_Cre_640	ADP|ATP|Leu|Leu_c
JM_Cre_641	ADP|ATP|Thr|Thr_c
JM_Cre_642	ADP|ATP|Thr_c
JM_Cre_643	ADP|ATP|Ile|Ile_c
JM_Cre_644	ADP|ATP|Ile|Ile_c
JM_Cre_645	ADP|ATP|Pro|Pro_c
JM_Cre_646	ADP|ATP|Pro|Pro_c
JM_Cre_647	ADP|ATP|Cys|Cys_c
JM_Cre_648	ADP|ATP|Cys_c
JM_Cre_649	ADP|ATP|Phe|Phe_c
JM_Cre_65	H_c|MAL_c|NADH_c|NAD_c|OA_c
JM_Cre_650	ADP|ATP|Phe|Phe_c
JM_Cre_651	ADP|ATP|Tyr|Tyr_c
JM_Cre_652	ADP|ATP|Tyr|Tyr_c
JM_Cre_653	ADP|ATP|Lys|Lys_c
JM_Cre_654	ADP|ATP|Lys|Lys_c
JM_Cre_655	ADP|ATP|His|His_c
JM_Cre_656	ADP|ATP|His|His_c
JM_Cre_657	ADP|ATP|Arg|Arg_c
JM_Cre_658	ADP|ATP|Arg|Arg_c
JM_Cre_659	KIV|KIV_c
JM_Cre_66	H|MAL|NAD|NADH|OA
JM_Cre_660	KIV|KIV_c
JM_Cre_661	GOX|GOX_m
JM_Cre_662	GOX|GOX_m
JM_Cre_663	P5C|P5C_c
JM_Cre_664	P5C|P5C_c
JM_Cre_665	3PHP|3PHP_c
JM_Cre_666	3PHP|3PHP_c
JM_Cre_667	AORN|AORN_c
JM_Cre_668	AORN|AORN_c
JM_Cre_669	I3GP|I3GP_c
JM_Cre_67	H|MAL|NAD|NADH|OA
JM_Cre_670	I3GP|I3GP_c
JM_Cre_671	I3GP|I3GP_m
JM_Cre_672	I3GP|I3GP_m
JM_Cre_673	H2S|H2S_c
JM_Cre_674	H2S|H2S_c
JM_Cre_675	SO3|SO3_c
JM_Cre_676	SO3|SO3_c
JM_Cre_677	SO3|SO3_m
JM_Cre_678	SO3|SO3_m
JM_Cre_679	GluSM|GluSM_c
JM_Cre_68	H_m|MAL_m|NADH_m|NAD_m|OA_m
JM_Cre_680	GluSM|GluSM_c
JM_Cre_681	SAM|SAM_c
JM_Cre_682	SAM|SAM_c
JM_Cre_683	AHcys|AHcys_c
JM_Cre_684	AHcys|AHcys_c
JM_Cre_685	CHM|CHM_c
JM_Cre_686	CHM|CHM_c
JM_Cre_687	CAP|CAP_c
JM_Cre_688	CAP|CAP_c
JM_Cre_689	CAP|CAP_m
JM_Cre_69	H_m|MAL_m|NADH_m|NAD_m|OA_m
JM_Cre_690	CAP|CAP_m
JM_Cre_691	ORT|ORT_c
JM_Cre_692	ORT|ORT_c
JM_Cre_693	ORT|ORT_m
JM_Cre_694	ORT|ORT_m
JM_Cre_695	Ribose|Ribose_c
JM_Cre_696	Ribose|Ribose_c
JM_Cre_697	Ribose|Ribose_m
JM_Cre_698	Ribose|Ribose_m
JM_Cre_699	E4P|E4P_c
JM_Cre_7	ADP_c|ATP_c|F16P_c|F6P_c
JM_Cre_70	H_m|MAL_m|NADPH_m|NADP_m|OA_m
JM_Cre_700	E4P|E4P_c
JM_Cre_701	PDG|PDG_c
JM_Cre_702	PDG|PDG_c
JM_Cre_703	Ru5P|Ru5P_c
JM_Cre_704	Ru5P|Ru5P_c
JM_Cre_705	PGT|PGT_c
JM_Cre_706	PGT|PGT_c
JM_Cre_707	3PG|3PG_m
JM_Cre_708	3PG|3PG_m
JM_Cre_709	Hser|Hser_c
JM_Cre_71	H_m|MAL_m|NADPH_m|NADP_m|OA_m
JM_Cre_710	Hser|Hser_c
JM_Cre_711	Hcys|Hcys_c
JM_Cre_712	Hcys|Hcys_c
JM_Cre_713	AKG|AKG_m|MAL|MAL_m
JM_Cre_714	AKG|AKG_m|MAL|MAL_m
JM_Cre_715	CTR|CTR_c
JM_Cre_716	CTR|CTR_c
JM_Cre_717	ORN|ORN_c
JM_Cre_718	ORN|ORN_c
JM_Cre_719	ORN|ORN_m
JM_Cre_72	6PDG|CO2|H|NADP|NADPH|Ru5P
JM_Cre_720	ORN|ORN_m
JM_Cre_721	I5P|I5P_c
JM_Cre_722	I5P|I5P_c
JM_Cre_723	CO2|CO2_c
JM_Cre_724	CO2|CO2_c
JM_Cre_725	GAP|GAP_m
JM_Cre_726	GAP|GAP_m
JM_Cre_727	THF|THF_c
JM_Cre_728	THF|THF_c
JM_Cre_729	FTHF|FTHF_c
JM_Cre_73	R5P_c|Ru5P_c
JM_Cre_730	FTHF|FTHF_c
JM_Cre_731	SUC|SUC_c
JM_Cre_732	SUC|SUC_c
JM_Cre_733	CIT|CIT_m|H|H_m|OA|OA_m
JM_Cre_734	CIT|CIT_m|H|H_m|OA|OA_m
JM_Cre_735	ADP|ADP_c|ATP|ATP_c
JM_Cre_736	ADP|ADP_c|ATP|ATP_c
JM_Cre_737	ADP|ADP_m|ATP|ATP_m
JM_Cre_738	ADP|ADP_m|ATP|ATP_m
JM_Cre_739	ADP|ADP_c|GTP|GTP_c
JM_Cre_74	R5P_c|Ru5P_c
JM_Cre_740	ADP|ADP_c|GTP|GTP_c
JM_Cre_741	ADP|ADP_m|GTP|GTP_m
JM_Cre_742	ADP|ADP_m|GTP|GTP_m
JM_Cre_743	ADP|ADP_c|UTP|UTP_c
JM_Cre_744	ADP|ADP_c|UTP|UTP_c
JM_Cre_745	ADP|ADP_m|UTP|UTP_m
JM_Cre_746	ADP|ADP_m|UTP|UTP_m
JM_Cre_747	ADP|ADP_c|CTP|CTP_c
JM_Cre_748	ADP|ADP_c|CTP|CTP_c
JM_Cre_749	ADP|ADP_m|CTP|CTP_m
JM_Cre_75	R5P|Ru5P
JM_Cre_750	ADP|ADP_m|CTP|CTP_m
JM_Cre_751	ADP|ADP_c|dATP|dATP_c
JM_Cre_752	ADP|ADP_c|dATP|dATP_c
JM_Cre_753	ADP|ADP_m|dATP|dATP_m
JM_Cre_754	ADP|ADP_m|dATP|dATP_m
JM_Cre_755	ADP|ADP_c|dGTP|dGTP_c
JM_Cre_756	ADP|ADP_c|dGTP|dGTP_c
JM_Cre_757	ADP|ADP_m|dGTP|dGTP_m
JM_Cre_758	ADP|ADP_m|dGTP|dGTP_m
JM_Cre_759	ADP|ADP_c|dUTP|dUTP_c
JM_Cre_76	R5P|Ru5P
JM_Cre_760	ADP|ADP_c|dUTP|dUTP_c
JM_Cre_761	ADP|ADP_m|dUTP|dUTP_m
JM_Cre_762	ADP|ADP_m|dUTP|dUTP_m
JM_Cre_763	ADP|ADP_c|dCTP|dCTP_c
JM_Cre_764	ADP|ADP_c|dCTP|dCTP_c
JM_Cre_765	ADP|ADP_m|dCTP|dCTP_m
JM_Cre_766	ADP|ADP_m|dCTP|dCTP_m
JM_Cre_767	ADP|ADP_c|dTTP|dTTP_c
JM_Cre_768	ADP|ADP_c|dTTP|dTTP_c
JM_Cre_769	ADP|ADP_m|dTTP|dTTP_m
JM_Cre_77	Ru5P_c|Xu5P_c
JM_Cre_770	ADP|ADP_m|dTTP|dTTP_m
JM_Cre_771	OFer|OFer_c
JM_Cre_772	OFer|OFer_c
JM_Cre_773	OFer|OFer_m
JM_Cre_774	OFer|OFer_m
JM_Cre_775	RFer|RFer_c
JM_Cre_776	RFer|RFer_c
JM_Cre_777	RFer|RFer_m
JM_Cre_778	RFer|RFer_m
JM_Cre_779	Formate|Formate_c
JM_Cre_78	Ru5P_c|Xu5P_c
JM_Cre_780	Formate|Formate_c
JM_Cre_781	Acetate|Acetate_m
JM_Cre_782	Acetate|Acetate_m
JM_Cre_783	Glycerate|Glycerate_c
JM_Cre_784	Glycerate|Glycerate_c
JM_Cre_79	Ru5P|Xu5P
JM_Cre_8	F16P_c|F6P_c|H2O_c|Pi_c
JM_Cre_80	Ru5P|Xu5P
JM_Cre_81	E4P_c|F6P_c|GAP_c|Xu5P_c
JM_Cre_82	E4P_c|F6P_c|GAP_c|Xu5P_c
JM_Cre_83	E4P|F6P|GAP|Xu5P
JM_Cre_84	E4P|F6P|GAP|Xu5P
JM_Cre_85	E4P_c|F6P_c|GAP_c|S7P_c
JM_Cre_86	E4P_c|F6P_c|GAP_c|S7P_c
JM_Cre_87	E4P|F6P|GAP|S7P
JM_Cre_88	E4P|F6P|GAP|S7P
JM_Cre_89	GAP_c|R5P_c|S7P_c|Xu5P_c
JM_Cre_9	DHAP_c|F16P_c|GAP_c
JM_Cre_90	GAP_c|R5P_c|S7P_c|Xu5P_c
JM_Cre_91	GAP|R5P|S7P|Xu5P
JM_Cre_92	GAP|R5P|S7P|Xu5P
JM_Cre_93	DHAP_c|E4P_c|S17P_c
JM_Cre_94	DHAP_c|E4P_c|S17P_c
JM_Cre_95	DHAP|E4P|S17P
JM_Cre_96	DHAP|E4P|S17P
JM_Cre_97	6PDG|ADP|ATP|GLCN
JM_Cre_98	6PDG|ADP|ATP|GLCN
JM_Cre_99	6PDG|6PDGL
