AKGEquiv	2-KETOGLUTARATE|AlphaKG
ATPase	ADP|ATP|Pi
AconDHatase	CisAconitate|Citrate
AconHydr	CisAconitate|IsoCitrate
AlphaKGDH	AlphaKG|CARBON-DIOXIDE|CoA|NADH_m|NAD_m|Proton_m|SucCoA
CisAconEquiv	CIS-ACONITATE|CisAconitate
CitEquiv	CIT|Citrate
CitSynth	AcCoA|Citrate|CoA|OxalAc|WATER
Complex_I	NADH_m|NAD_m|PROTON|Proton_m|Q|QH2
Complex_II	FUM_m|Q|QH2|SUC_m
Complex_III	Cyt_ox|Cyt_red|PROTON|Proton_m|Q|QH2
Complex_IV	Cyt_ox|Cyt_red|OXYGEN-MOLECULE|PROTON|Proton_m|WATER
Complex_V	ADP|ATP|PROTON|Pi|Proton_m
FA_Synth	ACETYL-COA|ADP|ATP|CO-A|NADP|NADPH|PALMITATE|Pi
FumEquiv	FUM|FUM_m
Fumarase	FUM_m|MAL_m|WATER
GLC_tx	GLC|GLC_e
ICitEquiv	IsoCitrate|THREO-DS-ISO-CITRATE
IsoCitDH	AlphaKG|CARBON-DIOXIDE|IsoCitrate|NADH_m|NAD_m|Proton_m
MalDH	MAL_m|NADH_m|NAD_m|OxalAc|Proton_m
MalEquiv	MAL|MAL_m
NADOxid	NAD|NADH
NH3_tx	AMMONIA|NH3_e
NO3_tx	NITRATE|NO3_e
OAAEquiv	OXALACETIC_ACID|OxalAc
Pi_tx	Pi|Pi_e
PyrDH	AcCoA|CARBON-DIOXIDE|CoA|NADH_m|NAD_m|PYRUVATE
SO4_tx	SO4_e|SULFATE
SucEquiv	SUC|SUC_m
SucThioK	ADP|ATP|CoA|Pi|SUC_m|SucCoA
TransHgnase	NAD|NADH|NADP|NADPH
reac_0	14-BETA-D-XYLANN|UDP|UDP-D-XYLOSE
reac_1	4-ALPHA-METHYL-5-ALPHA-CHOLEST-7-EN-3-ON|BETA-HYDROXY-4BETA-METHYL-5ALPHA-CHOLEST|CARBON-DIOXIDE|NAD|NADH
reac_10	2-HYDROXYPHYTANOYL-COA|2-KETOGLUTARATE|CARBON-DIOXIDE|CPD-206|OXYGEN-MOLECULE|SUC
reac_100	3-KETOBUTYRATE|CPD-335|NAD|NADH
reac_1000	ASCORBATE|CPD1F-131|CPD1F-133|L-DEHYDRO-ASCORBATE
reac_1001	ASCORBATE|CPD1F-130|CPD1F-131|L-DEHYDRO-ASCORBATE
reac_1002	CPD-464|PHYTOENE|PPI
reac_1003	NADP|NADPH|SINAPALDEHYDE|SINAPATE
reac_1004	CPD-459|CPD-7417
reac_1005	CPD-7417|CPD-7418|GLC
reac_1006	COUMARIN|CPD-7418
reac_1007	CPD-7496|CPD1F-114
reac_1008	CPD-7424|CPD1F-135
reac_1009	BENZALDEHYDE|BENZOATE|HYDROGEN-PEROXIDE|OXYGEN-MOLECULE
reac_101	3-ACETOACETYL-COA|NADP|NADPH|S-3-HYDROXYBUTANOYL-COA
reac_1010	CINNAMALDEHYDE|CPD-674|HYDROGEN-PEROXIDE|OXYGEN-MOLECULE
reac_1011	CPD-7614|CPD-7615|HYDROGEN-PEROXIDE|OXYGEN-MOLECULE
reac_1012	3,4-DIHYDROXYBENZOATE|CPD-7616|HYDROGEN-PEROXIDE|OXYGEN-MOLECULE
reac_1013	CPD-7618|GERANIAL|HYDROGEN-PEROXIDE|OXYGEN-MOLECULE
reac_1014	CPD-7619|CPD-7620|HYDROGEN-PEROXIDE|OXYGEN-MOLECULE
reac_1015	CPD-7234|CPD-7725
reac_1016	CPD-693|CPD-7727|UDP|UDP-GLUCOSE
reac_1017	FAD|FADH2|PRO|l-delta(1)-pyrroline_5-carboxylate
reac_1018	ADENOSYL-HOMO-CYS|CPD-520|CPD-8004|S-ADENOSYLMETHIONINE
reac_1019	CPD-8007|CPD1F-90|UDP|UDP-GLUCOSE
reac_102	3-HYDROXY-ISOBUTYRATE|CH3-MALONATE-S-ALD|NAD|NADH
reac_1020	CPD-520|CPD-8006|UDP|UDP-GLUCOSE
reac_1021	CPD-8009|CPD1F-437|UDP|UDP-GLUCOSE
reac_1022	CPD-8012|CPD1F-461|UDP|UDP-GLUCOSE
reac_1023	CPD-520|CPD-8013|UDP|UDP-L-RHAMNOSE
reac_1024	CPD-8011|CPD-8013|UDP|UDP-GLUCOSE
reac_1025	CPD-8034|CPD1F-453|UDP|UDP-GLUCOSE
reac_1026	CPD-8033|CPD1F-437|UDP|UDP-GLUCOSE
reac_1027	CARBON-DIOXIDE|INDOLE-CARBOXY-HYDRO-THIAZOLE|THIAZOL-YL-INDOLE
reac_1028	CPD-458|CPD-8046|CPD-8047|MYO-INOSITOL
reac_1029	4-METHYL-MYO-INOSITOL|CPD-458|CPD-8058|MYO-INOSITOL
reac_103	3-HYDROXY-ISOBUTYRATE|3-HYDROXY-ISOBUTYRYL-COA|CO-A
reac_1030	CPD-170|CPD-458|CPD-8065|MYO-INOSITOL
reac_1031	CPD-458|CPD-8065|CPD-8066|MYO-INOSITOL
reac_1032	5-O-METHYL-MYO-INOSITOL|CPD-458|CPD-8071|MYO-INOSITOL
reac_1033	CPD-2187|CPD-8073
reac_1034	CPD-8073|CPD-8074
reac_1035	CPD-2188|CPD-8075
reac_1036	CPD-8075|CPD-8076
reac_1037	CPD-2189|CPD-8077
reac_1038	CPD-2189|CPD-8078
reac_1039	CPD-8079|CPD-8080
reac_104	3-HYDROXY-PROPIONATE|MALONATE-S-ALD|NAD|NADH
reac_1040	CPD-2190|CPD-8080
reac_1041	CPD-2188|CPD-8077
reac_1042	CPD-8077|CPD-8079
reac_1043	CPD-8073|CPD-8075
reac_1044	CPD-2189|CPD-8075
reac_1045	CPD-2189|CPD-8080
reac_1046	CPD-8074|CPD-8076
reac_1047	CPD-8076|CPD-8078
reac_1048	CPD-2190|CPD-8078
reac_1049	CPD-8082|CPD-8084
reac_105	2-D-THREO-HYDROXY-3-CARBOXY-ISOCAPROATE|CPD-7100|NAD|NADH
reac_1050	CPD-8081|CPD-8084
reac_1051	CPD-8082|CPD-8083
reac_1052	CPD-8081|CPD-8083
reac_1053	CPD-2183|CPD-8086
reac_1054	CPD-8086|CPD-8087
reac_1055	CPD-2185|CPD-8086
reac_1056	CPD-2186|CPD-8087
reac_1057	CPD-2181|CPD-8088
reac_1058	CPD-8088|CPD-8089
reac_1059	CPD-2182|CPD-8091
reac_106	2-D-THREO-HYDROXY-3-CARBOXY-ISOCAPROATE|3-CARBOXY-3-HYDROXY-ISOCAPROATE
reac_1060	CPD-2182|CPD-8090
reac_1061	CPD-8092|CPD-8093
reac_1062	1-183-2-183-SN-GLYCEROL-PHOSPHOCHOLINE|CPD-8093
reac_1063	CPD-8091|CPD-8092
reac_1064	CPD-2181|CPD-8091
reac_1065	CPD-2182|CPD-8088
reac_1066	CPD-2182|CPD-8093
reac_1067	CPD-8089|CPD-8090
reac_1068	1-183-2-183-SN-GLYCEROL-PHOSPHOCHOLINE|CPD-8090
reac_1069	CPD-8094|CPD-8098|OXYGEN-MOLECULE
reac_107	CPD-535|FRUCTOSE-6P|Pi
reac_1070	CPD-8094|CPD-8095
reac_1071	CPD-8095|CPD-8096
reac_1072	CPD-8096|CPD-8097
reac_1073	CAFFEATE|CPD-8098
reac_1074	CPD-8111|GTP|PPI
reac_1075	CPD-4|CPD-7046|CPD-8111
reac_1076	ATP|CPD-4|CPD-8122|PPI
reac_1077	AMP|CPD-3|CPD-8122|CPD-8123
reac_1078	CPD-8123|CPD-8124|CYS|L-ALPHA-ALANINE
reac_1079	CPD-4161|CPD-8134|NADP|NADPH
reac_108	INOSITOL-1,4-BISPHOSPHATE|Pi|inositol_1,4,5-trisphosphate
reac_1080	CPD-4141|CPD-8134
reac_1081	CPD-7061|CPD-8155|PHYTOL
reac_1082	CPD-8157|CPD-8158
reac_1083	CPD-8158|CPD-8159
reac_1084	CPD-8160|CPD-8161
reac_1085	CPD-8161|CPD-8162
reac_1086	CPD-8163|CPD-8164
reac_1087	CPD-8165|CPD-8167
reac_1088	CPD-8165|CPD-8166
reac_1089	CPD-8166|CPD-8168
reac_109	FRU|GLC-6-P|SUCROSE-6P
reac_1090	CPD-8167|CPD-8168
reac_1091	CPD-4211|CPD-8186|CPD-8192|PPI
reac_1092	CL-|CPD-8214|CPD-842|Cofactors|Reduced-cofactors
reac_1093	CARBON-MONOXIDE|CPD-8225|HCL
reac_1094	CPD-8225|FORMATE|HCL
reac_1095	CPD-8230|FARNESYL-PP|PPI
reac_1096	CPD-8233|FARNESYL-PP|PPI
reac_1097	CPD-8234|FARNESYL-PP|PPI
reac_1098	CPD-8235|FARNESYL-PP|PPI
reac_1099	CPD-8236|FARNESYL-PP|PPI
reac_11	ALPHA-METHYL-5-ALPHA-ERGOSTA|FORMATE|NADP|NADPH|OBTUSIFOLIOL|OXYGEN-MOLECULE
reac_110	1-6-alpha-D-glucan|MALTOSE|WATER
reac_1100	CPD-8237|FARNESYL-PP|PPI
reac_1101	CPD-8238|FARNESYL-PP|PPI
reac_1102	CPD-8239|FARNESYL-PP|PPI
reac_1103	CPD-8240|FARNESYL-PP|PPI
reac_1104	CPD-8241|FARNESYL-PP|PPI
reac_1105	CPD-8242|FARNESYL-PP|PPI
reac_1106	CPD-8243|FARNESYL-PP|PPI
reac_1107	CPD-8245|FARNESYL-PP|PPI
reac_1108	CPD-8246|FARNESYL-PP|PPI
reac_1109	CPD-8247|FARNESYL-PP|PPI
reac_111	5-HYDROXYISOURATE|CPD-5821
reac_1110	CPD-8248|FARNESYL-PP|PPI
reac_1111	CPD-8232|FARNESYL-PP|PPI
reac_1112	CPD-8250|EPOXYSQUALENE
reac_1113	NIACINAMIDE|NICOTINAMIDE_RIBOSE|RIBOSE
reac_1114	CPD-8259|D-RIBULOSE-1-P|NIACINE|Pi
reac_1115	ADP|ATP|CPD-8259|NICOTINATE_NUCLEOTIDE
reac_1116	NIACINE|NICOTINATE_NUCLEOTIDE|RIBOSE-5P
reac_1117	OX-THIOREDOXIN-MONOMER|Protein-L-Methionine-S-Oxides|Protein-L-methionine|Thioredoxin
reac_1118	L-METHIONINE_SULFOXIDE|MET|OX-THIOREDOXIN-MONOMER|Thioredoxin
reac_1119	ADENOSYL-HOMO-CYS|CPD-9038|DIHYDROSIROHYDROCHLORIN|S-ADENOSYLMETHIONINE
reac_112	AMMONIA|CPD-603|L-ASPARTATE
reac_1120	CINNAMOYL-COA|CO-A|CPD-8941|TYRAMINE
reac_1121	CO-A|CPD-8942|SINAPOYL-COA|TYRAMINE
reac_1122	CO-A|COUMARYL-COA|CPD-8943|TYRAMINE
reac_1123	CPD-9016|HYPOXANTHINE
reac_1124	CPD-9016|URATE
reac_1125	CPD-9017|PURINE
reac_1126	CPD-9016|CPD-9017
reac_1127	2-KETOGLUTARATE|CARBON-DIOXIDE|CPD-638|CPD-885|OXYGEN-MOLECULE|SUC
reac_1128	CPD-63|SINAPYL-ALCOHOL|UDP|UDP-GLUCOSE
reac_1129	CARBOXYMETHYL-HYDROXYPHENYLPROPCOA|E-PHENYLITACONYL-COA
reac_113	CPD-609|GMP|GTP
reac_1130	CONIFERYL-ALDEHYDE|CPD-81|UDP|UDP-GLUCOSE
reac_1131	CPD-79|SINAPALDEHYDE|UDP|UDP-GLUCOSE
reac_1132	E-|NAD|NADH
reac_1133	E-|NADP|NADPH
reac_1134	2-KETOGLUTARATE|CARBON-DIOXIDE|CPD-475|CPD1F-95|OXYGEN-MOLECULE|SUC
reac_1135	CPD-82|CPD-94|UDP|UDP-GLUCOSE
reac_1136	CPD-67|G3P|OXYGEN-MOLECULE|d-ribulose-1,5-p_{2}
reac_1137	GLYCOLLATE|GLYOX|HYDROGEN-PEROXIDE|OXYGEN-MOLECULE
reac_1138	2-KETOGLUTARATE|GLT|OH-PYR|SER
reac_1139	2-KETOGLUTARATE|CARBON-DIOXIDE|CPD-477|CPD-695|OXYGEN-MOLECULE|SUC
reac_114	2-PG|G3P
reac_1140	ADENOSYL-HOMO-CYS|MG-PROTOPORPHYRIN|MG-PROTOPORPHYRIN-MONOMETHYL-ESTER|S-ADENOSYLMETHIONINE
reac_1141	CPD-534|MI-HEXAKISPHOSPHATE|Pi
reac_1142	GDP|GTP|Pi
reac_1143	ADENOSINE_DIPHOSPHATE_RIBOSE|AMP|RIBOSE-5P
reac_1144	CARBON-DIOXIDE|COPROPORPHYRINOGEN_III|OXYGEN-MOLECULE|PROTOPORPHYRINOGEN
reac_1145	2-THIOURIDINE|AMP|ATP|CYS|L-ALPHA-ALANINE|PPI|URIDINE
reac_1146	GAP|INDOLE|INDOLE-3-GLYCEROL-P
reac_1147	INDOLE|SER|TRP
reac_1148	2-PHOSPHO-4-CYTIDINE-5-DIPHOSPHO-2-C-MET|2C-METH-D-ERYTHRITOL-CYCLODIPHOSPHATE|CMP
reac_1149	ARSENATE|CPD-763|GLUTATHIONE|OXIDIZED-GLUTATHIONE
reac_115	AMP|ATP|CO-A|COUMARATE|COUMARYL-COA|PPI
reac_1150	RIBOSE|XANTHINE|XANTHOSINE
reac_1151	GUANINE|GUANOSINE|RIBOSE
reac_1152	ADP|ATP|CPD-1093|DEOXYXYLULOSE-5P
reac_1153	DAMP|DATP|PPI|WATER
reac_1154	3-P-SERINE|Pi|SER
reac_1155	CPD0-1028|FARNESYL-PP|PPI|delta(3)-isopentenyl-pp
reac_1156	1-4-alpha-D-Glucan|MALTOHEXAOSE|WATER
reac_1157	CPD0-1063|GLYCERATE|MANNOSE-6P
reac_1158	AMMONIA|CARBAMATE|CARBON-DIOXIDE
reac_1159	CARBON-DIOXIDE|HCO3
reac_116	CARBON-DIOXIDE|HOMOGENTISATE|OXYGEN-MOLECULE|P-HYDROXY-PHENYLPYRUVATE
reac_1160	ACETALD|ALLO-THR|GLY
reac_1161	D-ALANINE|PYRIDOXAL_PHOSPHATE|PYRIDOXAMINE-5P|PYRUVATE
reac_1162	DIHYDROXY-ACETONE-PHOSPHATE|E-|GLYCEROL-3P
reac_1163	E-|Unknown-Quinols|Unknown-Quinones
reac_1164	DIHYDROXY-ACETONE-PHOSPHATE|GLYCEROL-3P|Unknown-Quinols|Unknown-Quinones
reac_1165	CTP|DCTP
reac_1166	DUTP|UTP
reac_1167	ATP|DATP
reac_1168	DGTP|GTP
reac_1169	CPD-4211|HYDROXY-METHYL-BUTENYL-DIP|NAD|NADH
reac_117	CARBON-DIOXIDE|OXALACETIC_ACID|PHOSPHO-ENOL-PYRUVATE|PPI|Pi
reac_1170	CPD-4211|HYDROXY-METHYL-BUTENYL-DIP|NADP|NADPH
reac_1171	NAD|NADH|URATE|XANTHINE
reac_1172	CPD1A0-6100|CPD1A0-6102|NADP|NADPH
reac_1173	CHLOROPHYLLIDE-A|MONO-VINYL-PROTOCHLOROPHYLLIDE-A|NADP|NADPH
reac_1174	2-KETOGLUTARATE|CARBON-DIOXIDE|CPD1F-86|CPD1F-96|OXYGEN-MOLECULE|SUC
reac_1175	CPD-695|CPD1F-95|OXYGEN-MOLECULE
reac_1176	CPD1F-114|CPD1F-115
reac_1177	CPD1F-115|CPD1F-118
reac_1178	CPD1F-114|CPD1F-126
reac_1179	CPD1F-126|CPD1F-129
reac_118	CARBON-DIOXIDE|INDOLE_ACETALDEHYDE|INDOLE_PYRUVATE
reac_1180	CPD1F-129|CPD1F-130
reac_1181	CPD1F-130|CPD1F-131|NADP|NADPH|OXYGEN-MOLECULE
reac_1182	CPD1F-131|CPD1F-133|NADP|NADPH|OXYGEN-MOLECULE
reac_1183	CPD1F-133|CPD1F-135
reac_1184	CPD1F-136|CPD1F-138|NADP|NADPH|OXYGEN-MOLECULE
reac_1185	CPD1F-138|CPD1F-95|NADP|NADPH|OXYGEN-MOLECULE
reac_1186	2-KETOGLUTARATE|CARBON-DIOXIDE|CPD1F-95|CPD1F-97|OXYGEN-MOLECULE|SUC
reac_1187	2-KETOGLUTARATE|CARBON-DIOXIDE|CPD1F-120|CPD1F-97|OXYGEN-MOLECULE|SUC
reac_1188	2-KETOGLUTARATE|CARBON-DIOXIDE|CPD1F-120|CPD1F-134|OXYGEN-MOLECULE|SUC
reac_1189	2-KETOGLUTARATE|CARBON-DIOXIDE|CPD1F-134|CPD1F-137|OXYGEN-MOLECULE|SUC
reac_119	2-OXOBUTANOATE|AMMONIA|CPD-68
reac_1190	2-KETOGLUTARATE|CARBON-DIOXIDE|CPD-638|CPD-695|OXYGEN-MOLECULE|SUC
reac_1191	2-KETOGLUTARATE|CARBON-DIOXIDE|CPD-638|CPD1F-96|OXYGEN-MOLECULE|SUC
reac_1192	2-KETOGLUTARATE|CARBON-DIOXIDE|CPD1F-140|CPD1F-96|OXYGEN-MOLECULE|SUC
reac_1193	2-KETOGLUTARATE|CARBON-DIOXIDE|CPD1F-139|CPD1F-140|OXYGEN-MOLECULE|SUC
reac_1194	CPD-725|CPD-728
reac_1195	ADENOSYL-HOMO-CYS|CPD-734|CPD1F-2|S-ADENOSYLMETHIONINE
reac_1196	99-DI-CIS-ZETA-CAROTENE|PHYTOENE
reac_1197	799-TRI-CIS-NEUROSPORENE|99-DI-CIS-ZETA-CAROTENE
reac_1198	799-TRI-CIS-NEUROSPORENE|7997-TETRA-CIS-LYCOPENE
reac_1199	CPD1F-420|CPD1F-453|UDP|UDP-L-RHAMNOSE
reac_12	CPD1F-128|ENT-KAUR-16-EN-19-OL|NADP|NADPH|OXYGEN-MOLECULE
reac_120	CPD-4886|GERANYL-PP|PPI
reac_1200	CPD1F-420|CPD1F-431|UDP|UDP-GLUCOSE
reac_1201	CPD1F-453|CPD1F-90|UDP|UDP-GLUCOSE
reac_1202	CPD-520|CPD1F-437|UDP|UDP-GLUCOSE
reac_1203	7997-TETRA-CIS-LYCOPENE|CPD1F-114
reac_1204	CPD1F-461|CPD1F-90|UDP|UDP-L-RHAMNOSE
reac_1205	CPD1F-461|CPD1F-462|UDP|UDP-L-RHAMNOSE
reac_1206	CHLOROPHYLL-A|CHLOROPHYLLIDE-A|PHYTYL-PYROPHOSPHATE|PPI
reac_1207	DIVINYL-PROTOCHLOROPHYLLIDE-A|MONO-VINYL-PROTOCHLOROPHYLLIDE-A|NADP|NADPH
reac_1208	CPD-591|CPD1F-766|UDP|UDP-GLUCOSE
reac_1209	CHLOROPHYLL-A|CHLOROPHYLL-B|OXYGEN-MOLECULE
reac_121	CPD1F-128|ENT-COPALYL-DIPHOSPHATE|PPI
reac_1210	2-KETOGLUTARATE|CARBON-DIOXIDE|CPD1F-90|DIHYDROKAEMPFEROL-CMPD|OXYGEN-MOLECULE|SUC
reac_1211	2-KETOGLUTARATE|CARBON-DIOXIDE|CPD1F-120|CPD1F-84|OXYGEN-MOLECULE|SUC
reac_1212	DIHYDRO-SPHINGOSINE|NADP|NADPH|OXYGEN-MOLECULE|PHYTOSPINGOSINE
reac_1213	572428-ERGOSTATRIENOL|EPISTEROL|NADP|NADPH|OXYGEN-MOLECULE
reac_1214	ACETALD|ETOH|HYDROGEN-PEROXIDE
reac_1215	CPD-8609|CPD-8610|NADP|NADPH
reac_1216	CPD-8610|CPD-8611|NAD|NADH|OXYGEN-MOLECULE
reac_1217	CPD-8610|CPD-8611|NADP|NADPH|OXYGEN-MOLECULE
reac_1218	CPD-8611|CPD-8612|NAD|NADH|OXYGEN-MOLECULE
reac_1219	CPD-8611|CPD-8612|NADP|NADPH|OXYGEN-MOLECULE
reac_122	5-METHYLTHIOADENOSINE|CPD-68|S-ADENOSYLMETHIONINE
reac_1220	CPD-8612|CPD-8613|NAD|NADH|OXYGEN-MOLECULE
reac_1221	CPD-8612|CPD-8613|NADP|NADPH|OXYGEN-MOLECULE
reac_1222	CPD-4184|CPD-8617|NAD|NADH|OXYGEN-MOLECULE
reac_1223	CPD-4184|CPD-8617|NADP|NADPH|OXYGEN-MOLECULE
reac_1224	CPD-8617|CPD-8618|NAD|NADH|OXYGEN-MOLECULE
reac_1225	CPD-8617|CPD-8618|NADP|NADPH|OXYGEN-MOLECULE
reac_1226	CPD-8618|CPD-8619|NAD|NADH|OXYGEN-MOLECULE
reac_1227	CPD-8618|CPD-8619|NADP|NADPH|OXYGEN-MOLECULE
reac_1228	CPD-465|NAD|NADH|PPI|SQUALENE
reac_1229	CPD-465|NADP|NADPH|PPI|SQUALENE
reac_123	5,10-methenyl-thf|5-FORMYL-THF|ADP|ATP|Pi
reac_1230	EPOXYSQUALENE|NADP|NADPH|OXYGEN-MOLECULE|SQUALENE
reac_1231	ACET|ACETALD|NAD|NADH
reac_1232	CPD-4568|LANOSTEROL|NADP|NADPH|OXYGEN-MOLECULE
reac_1233	CPD-4568|CPD-4573|NADP|NADPH|OXYGEN-MOLECULE
reac_1234	44-DIMETHYL-CHOLESTA-812-24-TRIENOL|CPD-4573|FORMATE|NADP|NADPH|OXYGEN-MOLECULE
reac_1235	44-DIMETHYL-824-CHOLESTADIENOL|44-DIMETHYL-CHOLESTA-812-24-TRIENOL|NADP|NADPH
reac_1236	44-DIMETHYL-824-CHOLESTADIENOL|CPD-4575|NAD|NADH|OXYGEN-MOLECULE
reac_1237	44-DIMETHYL-824-CHOLESTADIENOL|CPD-4575|NADP|NADPH|OXYGEN-MOLECULE
reac_1238	CPD-4575|CPD-4576|NAD|NADH|OXYGEN-MOLECULE
reac_1239	CPD-4575|CPD-4576|NADP|NADPH|OXYGEN-MOLECULE
reac_124	ADP|ATP|CPD-444|CPD-560
reac_1240	CPD-4576|CPD-4577|NAD|NADH|OXYGEN-MOLECULE
reac_1241	CPD-4576|CPD-4577|NADP|NADPH|OXYGEN-MOLECULE
reac_1242	CARBON-DIOXIDE|CPD-4577|CPD-4578|NAD|NADH
reac_1243	CARBON-DIOXIDE|CPD-4577|CPD-4578|NADP|NADPH
reac_1244	4-METHYL-824-CHOLESTADIENOL|CPD-4578|NADP|NADPH
reac_1245	4-METHYL-824-CHOLESTADIENOL|CPD-4579|NAD|NADH|OXYGEN-MOLECULE
reac_1246	4-METHYL-824-CHOLESTADIENOL|CPD-4579|NADP|NADPH|OXYGEN-MOLECULE
reac_1247	CPD-4579|CPD-4580|NAD|NADH|OXYGEN-MOLECULE
reac_1248	CPD-4579|CPD-4580|NADP|NADPH|OXYGEN-MOLECULE
reac_1249	CPD-4580|CPD-4702|NAD|NADH|OXYGEN-MOLECULE
reac_125	5-OXOPROLINE|ADP|ATP|GLT|Pi
reac_1250	CPD-4580|CPD-4702|NADP|NADPH|OXYGEN-MOLECULE
reac_1251	CARBON-DIOXIDE|CPD-4581|CPD-4702|NAD|NADH
reac_1252	CARBON-DIOXIDE|CPD-4581|CPD-4702|NADP|NADPH
reac_1253	CPD-4581|NADP|NADPH|ZYMOSTEROL
reac_1254	5-ALPHA-CHOLESTA-724-DIEN-3-BETA-OL|ZYMOSTEROL
reac_1255	5-ALPHA-CHOLESTA-724-DIEN-3-BETA-OL|CPD-4186|NADP|NADPH
reac_1256	CPD-4186|CPD-4187|NAD|NADH|OXYGEN-MOLECULE
reac_1257	CPD-4186|CPD-4187|NADP|NADPH|OXYGEN-MOLECULE
reac_1258	CHOLESTEROL|CPD-4187|NADP|NADPH
reac_1259	CPD-2743|NADP|NADPH|NICOTINE|OXYGEN-MOLECULE
reac_126	CPD-1063|CPD-444
reac_1260	GLT|NAD|NADH|l-delta(1)-pyrroline_5-carboxylate
reac_1261	GLT|NADP|NADPH|l-delta(1)-pyrroline_5-carboxylate
reac_1262	CPDQT-4|GDP-L-GALACTOSE|GMP
reac_1263	CPDQT-4|L-GALACTOSE|Pi
reac_1264	CYS-GLY|GLT|GLUTATHIONE
reac_1265	CPDQT-7|FRUCTOSE-16-DIPHOSPHATE
reac_1266	CPDQT-7|CPDQT-8|Pi
reac_1267	CPDQT-8|CPDQT-9
reac_1268	CPDQT-10|CPDQT-9|Pi
reac_1269	Pi|UMP|URIDINE
reac_127	D-GLUCOSAMINE-6-P|GLUCOSAMINE-1P
reac_1270	CPD-7158|CPDQT-13|OXYGEN-MOLECULE
reac_1271	ADENOSYL-HOMO-CYS|CPDQT-13|CPDQT-14|S-ADENOSYLMETHIONINE
reac_1272	CPDQT-14|CPDQT-15|OXYGEN-MOLECULE
reac_1273	ADENOSYL-HOMO-CYS|CPDQT-15|CPDQT-16|S-ADENOSYLMETHIONINE
reac_1274	CPDQT-16|CPDQT-17|OXYGEN-MOLECULE
reac_1275	CARBON-DIOXIDE|CPDQT-17|CPDQT-18
reac_1276	ALL-TRANS-HEPTAPRENYL-DIPHOSPHATE|OCTAPRENYL-DIPHOSPHATE|PPI|delta(3)-isopentenyl-pp
reac_1277	ALL-TRANS-PENTAPRENYL-DIPHOSPHATE|GERANYLGERANYL-PP|PPI|delta(3)-isopentenyl-pp
reac_1278	CPD-5521|CPD1F-437|UDP|UDP-L-RHAMNOSE
reac_1279	CPD-8013|CPDQT-26|UDP|UDP-L-RHAMNOSE
reac_128	CHORISMATE|ISOCHORISMATE
reac_1280	2-OXO-5-METHYLTHIOPENTANOIC-ACID|ACETYL-COA|CO-A|CPDQT-31
reac_1281	CPDQT-31|CPDQT-36
reac_1282	CARBON-DIOXIDE|CPDQT-27|CPDQT-36
reac_1283	ACETYL-COA|CO-A|CPDQT-27|CPDQT-32
reac_1284	CPDQT-32|CPDQT-37
reac_1285	CARBON-DIOXIDE|CPDQT-28|CPDQT-37
reac_1286	ACETYL-COA|CO-A|CPDQT-28|CPDQT-33
reac_1287	CPDQT-33|CPDQT-38
reac_1288	CARBON-DIOXIDE|CPDQT-29|CPDQT-38
reac_1289	ACETYL-COA|CO-A|CPDQT-29|CPDQT-34
reac_129	ENT-COPALYL-DIPHOSPHATE|GERANYLGERANYL-PP
reac_1290	CPDQT-34|CPDQT-39
reac_1291	CARBON-DIOXIDE|CPDQT-30|CPDQT-39
reac_1292	ACETYL-COA|CO-A|CPDQT-30|CPDQT-35
reac_1293	CPDQT-35|CPDQT-40
reac_1294	CARBON-DIOXIDE|CPDQT-40|CPDQT-41
reac_1295	ADP|ATP|MANNOSE|MANNOSE-6P
reac_1296	CPDQT-50|EPOXYSQUALENE
reac_1297	CPDQT-51|EPOXYSQUALENE
reac_1298	CPDQT-52|EPOXYSQUALENE
reac_1299	ATP|MET|PPI|Pi|S-ADENOSYLMETHIONINE
reac_13	CPD1F-132|CPD1F-136|NADP|NADPH|OXYGEN-MOLECULE
reac_130	MI-HEXAKISPHOSPHATE|MI-PENTAKISPHOSPHATE|Pi
reac_1300	CPD-548|FORMATE|GLUTATHIONE
reac_1301	ADP|ATP|L-ASPARTATE|P-RIBOSYL-4-SUCCCARB-AMINOIMIDAZOLE|PHOSPHORIBOSYL-CARBOXY-AMINOIMIDAZOLE|Pi
reac_1302	CARBON-DIOXIDE|S-ADENOSYLMETHIONINAMINE|S-ADENOSYLMETHIONINE
reac_1303	FORMALDEHYDE|GLY|HYDROGEN-PEROXIDE|OXYGEN-MOLECULE|SARCOSINE
reac_1304	DIHYDROXY-ACETONE-PHOSPHATE|ERYTHROSE-4P|d-sedoheptulose-1,7-p_{2}
reac_1305	D-SEDOHEPTULOSE-7-P|Pi|d-sedoheptulose-1,7-p_{2}
reac_1306	L-ALPHA-ALANINE|OH-PYR|PYRUVATE|SER
reac_1307	CARBON-DIOXIDE|CO-A|DEHYDROSPHINGANINE|PALMITYL-COA|SER
reac_1308	GLY|GLYOX|OH-PYR|SER
reac_1309	ACETYL-COA|ACETYLSERINE|CO-A|SER
reac_131	ADP|AMMONIA|ATP|CARBAMOYL-P|CARBON-DIOXIDE|Pi
reac_1311	ISOCHORISMATE|PYRUVATE|SUCCINATE-SEMIALDEHYDE-THIAMINE-PPI|SUCCINYL-OH-CYCLOHEXADIENE-COOH|THIAMINE-PYROPHOSPHATE
reac_1312	3-DEHYDRO-SHIKIMATE|NADP|NADPH|SHIKIMATE
reac_1313	ADP|ATP|SHIKIMATE|SHIKIMATE-5P
reac_1314	1-O-SINAPOYL-BETA-D-GLUCOSE|SINAPATE|UDP|UDP-GLUCOSE
reac_1315	CHOLINE|O-SINAPOYLCHOLINE|SINAPATE
reac_1316	FE+2|SIROHEME|SIROHYDROCHLORIN
reac_1317	Cytochromes-C|Cytochromes-C-Reduced|SO3|SULFATE
reac_1319	5-METHYLTHIOADENOSINE|PUTRESCINE|S-ADENOSYLMETHIONINAMINE|SPERMIDINE
reac_132	ADP|ATP|FRUCTOSE-16-DIPHOSPHATE|FRUCTOSE-6P
reac_1320	5-METHYLTHIOADENOSINE|S-ADENOSYLMETHIONINAMINE|SPERMIDINE|SPERMINE
reac_1321	L-GLUTAMATE_GAMMA-SEMIALDEHYDE|l-delta(1)-pyrroline_5-carboxylate
reac_1322	SECOLOGANIN-CPD|STRICTOSIDINE|TRYPTAMINE
reac_1323	ADP|ATP|CO-A|Pi|SUC|SUC-COA
reac_1324	CPD-822|N2-SUCCINYLGLUTAMATE|NAD|NADH
reac_1325	CO-A|GDP|GTP|Pi|SUC|SUC-COA
reac_1326	NAD|NADH|SUC|SUCC-S-ALD
reac_1327	NADP|NADPH|SUC|SUCC-S-ALD
reac_1328	Pi|SUCROSE|SUCROSE-6P
reac_1329	FRUCTOSE-6P|SUCROSE-6P|UDP|UDP-GLUCOSE
reac_133	CARBON-DIOXIDE|CPD-2961|NAD|NADH|RIBULOSE-5P
reac_1330	FRU|SUCROSE|UDP|UDP-GLUCOSE
reac_1331	APS|ATP|PPI|SULFATE
reac_1332	HS|Oxidized-ferredoxins|Reduced-ferredoxins|SO3
reac_1333	HYDROGEN-PEROXIDE|OXYGEN-MOLECULE|SUPER-OXIDE
reac_1338	ADP|ATP|BISOHMYR-GLC|LIPID-IV-A
reac_1339	ADP|ATP|THIAMINE-P|THIAMINE-PYROPHOSPHATE
reac_134	CARBON-DIOXIDE|CPD-2961|NADP|NADPH|RIBULOSE-5P
reac_1340	AMINO-HYDROXYMETHYL-METHYLPYRIMIDINE-PP|PPI|THIAMINE-P|THZ-P
reac_1341	ADP|ATP|CPD-611|THIAMINE-PYROPHOSPHATE
reac_1342	AMP|ATP|THIAMINE|THIAMINE-PYROPHOSPHATE
reac_1343	ADP|ATP|THZ|THZ-P
reac_1344	ADP|ATP|THIAMINE|THIAMINE-P
reac_1345	HCN|HSCN|S2O3|SO3
reac_1346	2-OXOBUTANOATE|AMMONIA|THR
reac_1347	ACETALD|GLY|THR
reac_1348	O-PHOSPHO-L-HOMOSERINE|Pi|THR
reac_135	CPD-2961|D-6-P-GLUCONO-DELTA-LACTONE
reac_1350	ADP|ATP|THYMIDINE|TMP
reac_1351	DEOXY-RIBOSE-1P|Pi|THYMIDINE|THYMINE
reac_1352	DIHYDROFOLATE|DUMP|METHYLENE-THF|TMP
reac_1353	2-METHYL-3-HYDROXY-BUTYRYL-COA|TIGLYL-COA
reac_1355	ADENOSYL-HOMO-CYS|ALPHA-TOCOPHEROL|GAMA-TOCOPHEROL|S-ADENOSYLMETHIONINE
reac_1356	2-COUMARATE|CPD-674|NADP|NADPH|OXYGEN-MOLECULE
reac_1357	COUMARATE|CPD-674|NADP|NADPH|OXYGEN-MOLECULE
reac_1358	OCTAPRENYL-DIPHOSPHATE|PPI|SOLANESYL-PYROPHOSPHATE|delta(3)-isopentenyl-pp
reac_1359	D-SEDOHEPTULOSE-7-P|ERYTHROSE-4P|FRUCTOSE-6P|GAP
reac_136	8-AMINO-7-OXONONANOATE|CARBON-DIOXIDE|CO-A|CPD-558|L-ALPHA-ALANINE
reac_1360	GLC|TREHALOSE
reac_1361	ALPHA-GLC-6-P|TREHALOSE-6P|UDP|UDP-GLUCOSE
reac_1362	Pi|TREHALOSE|TREHALOSE-6P
reac_1363	DIHYDROXY-ACETONE-PHOSPHATE|GAP
reac_1365	GAP|INDOLE-3-GLYCEROL-P|SER|TRP
reac_1366	2-KETOGLUTARATE|GLT|INDOLE_PYRUVATE|TRP
reac_1367	CO-A|CPD-440|FERULOYL-COA|TYRAMINE
reac_1368	2-KETOGLUTARATE|GLT|P-HYDROXY-PHENYLPYRUVATE|TYR
reac_1369	2-KETOGLUTARATE|GLT|P-HYDROXY-PHENYLPYRUVATE|TYR
reac_137	ACETALD|ACETYL-COA|CO-A|NAD|NADH
reac_1370	CARBON-DIOXIDE|TYR|TYRAMINE
reac_1373	UDP-D-XYLOSE|UDP-L-ARABINOSE
reac_1374	CPD-663|UDP-GLUCOSE
reac_1375	UDP-D-GALACTURONATE|UDP-GLUCURONATE
reac_1376	CARBON-DIOXIDE|UDP-D-XYLOSE|UDP-GLUCURONATE
reac_1377	UDP-N-ACETYL-D-GLUCOSAMINE|UDP-N-ACETYL-GALACTOSAMINE
reac_1378	ACET|UDP-OHMYR-ACETYLGLUCOSAMINE|UDP-OHMYR-GLUCOSAMINE
reac_1379	UDP-GALACTOSE|UDP-GLUCOSE
reac_138	ACET|ACETYL-COA|AMP|ATP|CO-A|PPI
reac_1380	ADP|ATP|UDP|UTP
reac_1381	NAD|NADH|UDP-GLUCOSE|UDP-GLUCURONATE
reac_1382	ADP|ATP|UDP|UMP
reac_1384	DEOXY-RIBOSE-1P|DEOXYURIDINE|Pi|URACIL
reac_1385	PPI|PRPP|UMP|URACIL
reac_1386	5-HYDROXYISOURATE|HYDROGEN-PEROXIDE|OXYGEN-MOLECULE|URATE
reac_1387	AMMONIA|CARBON-DIOXIDE|UREA
reac_1388	AMMONIA|CARBON-DIOXIDE|CPD-1091|GLYOX
reac_1389	CPD-1091|GLYOX|UREA
reac_139	2-ACETO-LACTATE|DIOH-ISOVALERATE|NADP|NADPH
reac_1390	RIBOSE|URACIL|URIDINE
reac_1391	GDP|GTP|UMP|URIDINE
reac_1392	CARBON-DIOXIDE|COPROPORPHYRINOGEN_III|UROPORPHYRINOGEN-III
reac_1393	HYDROXYMETHYLBILANE|UROPORPHYRINOGEN-III
reac_1394	Pi|RIBOSE-1P|URACIL|URIDINE
reac_1395	AMMONIA|CPD-1091|CPD-598
reac_1396	GALACTOSE-1P|PPI|UDP-GALACTOSE|UTP
reac_1398	Pi|RIBOSE-1P|XANTHINE|XANTHOSINE
reac_1399	Pi|XANTHOSINE|XANTHOSINE-5-PHOSPHATE
reac_14	NADP|NADPH|NN-DIMETHYLANILINE|NN-DIMETHYLANILINE-N-OXIDE|OXYGEN-MOLECULE
reac_140	2-ACETO-LACTATE|CARBON-DIOXIDE|PYRUVATE
reac_1400	D-XYLULOSE|XYLOSE
reac_1401	ADP|ATP|D-XYLULOSE|XYLULOSE-5-PHOSPHATE
reac_1402	FARNESYL-PP|NADP|NADPH|PPI|SQUALENE
reac_141	1-KETO-2-METHYLVALERATE|2-ACETO-2-HYDROXY-BUTYRATE|NADP|NADPH
reac_142	2-ACETO-2-HYDROXY-BUTYRATE|2-OXOBUTANOATE|CARBON-DIOXIDE|PYRUVATE
reac_143	ACETOACETYL-COA|ACETYL-COA|CO-A
reac_144	ACETYL-COA|ADP|ATP|HCO3|MALONYL-COA|Pi
reac_145	ACETYL-GLU|ADP|ATP|N-ACETYL-GLUTAMYL-P
reac_146	ACET|L-ORNITHINE|N-ALPHA-ACETYLORNITHINE
reac_147	2-KETOGLUTARATE|CPD-469|GLT|N-ALPHA-ACETYLORNITHINE
reac_148	ACET|ACETYLSERINE|CYS|HS
reac_149	4-AMINO-4-DEOXYCHORISMATE|P-AMINO-BENZOATE|PYRUVATE
reac_15	CPD-693|CPD-7234|NADP|NADPH|OXYGEN-MOLECULE
reac_150	AMMONIA|DEOXYADENOSINE|DEOXYINOSINE
reac_151	ADENOSINE|AMMONIA|INOSINE
reac_152	ADENOSINE|ADP|AMP|ATP
reac_153	ADENINE|ADENOSINE|RIBOSE
reac_154	ADENOSINE|ADENOSYL-HOMO-CYS|HOMO-CYS
reac_155	ADENINE|AMP|PPI|PRPP
reac_156	ADP|AMP|ATP
reac_157	ATP|CAMP|PPI
reac_158	ADENYLOSUCC|GDP|GTP|IMP|L-ASPARTATE|Pi
reac_159	ADP|APS|ATP|PAPS
reac_16	CPD-548|FORMALDEHYDE|GLUTATHIONE|NAD|NADH
reac_160	AGMATHINE|PUTRESCINE|UREA
reac_161	AGMATHINE|AMMONIA|CPD-597
reac_162	AICAR|FUM|P-RIBOSYL-4-SUCCCARB-AMINOIMIDAZOLE
reac_163	10-FORMYL-THF|AICAR|PHOSPHORIBOSYL-FORMAMIDO-CARBOXAMIDE|THF
reac_164	5-PHOSPHORIBOSYL-5-AMINOIMIDAZOLE|CARBON-DIOXIDE|PHOSPHORIBOSYL-CARBOXY-AMINOIMIDAZOLE
reac_165	5-PHOSPHORIBOSYL-5-AMINOIMIDAZOLE|5-PHOSPHORIBOSYL-N-FORMYLGLYCINEAMIDINE|ADP|ATP|Pi
reac_167	GLY|GLYOX|L-ALPHA-ALANINE|PYRUVATE
reac_168	2-KETOGLUTARATE|GLT|L-ALPHA-ALANINE|PYRUVATE
reac_169	ACETALD|ETOH|NAD|NADH
reac_17	DPG|GAP|NADP|NADPH|Pi
reac_170	ALPHA-GLUCOSE|GLC
reac_171	ALPHA-D-GALACTOSE|GALACTOSE
reac_172	ALLANTOATE|AMMONIA|CARBON-DIOXIDE|CPD-598
reac_173	ALLANTOATE|CPD-1091|UREA
reac_174	ALLANTOATE|ALLANTOIN
reac_175	CPD-728|CPD-729
reac_176	ALLYSINE|CPD-468|NAD|NADH
reac_177	GALACTOSE|GLC|MELIBIOSE
reac_178	AMMONIA|AMP|IMP
reac_179	ADENOSINE|AMP|Pi
reac_18	2-KETO-ISOVALERATE|CARBON-DIOXIDE|CO-A|ISOBUTYRYL-COA|NAD|NADH
reac_180	ADENYLOSUCC|AMP|FUM
reac_182	GLC|MALTOSE|MALTOTETRAOSE|MALTOTRIOSE
reac_183	ANTHRANILATE|CHORISMATE|GLN|GLT|PYRUVATE
reac_184	APIGENIN|NARINGENIN-CMPD
reac_185	AMP|ATP|Pi
reac_186	AGMATHINE|ARG|CARBON-DIOXIDE
reac_187	ARG|L-ORNITHINE|UREA
reac_188	4-GUANIDO-BUTYRAMIDE|ARG|CARBON-DIOXIDE|OXYGEN-MOLECULE
reac_189	AMMONIA|ARG|L-CITRULLINE
reac_19	CARBON-DIOXIDE|CH3-MALONATE-S-ALD|CO-A|NAD|NADH|PROPIONYL-COA
reac_190	ARG|FUM|L-ARGININO-SUCCINATE
reac_191	AMP|ATP|L-ARGININO-SUCCINATE|L-ASPARTATE|L-CITRULLINE|PPI
reac_193	CARBON-DIOXIDE|TRP|TRYPTAMINE
reac_194	AMMONIA|AMP|ASN|ATP|L-ASPARTATE|PPI
reac_195	AMP|ASN|ATP|GLN|GLT|L-ASPARTATE|PPI
reac_197	2-KETOGLUTARATE|GLT|L-ASPARTATE|OXALACETIC_ACID
reac_198	AMMONIA|ASN|L-ASPARTATE
reac_199	L-ASPARTATE-SEMIALDEHYDE|L-BETA-ASPARTYL-P|NADP|NADPH|Pi
reac_2	4-ALPHA-METHYL-5-ALPHA-CHOLEST-7-EN-3-ON|BETA-HYDROXY-4BETA-METHYL-5ALPHA-CHOLEST|CARBON-DIOXIDE|NADP|NADPH
reac_20	G3P|GAP|NADP|NADPH
reac_200	ADP|ATP|L-ASPARTATE|L-BETA-ASPARTYL-P
reac_201	CARBAMOYL-P|CARBAMYUL-L-ASPARTATE|L-ASPARTATE|Pi
reac_202	ACETYL-COA|ADP|ATP|CIT|CO-A|OXALACETIC_ACID|Pi
reac_203	ATP|PHOSPHORIBOSYL-ATP|PPI|PRPP
reac_208	AMP|ATP|BENZOATE|BENZOYLCOA|CO-A|PPI
reac_209	BENZALDEHYDE|BENZYL-ALCOHOL|NAD|NADH
reac_21	CPD-692|CPD-693|HYDROGEN-PEROXIDE|OXYGEN-MOLECULE
reac_210	3-OH-BENZALDEHYDE|3-OH-BENZYL-ALCOHOL|NAD|NADH
reac_211	3-UREIDO-PROPIONATE|AMMONIA|B-ALANINE|CARBON-DIOXIDE
reac_212	GALACTOSE|GLC|LACTOSE
reac_213	ACETOACETYL-COA|CPD-650|NAD|NADH
reac_214	ADENOSINE5TRIPHOSPHO5ADENOSINE|ADP|AMP
reac_215	2-KETO-3-METHYL-VALERATE|2-KETOGLUTARATE|GLT|ILE
reac_216	2-KETOGLUTARATE|2K-4CH3-PENTANOATE|GLT|LEU
reac_217	2-KETO-ISOVALERATE|2-KETOGLUTARATE|GLT|VAL
reac_218	ADENOSYL-HOMO-CYS|CPD-676|FERULIC-ACID|S-ADENOSYLMETHIONINE
reac_219	ADENOSYL-HOMO-CYS|CAFFEOYL-COA|FERULOYL-COA|S-ADENOSYLMETHIONINE
reac_22	DI-H-URACIL|NADP|NADPH|URACIL
reac_220	ADP|AMMONIA|ATP|CARBAMOYL-P|CARBON-DIOXIDE
reac_221	CARBON-DIOXIDE|H2CO3
reac_222	CARBON-DIOXIDE|CPD-659|PHE
reac_223	ADP|ATP|CARBAMOYL-P|GLN|GLT|HCO3|Pi
reac_224	D-CARNITINYL-COA|L-CARNITINYL-COA
reac_225	CARNITINE|D-CARNITINE
reac_226	ADP|ATP|CDP|CTP
reac_227	1-4-beta-D-Glucan|GDP|GDP-D-GLUCOSE
reac_228	1-4-beta-D-Glucan|UDP|UDP-GLUCOSE
reac_229	CHLOROPHYLL|CHLOROPHYLLIDE|PHYTOL
reac_23	44-DIMETHYL-824-CHOLESTADIENOL|44-DIMETHYL-CHOLESTA-812-24-TRIENOL|NADP|NADPH
reac_230	ADP|ATP|CHOLINE|PHOSPHORYL-CHOLINE
reac_231	3-ENOLPYRUVYL-SHIKIMATE-5P|CHORISMATE|Pi
reac_232	CHORISMATE|PREPHENATE
reac_233	CINNAMALDEHYDE|CINNAMOYL-COA|CO-A|NADP|NADPH
reac_234	CINNAMALDEHYDE|CINNAMYL-ALC|NADP|NADPH
reac_235	AMMONIA|CARBON-DIOXIDE|L-CITRULLINE|L-ORNITHINE
reac_236	ACETYL-COA|CIT|CO-A|OXALACETIC_ACID
reac_237	ADP|ATP|CDP|CMP
reac_24	3Z-PHYTOCHROMOBILIN|BILIVERDINE|OX-FERREDOXIN|Reduced-ferredoxins
reac_240	HYDROGEN-MOLECULE|OX-COENZYME-F420|RED-COENZYME-F420
reac_241	CONIFERYL-ALCOHOL|CPD-1777|GLC
reac_242	CMP-KDO|CTP|KDO|PPI
reac_243	ADP|AMMONIA|ATP|CTP|Pi|UTP
reac_244	CYCLOARTENOL|EPOXYSQUALENE
reac_245	CYCLOEUCALENOL|OBTUSIFOLIOL
reac_246	CARBON-DIOXIDE|CPD-659|NAD|NADH|TYR
reac_247	CYS|L-CYSTATHIONINE|O-PHOSPHO-L-HOMOSERINE|Pi
reac_248	ACET|ACETYL-COA|CO-A|CYS|HS|SER
reac_249	2-OXOBUTANOATE|AMMONIA|CYS|L-CYSTATHIONINE
reac_25	5,10-methenyl-thf|METHYLENE-THF|NAD|NADH
reac_250	AMMONIA|HOMO-CYS|L-CYSTATHIONINE|PYRUVATE
reac_251	HOMO-CYS|L-CYSTATHIONINE|SER
reac_253	AMMONIA|DEOXYCYTIDINE|DEOXYURIDINE
reac_254	AMMONIA|CYTIDINE|URIDINE
reac_255	Cytochromes-C|Cytochromes-C-Reduced|OXYGEN-MOLECULE
reac_26	5-METHYL-THF|METHYLENE-THF|NAD|NADH
reac_267	Cytochromes-C|Cytochromes-C-Reduced|D-LACTATE|PYRUVATE
reac_268	DEOXY-RIBOSE-1P|DEOXY-RIBOSE-5P
reac_269	ADP|ATP|DADP|DATP
reac_27	5-METHYL-THF|METHYLENE-THF|NADP|NADPH
reac_270	3-DEOXY-D-ARABINO-HEPTULOSONATE-7-P|ERYTHROSE-4P|PHOSPHO-ENOL-PYRUVATE|Pi
reac_271	ADP|ATP|D-ALA-D-ALA|D-ALANINE|Pi
reac_272	8-AMINO-7-OXONONANOATE|DIAMINONONANOATE|S-ADENOSYL-4-METHYLTHIO-2-OXOBUTANOATE|S-ADENOSYLMETHIONINE
reac_273	ARABINOSE-5P|RIBULOSE-5P
reac_274	ADP|ATP|DCDP|DCTP
reac_275	AMMONIA|DCTP|DUTP
reac_276	AMMONIA|D-CYSTEINE|HS|PYRUVATE
reac_277	PPI|T-POLY-C-DECAPRENYL-DIPHOSPHATE|T-POLY-C-UNDECAPRENYL-DIPHOSPHATE|delta(3)-isopentenyl-pp
reac_278	ACETALD|DEOXY-RIBOSE-5P|GAP
reac_279	ADP|ATP|CO-A|DEPHOSPHO-COA
reac_28	2-KETOGLUTARATE|LYS|NAD|NADH|SACCHAROPINE
reac_280	ADP|ATP|CARBON-DIOXIDE|DETHIOBIOTIN|DIAMINONONANOATE|Pi
reac_281	ADP|ATP|DGDP|DGTP
reac_282	ADP|ATP|CPD-649|DIHYDRO-SPHINGOSINE
reac_283	CARBON-DIOXIDE|LYS|MESO-DIAMINOPIMELATE
reac_284	LL-DIAMINOPIMELATE|MESO-DIAMINOPIMELATE
reac_285	DIHYDROLIPOAMIDE|LIPOAMIDE|NAD|NADH
reac_286	2,3-dihydrodipicolinate|L-ASPARTATE-SEMIALDEHYDE|PYRUVATE
reac_287	DIHYDROFOLATE|NADP|NADPH|THF
reac_288	7,8-dihydropteroate|ADP|ATP|DIHYDROFOLATE|GLT|Pi
reac_289	DIHYDROKAEMPFEROL-CMPD|LEUCOPELARGONIDIN-CMPD|NADP|NADPH
reac_29	2-KETOGLUTARATE|LYS|NADP|NADPH|SACCHAROPINE
reac_290	DIHYDRO-NEO-PTERIN|DIHYDRONEOPTERIN-P|Pi
reac_291	CARBAMYUL-L-ASPARTATE|DI-H-OROTATE
reac_292	DI-H-OROTATE|HYDROGEN-PEROXIDE|OROTATE|OXYGEN-MOLECULE
reac_293	2,3-dihydrodipicolinate|DELTA{1}-PIPERIDEINE-2-6-DICARBOXYLATE|NAD|NADH
reac_294	2,3-dihydrodipicolinate|DELTA{1}-PIPERIDEINE-2-6-DICARBOXYLATE|NADP|NADPH
reac_295	3-UREIDO-PROPIONATE|DI-H-URACIL
reac_296	2-KETO-ISOVALERATE|DIOH-ISOVALERATE
reac_297	1-KETO-2-METHYLVALERATE|2-KETO-3-METHYL-VALERATE
reac_298	DIHYDROSIROHYDROCHLORIN|NAD|NADH|SIROHYDROCHLORIN
reac_299	DIHYDROXY-BUTANONE-P|FORMATE|RIBULOSE-5P
reac_3	2-METHYL-3-HYDROXY-BUTYRYL-COA|2-METHYL-ACETO-ACETYL-COA|NAD|NADH
reac_30	ALLYSINE|GLT|NAD|NADH|SACCHAROPINE
reac_300	ADP|ATP|CARBON-DIOXIDE|CPD-641|Pi|delta(3)-isopentenyl-pp
reac_301	2-3-CARBOXY-3-AMINOPROPYL-L-HISTIDINE|2-3-CARBOXY-3-METHYLAMMONIOPROPYL-L-|ADENOSYL-HOMO-CYS|S-ADENOSYLMETHIONINE
reac_302	D-LACTATE|NAD|NADH|PYRUVATE
reac_303	CARBON-DIOXIDE|DEMETHYLMENAQUINONE|DIHYDROXYNAPHTHOATE|OCTAPRENYL-DIPHOSPHATE|PPI
reac_304	CDP|CTP|DOLICHOL|DOLICHOLP
reac_305	ASCORBATE|DOPAMINE|L-DEHYDRO-ASCORBATE|NOREPINEPHRINE|OXYGEN-MOLECULE
reac_306	DTDP-DEOH-DEOXY-GLUCOSE|DTDP-DEOH-DEOXY-MANNOSE
reac_307	DTDP-DEOH-DEOXY-MANNOSE|DTDP-RHAMNOSE|NADP|NADPH
reac_308	DTDP-D-GLUCOSE|DTDP-DEOH-DEOXY-GLUCOSE
reac_309	ADP|ATP|TDP|TTP
reac_31	ASCORBATE|CPD-318|NAD|NADH
reac_310	ADP|ATP|TDP|TMP
reac_311	ADP|ATP|DUDP|DUTP
reac_312	DUMP|DUTP|PPI
reac_313	2-C-METHYL-D-ERYTHRITOL-4-PHOSPHATE|DEOXYXYLULOSE-5P|NADP|NADPH
reac_314	CARBON-DIOXIDE|DEOXYXYLULOSE-5P|GAP|PYRUVATE
reac_315	ADP|ATP|ETHANOL-AMINE|PHOSPHORYL-ETHANOLAMINE
reac_316	ASCORBATE|CARBON-DIOXIDE|CPD-68|ETHYLENE-CMPD|HCN|L-DEHYDRO-ASCORBATE|OXYGEN-MOLECULE
reac_317	DIHYDROXY-ACETONE-PHOSPHATE|FRUCTOSE-16-DIPHOSPHATE|GAP
reac_318	FRUCTOSE-16-DIPHOSPHATE|FRUCTOSE-6P|Pi
reac_319	ATP|FAD|FMN|PPI
reac_32	CYS|HYDROGEN-PEROXIDE|OXYGEN-MOLECULE|PRENAL|S-PRENYL-L-CYSTEINE
reac_320	FARNESYL-PP|GERANYLGERANYL-PP|PPI|delta(3)-isopentenyl-pp
reac_322	FE+2|FE+3|NAD|NADH
reac_323	5-P-RIBOSYL-N-FORMYLGLYCINEAMIDE|5-PHOSPHORIBOSYL-N-FORMYLGLYCINEAMIDINE|ADP|ATP|GLN|GLT|Pi
reac_324	FMN|FMNH2|NAD|NADH
reac_325	FMN|FMNH2|NADP|NADPH
reac_326	FORMALDEHYDE|FORMATE|NAD|NADH
reac_327	AMMONIA|FORMAMIDE|FORMATE
reac_328	CARBON-DIOXIDE|FORMATE|NADP|NADPH
reac_329	10-FORMYL-THF|ADP|ATP|FORMATE|Pi|THF
reac_33	AMP|APS|GLUTATHIONE|OXIDIZED-GLUTATHIONE|SO3
reac_330	10-FORMYL-THF|FORMATE|THF
reac_331	FARNESYL-PP|GERANYL-PP|PPI|delta(3)-isopentenyl-pp
reac_332	ADP|ATP|FRU|FRUCTOSE-6P
reac_333	C55-PP-GLCNAC-MANNACA|C55-PP-GLCNAC-MANNACA-FUC4NAC|TDP|TDP-FUC4NAC
reac_334	ADP|ATP|CPD-488|L-FUCOSE
reac_335	3-KETOBUTYRATE|4-FUMARYL-ACETOACETATE|FUM
reac_338	2-KETOGLUTARATE|4-AMINO-BUTYRATE|GLT|SUCC-S-ALD
reac_339	ADP|ATP|D-Galactose|GALACTOSE-1P
reac_34	ASCORBATE|GLUTATHIONE|L-DEHYDRO-ASCORBATE|OXIDIZED-GLUTATHIONE
reac_340	ASCORBATE|CPD-330|Cytochromes-C|Cytochromes-C-Reduced
reac_341	GALACTOSE-1P|GLC-1-P|UDP-GALACTOSE|UDP-GLUCOSE
reac_342	ADP|ATP|CPD-501|D-GALACTURONATE
reac_343	DPG|GAP|NAD|NADH|Pi
reac_344	10-FORMYL-THF|5-P-RIBOSYL-N-FORMYLGLYCINEAMIDE|5-PHOSPHO-RIBOSYL-GLYCINEAMIDE|THF
reac_345	5-P-RIBOSYL-N-FORMYLGLYCINEAMIDE|5-PHOSPHO-RIBOSYL-GLYCINEAMIDE|ADP|ATP|FORMATE|Pi
reac_346	AMMONIA|CARBON-DIOXIDE|GLY|METHYLENE-THF|NAD|NADH|THF
reac_347	ADP|ATP|GDP|GTP
reac_348	GDP-4-DEHYDRO-6-DEOXY-D-MANNOSE|GDP-MANNOSE
reac_349	2-PG|ADP|ATP|GLYCERATE
reac_35	CPD-729|CPD-730|NADP|NADPH
reac_353	D-6-P-GLUCONO-DELTA-LACTONE|GLC-6-P|NADP|NADPH
reac_354	ADP-D-GLUCOSE|ATP|GLC-1-P|PPI
reac_355	GLC-1-P|PPI|UDP-GLUCOSE|UTP
reac_356	FRU|GLC
reac_357	ADP|ATP|GLC|GLC-6-P
reac_358	ADP|ATP|CPD-2961|GLUCONATE
reac_359	ACETYL-COA|CO-A|D-GLUCOSAMINE-6-P|N-ACETYL-D-GLUCOSAMINE-6-P
reac_36	D-SEDOHEPTULOSE-7-P|GAP|RIBOSE-5P|XYLULOSE-5-PHOSPHATE
reac_360	ALPHA-GLC-6-P|GLC-6-P
reac_361	ADP|ATP|CPD-510|GLUCURONATE
reac_362	CARBON-DIOXIDE|CROTONYL-COA|GLUTACONYL-COA
reac_363	2-KETOGLUTARATE|AMMONIA|GLT|NAD|NADH
reac_364	2-KETOGLUTARATE|AMMONIA|GLT|NADP|NADPH
reac_365	2-KETOGLUTARATE|AMMONIA|GLT|NAD|NADH
reac_366	ACETYL-GLU|GLT|L-ORNITHINE|N-ALPHA-ACETYLORNITHINE
reac_367	2-KETOGLUTARATE|GLN|GLT|Oxidized-ferredoxins|Reduced-ferredoxins
reac_368	2-KETOGLUTARATE|GLN|GLT|NAD|NADH
reac_369	AICAR|D-ERYTHRO-IMIDAZOLE-GLYCEROL-P|GLN|GLT|PHOSPHORIBULOSYL-FORMIMINO-AICAR-P
reac_37	2-KETOGLUTARATE|2K-ADIPATE|CPD-468|GLT
reac_370	AMMONIA|GLN|GLT
reac_371	ADP|AMMONIA|ATP|GLN|GLT|Pi
reac_372	FAD|FADH2|GLUTACONYL-COA|GLUTARYL-COA
reac_373	GLUTATHIONE|HYDROGEN-PEROXIDE|OXIDIZED-GLUTATHIONE
reac_374	GLUTATHIONE|NADP|NADPH|OXIDIZED-GLUTATHIONE
reac_375	ADP|ATP|GLUTATHIONE|GLY|L-GAMMA-GLUTAMYLCYSTEINE|Pi
reac_376	ADP|ATP|CYS|GLT|L-GAMMA-GLUTAMYLCYSTEINE|Pi
reac_377	4-AMINO-BUTYRATE|CARBON-DIOXIDE|GLT
reac_378	ADP|ATP|GLT|L-GLUTAMATE-5-P
reac_379	L-GLUTAMATE-5-P|L-GLUTAMATE_GAMMA-SEMIALDEHYDE|NADP|NADPH|Pi
reac_38	2-DEHYDROPANTOATE|L-PANTOATE|NADP|NADPH
reac_380	ADP|ATP|G3P|GLYCERATE
reac_381	DIHYDROXY-ACETONE-PHOSPHATE|GLYCEROL-3P|UBIQUINOL-8|UBIQUINONE-8
reac_382	GLYCERATE|NAD|NADH|OH-PYR
reac_383	ADP|ATP|GLYCEROL|GLYCEROL-3P
reac_384	ADP|ATP|DIHYDROXY-ACETONE-PHOSPHATE|DIHYDROXYACETONE
reac_385	2-KETOGLUTARATE|GLT|GLY|GLYOX
reac_386	1-4-alpha-D-Glucan|ADP|ADP-D-GLUCOSE
reac_387	GLYCOLALDEHYDE|GLYCOLLATE|NAD|NADH
reac_388	GLY|METHYLENE-THF|SER|THF
reac_389	GLUTATHIONE|METHYL-GLYOXAL|S-LACTOYL-GLUTATHIONE
reac_39	CPD-292|NADP|NADPH|PALMITALDEHYDE
reac_390	D-LACTATE|GLUTATHIONE|S-LACTOYL-GLUTATHIONE
reac_391	5-P-BETA-D-RIBOSYL-AMINE|5-PHOSPHO-RIBOSYL-GLYCINEAMIDE|ADP|ATP|GLY|Pi
reac_393	ADP|ATP|DGDP|DGMP
reac_394	AMP|ATP|GLN|GLT|GMP|PPI|XANTHOSINE-5-PHOSPHATE
reac_395	AMMONIA|AMP|ATP|GMP|PPI|XANTHOSINE-5-PHOSPHATE
reac_397	CPD-67|GLYCOLLATE|Pi
reac_398	CPD-4211|GERANYL-PP|PPI|delta(3)-isopentenyl-pp
reac_399	5-AMINO-LEVULINATE|GLUTAMATE-1-SEMIALDEHYDE
reac_4	MANNITOL|MANNOSE|NAD|NADH
reac_40	2-KETO-ISOVALERATE|3-CARBOXY-3-HYDROXY-ISOCAPROATE|ACETYL-COA|CO-A
reac_400	1-CHLORO-24-DINITROBENZENE|GLUTATHIONE|HCL|S-24-DINITROPHENYLGLUTATHIONE
reac_401	DIHYDRONEOPTERIN-P3|FORMATE|GTP
reac_402	DIAMINO-OH-PHOSPHORIBOSYLAMINO-PYR|FORMATE|GTP|PPI
reac_403	AMMONIA|GUANINE|XANTHINE
reac_404	AMMONIA|GUANOSINE|XANTHOSINE
reac_405	ADP|ATP|GMP|GUANOSINE
reac_406	GMP|GUANINE|PPI|PRPP
reac_407	ADP|ATP|GDP|GMP
reac_408	AMINO-OH-HYDROXYMETHYL-DIHYDROPTERIDINE|DIHYDRO-NEO-PTERIN|GLYCOLALDEHYDE
reac_409	DIHYDRONEOPTERIN-P|DIHYDRONEOPTERIN-P3|PPI
reac_41	2K-ADIPATE|CARBON-DIOXIDE|CO-A|GLUTARYL-COA|NAD|NADH
reac_410	AMINO-OH-HYDROXYMETHYL-DIHYDROPTERIDINE|AMP|ATP|DIHYDROPTERIN-CH2OH-PP
reac_411	7,8-dihydropteroate|DIHYDROPTERIN-CH2OH-PP|P-AMINO-BENZOATE|PPI
reac_412	FARNESYL-PP|HEME_O|PPI|PROTOHEME
reac_413	CARBON-DIOXIDE|CH33ADO|COPROPORPHYRINOGEN_III|MET|PROTOPORPHYRINOGEN|S-ADENOSYLMETHIONINE
reac_414	HIS|HISTIDINAL|NAD|NADH
reac_415	2-KETOGLUTARATE|GLT|IMIDAZOLE-ACETOL-P|L-HISTIDINOL-P
reac_416	PHOSPHORIBOSYL-AMP|PHOSPHORIBOSYL-FORMIMINO-AICAR-P
reac_417	HISTIDINOL|L-HISTIDINOL-P|Pi
reac_418	HISTIDINAL|HISTIDINOL|NAD|NADH
reac_419	PHOSPHORIBOSYL-AMP|PHOSPHORIBOSYL-ATP|PPI
reac_42	2-METHYL-BUTYRYL-COA|FAD|FADH2|TIGLYL-COA
reac_421	CPD-1301|CPD-1302|HOMO-CYS|MET
reac_422	5-METHYL-THF|HOMO-CYS|MET|THF
reac_423	ADENOSYL-HOMO-CYS|HOMO-CYS|MET|S-ADENOSYLMETHIONINE
reac_424	4-MALEYL-ACETOACETATE|HOMOGENTISATE|OXYGEN-MOLECULE
reac_425	HOMO-SER|L-ASPARTATE-SEMIALDEHYDE|NAD|NADH
reac_426	HOMO-SER|L-ASPARTATE-SEMIALDEHYDE|NADP|NADPH
reac_427	ADP|ATP|HOMO-SER|O-PHOSPHO-L-HOMOSERINE
reac_428	12-OXO-CIS-9-DODECENOATE|13-HYDROPEROXYOCTADECA-911-DIENOATE|HEXANAL
reac_429	CPD-59|EPOXYOCTA-CPD
reac_43	2-KETOGLUTARATE|CARBON-DIOXIDE|SUCCINATE-SEMIALDEHYDE-THIAMINE-PPI|THIAMINE-PYROPHOSPHATE
reac_430	3-HYDROXY-3-METHYL-GLUTARYL-COA|3-KETOBUTYRATE|ACETYL-COA
reac_431	3-HYDROXY-3-METHYL-GLUTARYL-COA|ACETOACETYL-COA|ACETYL-COA|CO-A
reac_432	FAD|FADH2|L-4-HYDROXY-PROLINE|PYRROLINE-HYDROXY-CARBOXYLATE
reac_433	L-ERYTHRO-4-HYDROXY-GLUTAMATE|NAD|NADH|PYRROLINE-HYDROXY-CARBOXYLATE
reac_434	GLYCERATE|NADP|NADPH|OH-PYR
reac_435	HYPOXANTHINE|IMP|PPI|PRPP
reac_436	CARBON-DIOXIDE|CO-A|ICOSANOYL-COA|MALONYL-COA|NAD|NADH|STEAROYL-COA
reac_437	CARBON-DIOXIDE|CO-A|ICOSANOYL-COA|MALONYL-COA|NADP|NADPH|STEAROYL-COA
reac_439	CARBON-DIOXIDE|CARBOXYPHENYLAMINO-DEOXYRIBULOSE-P|INDOLE-3-GLYCEROL-P
reac_44	ADENOSYL-HOMO-CYS|CPD-406|PHOSPHORYL-ETHANOLAMINE|S-ADENOSYLMETHIONINE
reac_441	D-ERYTHRO-IMIDAZOLE-GLYCEROL-P|IMIDAZOLE-ACETOL-P
reac_442	IMP|NAD|NADH|XANTHOSINE-5-PHOSPHATE
reac_443	IMP|PHOSPHORIBOSYL-FORMAMIDO-CARBOXAMIDE
reac_444	HYDROGEN-PEROXIDE|INDOLE_ACETALDEHYDE|INDOLE_ACETATE_AUXIN|OXYGEN-MOLECULE
reac_445	PPI|Pi
reac_446	HYPOXANTHINE|INOSINE|RIBOSE
reac_447	ADP|ATP|IMP|INOSINE
reac_448	CPD-4211|delta(3)-isopentenyl-pp
reac_449	GLYOX|SUC|threo-d(s)-iso-citrate
reac_45	3-HEXAPRENYL-4-HYDROXY-5-METHOXYBENZOATE|3-HEXAPRENYL-45-DIHYDROXYBENZOATE|ADENOSYL-HOMO-CYS|S-ADENOSYLMETHIONINE
reac_450	3-METHYL-CROTONYL-COA|FAD|FADH2|ISOVALERYL-COA
reac_451	HYDROXY-METHYL-BUTENYL-DIP|NAD|NADH|delta(3)-isopentenyl-pp
reac_452	HYDROXY-METHYL-BUTENYL-DIP|NADP|NADPH|delta(3)-isopentenyl-pp
reac_454	KDO|KDO-8P|Pi
reac_455	ARABINOSE-5P|KDO-8P|PHOSPHO-ENOL-PYRUVATE|Pi
reac_456	CMP|CMP-KDO|KDO-LIPID-IVA|LIPID-IV-A
reac_457	CMP|CMP-KDO|KDO-LIPID-IVA|KDO2-LIPID-IVA
reac_458	3-KETOLACTOSE|CPD-1242|GLC
reac_459	CPD-603|CYS|HCN|HS
reac_46	ADENOSYL-HOMO-CYS|S-ADENOSYLMETHIONINE|S-COCLAURINE|S-N-METHYLCOCLAURINE
reac_461	ADP|ATP|CPD-1825|L-ARABINOSE
reac_462	ASCORBATE|L-DEHYDRO-ASCORBATE|OXYGEN-MOLECULE
reac_463	ASCORBATE|HYDROGEN-PEROXIDE|L-DEHYDRO-ASCORBATE
reac_464	HYDROGEN-PEROXIDE|IMINOASPARTATE|L-ASPARTATE|OXYGEN-MOLECULE
reac_465	AMMONIA|HYDROGEN-PEROXIDE|L-ASPARTATE|OXALACETIC_ACID|OXYGEN-MOLECULE
reac_467	D-GLUCOSAMINE-6-P|FRUCTOSE-6P|GLN|GLT
reac_468	L-LACTATE|NAD|NADH|PYRUVATE
reac_47	ADENOSYL-HOMO-CYS|CPD-4101|CPD-4124|S-ADENOSYLMETHIONINE
reac_470	BENZOSEMIQUINONE|CATECHOL|OXYGEN-MOLECULE
reac_471	L-LACTATE|LACTALD|NAD|NADH
reac_472	EPOXYSQUALENE|LANOSTEROL
reac_473	2-KETOGLUTARATE|CARBON-DIOXIDE|LEUCOPELARGONIDIN-CMPD|OXYGEN-MOLECULE|PELARGONIDIN-CMPD|SUC
reac_475	BISOHMYR-GLC|BISOHMYR-GLUCOSAMINYL-1P|OH-MYRISTOYL|UDP
reac_476	BISOHMYR-GLUCOSAMINYL-1P|OH-MYRISTOYL|UMP
reac_477	13-HYDROPEROXYOCTADECA-911-DIENOATE|LINOLEIC_ACID|OXYGEN-MOLECULE
reac_478	AMINO-RIBOSYLAMINO-1H-3H-PYR-DIONE|DIHYDROXY-BUTANONE-P|DIMETHYL-D-RIBITYL-LUMAZINE|OXYGEN-MOLECULE|Pi
reac_479	CADAVERINE|CARBON-DIOXIDE|LYS
reac_48	5-METHYL-THF|CPD-7670|THF|TRIMETHYLSULFONIUM
reac_481	4-FUMARYL-ACETOACETATE|4-MALEYL-ACETOACETATE
reac_482	CARBON-DIOXIDE|MAL|NADP|NADPH|PYRUVATE
reac_483	ACETYL-COA|CARBON-DIOXIDE|MALONYL-COA
reac_484	ACETYL-COA|CO-A|GLYOX|MAL
reac_485	1-4-alpha-D-Glucan|ALPHA-GLUCOSE|WATER
reac_486	BENZALDEHYDE|HCN|MANDELONITRILE
reac_487	GDP|GDP-MANNOSE|MANNOSE-1P|Pi
reac_488	FRUCTOSE-6P|MANNOSE-6P
reac_489	FAD|FADH2|ISOBUTYRYL-COA|METHACRYLYL-COA
reac_49	ADENOSYL-HOMO-CYS|CPD-7158|S-ADENOSYLMETHIONINE|UBIQUINONE-9
reac_490	3-MERCAPTO-PYRUVATE|HCN|HSCN|PYRUVATE
reac_491	10-FORMYL-THF|5,10-methenyl-thf
reac_492	2-OXOBUTANOATE|AMMONIA|CPD-7671|MET
reac_493	ADENOSYL-HOMO-CYS|CPD-397|MET|S-ADENOSYLMETHIONINE
reac_494	2-METHYL-ACETO-ACETYL-COA|ACETYL-COA|CO-A|PROPIONYL-COA
reac_495	3-HYDROXY-ISOBUTYRYL-COA|METHACRYLYL-COA
reac_496	3-METHYL-CROTONYL-COA|ADP|ATP|HCO3|Pi|TRANS-3-METHYL-GLUTACONYL-COA
reac_497	5,10-methenyl-thf|METHYLENE-THF|NADP|NADPH
reac_498	3-HYDROXY-3-METHYL-GLUTARYL-COA|TRANS-3-METHYL-GLUTACONYL-COA
reac_499	5-METHYLTHIOADENOSINE|ADENINE|CPD-560
reac_5	GDP-4-DEHYDRO-6-DEOXY-D-MANNOSE|GUANOSINE_DIPHOSPHATE_FUCOSE|NADP|NADPH
reac_50	1-O-SINAPOYL-BETA-D-GLUCOSE|12-BIS-O-SINAPOYL-BETA-D-GLUCOSIDE|GLC
reac_501	ADP|ATP|CPD-499|MEVALONATE
reac_502	CPD-397|HOMO-CYS|MET
reac_503	1-L-MYO-INOSITOL-1-P|ADP|ATP|MYO-INOSITOL
reac_504	1-L-MYO-INOSITOL-1-P|GLC-6-P
reac_505	GLUCURONATE|MYO-INOSITOL|OXYGEN-MOLECULE
reac_508	CPD-469|N-ACETYL-GLUTAMYL-P|NADP|NADPH|Pi
reac_509	ACETYL-COA|ACETYL-GLU|CO-A|GLT
reac_51	CO-A|COUMARYL-COA|CPD-412|SHIKIMATE
reac_510	AMMONIA|CARBON-DIOXIDE|CPD-597|PUTRESCINE
reac_511	ADP|ATP|NAD|NADP
reac_512	AMMONIA|AMP|ATP|DEAMIDO-NAD|NAD|PPI
reac_513	NAD|NADH|UBIQUINOL-8|UBIQUINONE-8
reac_514	NAD|NADH|Ubiquinols|Ubiquinones
reac_515	ADP|ATP|NADH|NADPH
reac_517	NAD|NADP|Pi
reac_518	AMP|NAD|NICOTINAMIDE_NUCLEOTIDE
reac_519	N-ACETYL-D-GLUCOSAMINE-1-P|PPI|UDP-N-ACETYL-D-GLUCOSAMINE|UTP
reac_52	1-O-SINAPOYL-BETA-D-GLUCOSE|CHOLINE|GLC|O-SINAPOYLCHOLINE
reac_520	CO-A|DIHYDROXYNAPHTHOATE|O-SUCCINYLBENZOYL-COA
reac_521	2-KETOGLUTARATE|CARBON-DIOXIDE|DIHYDROKAEMPFEROL-CMPD|NARINGENIN-CMPD|OXYGEN-MOLECULE|SUC
reac_522	APIGENIN|CARBON-DIOXIDE|CO-A|COUMARYL-COA|MALONYL-COA
reac_524	ATP|DEAMIDO-NAD|NICOTINATE_NUCLEOTIDE|PPI
reac_525	AMMONIA|NIACINAMIDE|NIACINE
reac_526	NIACINE|NICOTINATE_NUCLEOTIDE|PPI|PRPP
reac_527	NAD|NADH|NITRATE|NITRITE
reac_528	ARG|L-CITRULLINE|NADP|NADPH|NITRIC-OXIDE|OXYGEN-MOLECULE
reac_529	NIACINAMIDE|NICOTINAMIDE_NUCLEOTIDE|RIBOSE-5P
reac_53	1-O-SINAPOYL-BETA-D-GLUCOSE|GLC|MAL|SINAPOYL-S-MALATE
reac_531	CYS|L-CYSTATHIONINE|O-SUCCINYL-L-HOMOSERINE|SUC
reac_532	O-SUCCINYLBENZOATE|SUCCINYL-OH-CYCLOHEXADIENE-COOH
reac_535	CARBON-MONOXIDE|CPD-55|HEPTADECANE-CPD
reac_536	AMMONIA|HYDROXYMETHYLBILANE|PORPHOBILINOGEN
reac_537	ADP|AMINO-HYDROXYMETHYL-METHYL-PYR-P|ATP|HMP
reac_538	CARBAMOYL-P|L-CITRULLINE|L-ORNITHINE|Pi
reac_539	2-KETOGLUTARATE|GLT|L-GLUTAMATE_GAMMA-SEMIALDEHYDE|L-ORNITHINE
reac_54	CONIFERYL-ALCOHOL|CPD-1777|UDP|UDP-GLUCOSE
reac_540	OROTATE|OROTIDINE-5-PHOSPHATE|PPI|PRPP
reac_541	CARBON-DIOXIDE|OROTIDINE-5-PHOSPHATE|UMP
reac_542	CARBON-DIOXIDE|PANTETHEINE-P|R-4-PHOSPHOPANTOTHENOYL-L-CYSTEINE
reac_543	4-P-PANTOTHENATE|CMP|CTP|CYS|PPI|R-4-PHOSPHOPANTOTHENOYL-L-CYSTEINE
reac_544	4-AMINO-4-DEOXYCHORISMATE|CHORISMATE|GLN|GLT
reac_545	ATP|DEPHOSPHO-COA|PANTETHEINE-P|PPI
reac_546	AMP|ATP|B-ALANINE|L-PANTOATE|PANTOTHENATE|PPI
reac_547	4-P-PANTOTHENATE|ADP|ATP|PANTOTHENATE
reac_548	PELARGONIDIN-3-GLUCOSIDE-CMPD|PELARGONIDIN-CMPD|UDP|UDP-GLUCOSE
reac_549	CARBON-DIOXIDE|OXALACETIC_ACID|PHOSPHO-ENOL-PYRUVATE|Pi
reac_55	2-COUMARATE|CPD-459|UDP|UDP-GLUCOSE
reac_550	ADP|ATP|CARBON-DIOXIDE|OXALACETIC_ACID|PHOSPHO-ENOL-PYRUVATE
reac_551	ADP|ATP|PHOSPHO-ENOL-PYRUVATE|PYRUVATE
reac_552	FRUCTOSE-6P|GLC-6-P
reac_553	3-P-HYDROXYPYRUVATE|G3P|NAD|NADH
reac_554	2-KETOGLUTARATE|GLT|PHE|PHENYL-PYRUVATE
reac_555	AMMONIA|CPD-674|PHE
reac_557	N-ACETYL-D-GLUCOSAMINE-1-P|N-ACETYL-D-GLUCOSAMINE-6-P
reac_558	ADP|ATP|DPG|G3P
reac_559	MANNOSE-1P|MANNOSE-6P
reac_56	CPD-166|DOLICHOLP|UDP|UDP-GLUCOSE
reac_560	ALPHA-GLC-6-P|GLC-1-P
reac_561	ADP|ATP|CPD-499|CPD-641
reac_562	ADP|ATP|RIBULOSE-5P|d-ribulose-1,5-p_{2}
reac_563	1-4-alpha-D-Glucan|GLC-1-P|Pi
reac_564	AMMONIA|HYDROGEN-PEROXIDE|OXYGEN-MOLECULE|PYRIDOXAL_PHOSPHATE|PYRIDOXAMINE-5P
reac_565	ADP|ATP|PYRIDOXINE|PYRIDOXINE-5P
reac_566	HYDROGEN-PEROXIDE|OXYGEN-MOLECULE|PYRIDOXAL_PHOSPHATE|PYRIDOXINE-5P
reac_567	3-AMINO-PROPANAL|CPD-568|HYDROGEN-PEROXIDE|N1-ACETYLSPERMINE|OXYGEN-MOLECULE
reac_568	5-AMINO-LEVULINATE|PORPHOBILINOGEN
reac_569	RIBOSE-1P|RIBOSE-5P
reac_57	CPD-1102|INDOLE_ACETATE_AUXIN|UDP|UDP-GLUCOSE
reac_570	CARBOXYPHENYLAMINO-DEOXYRIBULOSE-P|N-(5-PHOSPHORIBOSYL)-ANTHRANILATE
reac_571	CARBON-DIOXIDE|NADP|NADPH|P-HYDROXY-PHENYLPYRUVATE|PREPHENATE
reac_572	2-KETOGLUTARATE|CPD-659|GLT|PREPHENATE
reac_573	CARBON-DIOXIDE|NAD|NADH|P-HYDROXY-PHENYLPYRUVATE|PREPHENATE
reac_574	PHOSPHORIBOSYL-FORMIMINO-AICAR-P|PHOSPHORIBULOSYL-FORMIMINO-AICAR-P
reac_575	ADP|ATP|GLT|L-GLUTAMATE_GAMMA-SEMIALDEHYDE|NADP|NADPH|Pi
reac_576	ACRYLYL-COA|FAD|FADH2|PROPIONYL-COA
reac_577	AMP|ATP|CO-A|PPI|PROPIONATE|PROPIONYL-COA
reac_578	CHLOROPHYLLIDE-A|MONO-VINYL-PROTOCHLOROPHYLLIDE-A|NADP|NADPH
reac_579	FE+2|PROTOHEME|PROTOPORPHYRIN_IX
reac_58	CPD-458|MYO-INOSITOL|UDP|UDP-GALACTOSE
reac_580	OXYGEN-MOLECULE|PROTOPORPHYRINOGEN|PROTOPORPHYRIN_IX
reac_582	5-P-BETA-D-RIBOSYL-AMINE|GLN|GLT|PPI|PRPP
reac_583	AMP|ATP|PRPP|RIBOSE-5P
reac_584	ANTHRANILATE|N-(5-PHOSPHORIBOSYL)-ANTHRANILATE|PPI|PRPP
reac_585	2-KETOGLUTARATE|3-P-HYDROXYPYRUVATE|3-P-SERINE|GLT
reac_586	PSEUDOURIDINE-5-P|RIBOSE-5P|URACIL
reac_587	ADP|ATP|PYRIDOXAMINE|PYRIDOXAMINE-5P
reac_588	ADP|ATP|PYRIDOXAL|PYRIDOXAL_PHOSPHATE
reac_589	ADP|AMINO-HYDROXYMETHYL-METHYL-PYR-P|AMINO-HYDROXYMETHYL-METHYLPYRIMIDINE-PP|ATP
reac_59	CPD-190|NN-DIACETYLCHITOBIOSYLDIPHOSPHODOLICHO|UDP|UDP-N-ACETYL-D-GLUCOSAMINE
reac_590	NAD|NADH|NADP|NADPH
reac_591	NAD|NADH|PRO|l-delta(1)-pyrroline_5-carboxylate
reac_592	NADP|NADPH|PRO|l-delta(1)-pyrroline_5-carboxylate
reac_593	AMP|ATP|PHOSPHO-ENOL-PYRUVATE|PPI|PYRUVATE|Pi
reac_597	3457-TETRAHYDROXY-3-METHOXYFLAVONE|35734-PENTAHYDROXYFLAVONE|ADENOSYL-HOMO-CYS|S-ADENOSYLMETHIONINE
reac_598	DIHYDROXY-ACETONE-PHOSPHATE|IMINOASPARTATE|Pi|QUINOLINATE
reac_599	DIHYDROXY-ACETONE-PHOSPHATE|HYDROGEN-PEROXIDE|L-ASPARTATE|OXYGEN-MOLECULE|Pi|QUINOLINATE
reac_6	CPD-692|CPD1F-92|NAD|NADH
reac_60	ALPHA-D-MANNOSYLCHITOBIO|GDP|GDP-MANNOSE|NN-DIACETYLCHITOBIOSYLDIPHOSPHODOLICHO
reac_600	CARBON-DIOXIDE|NICOTINATE_NUCLEOTIDE|PPI|PRPP|QUINOLINATE
reac_601	CPD-1063|CPD-84
reac_602	CPD-479|CPD-85|FORMATE|OXYGEN-MOLECULE
reac_603	CPD-195|CPD-371|NAD|NADH
reac_604	AMP|ATP|CO-A|CPD-195|OCTANOYL-COA|PPI
reac_605	ACRYLATE|ACRYLONITRILE|AMMONIA
reac_606	ACRYLAMIDE|ACRYLONITRILE
reac_607	ACRYLAMIDE|ACRYLATE|AMMONIA
reac_608	3-CYANOPYRIDINE|EPYRIDALDOX
reac_609	3-CYANOPYRIDINE|NIACINAMIDE
reac_61	GDP|GUANOSINE_DIPHOSPHATE_FUCOSE|N4-N-ACETYL-BETA-D-GLUCOSAMINYL-12|N4-N-ACETYL-BETA-D-GLUCOSAMINYL-F
reac_610	CARBAMATE|CARBON-DIOXIDE|CPD-69|HCO3
reac_611	2-HYDROXY-3-KETO-5-METHYLTHIO-1-PHOSPHOP|CPD-84
reac_612	2-HYDROXY-3-KETO-5-METHYLTHIO-1-PHOSPHOP|CPD-85|Pi
reac_613	CPD-650|CROTONYL-COA
reac_614	RIBOSE-5P|RIBULOSE-5P
reac_615	AMINO-RIBOSYLAMINO-1H-3H-PYR-DIONE|DIMETHYL-D-RIBITYL-LUMAZINE|RIBOFLAVIN
reac_616	ADP|ATP|FMN|RIBOFLAVIN
reac_617	AMMONIA|CPD-602|DIAMINO-OH-PHOSPHORIBOSYLAMINO-PYR
reac_618	CPD-1086|CPD-602|NADP|NADPH
reac_619	ADP|ATP|RIBOSE|RIBOSE-5P
reac_62	CPD-1099|CPD-170|CPD-458|MYO-INOSITOL
reac_620	AMINO-RIBOSYLAMINO-1H-3H-PYR-DIONE|CPD-1086|Pi
reac_621	CARBON-DIOXIDE|G3P|d-ribulose-1,5-p_{2}
reac_622	RIBULOSE-5P|XYLULOSE-5-PHOSPHATE
reac_623	AMP|ATP|CANAVANINOSUCCINATE|L-ASPARTATE|O-UREIDOHOMOSERINE|PPI
reac_624	16-HYDROXYPALMITATE|NADP|NADPH|OXYGEN-MOLECULE|PALMITATE
reac_625	16-HYDROXYPALMITATE|9--OR-1016-DIHYDROXYPALMITATE|NADP|NADPH|OXYGEN-MOLECULE
reac_626	18-HYDROXYOLEATE|NADP|NADPH|OLEATE-CPD|OXYGEN-MOLECULE
reac_627	18-HYDROXYOLEATE|910-EPOXY-18-HYDROXYSTEARATE|NADP|NADPH|OXYGEN-MOLECULE
reac_628	910-EPOXY-18-HYDROXYSTEARATE|91018-TRIHYDROXYSTEARATE
reac_629	CO-A|COUMARALDEHYDE|COUMARYL-COA|NADP|NADPH
reac_63	CPD-1099|CPD-458|MYO-INOSITOL|SUCROSE
reac_630	COUMARALDEHYDE|COUMARYL-ALCOHOL|NADP|NADPH
reac_631	CAFFEATE|COUMARATE|NADP|NADPH|OXYGEN-MOLECULE
reac_632	ADENOSYL-HOMO-CYS|CAFFEATE|FERULIC-ACID|S-ADENOSYLMETHIONINE
reac_633	AMP|ATP|CO-A|FERULIC-ACID|FERULOYL-COA|PPI
reac_634	CO-A|CONIFERYL-ALDEHYDE|FERULOYL-COA|NADP|NADPH
reac_635	CPD-90|EPOXYSQUALENE
reac_636	5-HYDROXY-FERULIC-ACID|FERULIC-ACID|NADP|NADPH|OXYGEN-MOLECULE
reac_637	NADP|NADPH|SINAPALDEHYDE|SINAPYL-ALCOHOL
reac_638	AMP|ATP|CAFFEATE|CAFFEOYL-COA|CO-A|PPI
reac_639	2-KETOGLUTARATE|CARBON-DIOXIDE|CPD-236|CPD1F-140|OXYGEN-MOLECULE|SUC
reac_64	CPD-171|DOLICHOLP|GDP|GDP-MANNOSE
reac_640	2-KETOGLUTARATE|CARBON-DIOXIDE|CPD-236|CPD-251|OXYGEN-MOLECULE|SUC
reac_641	5-HYDROXY-CONIFERALDEHYDE|CONIFERYL-ALDEHYDE|NADP|NADPH|OXYGEN-MOLECULE
reac_642	5-HYDROXY-CONIFERALDEHYDE|ADENOSYL-HOMO-CYS|S-ADENOSYLMETHIONINE|SINAPALDEHYDE
reac_643	2-KETOGLUTARATE|CARBON-DIOXIDE|CPD-204|CPD1F-139|OXYGEN-MOLECULE|SUC
reac_644	AMMONIA|NITRITE|Oxidized-ferredoxins|Reduced-ferredoxins
reac_645	2-KETOGLUTARATE|CARBON-DIOXIDE|CPD-204|CPD-229|OXYGEN-MOLECULE|SUC
reac_646	SO3|UDP-GLUCOSE|UDP-SULFOQUINOVOSE
reac_647	CONIFERYL-ALDEHYDE|FERULIC-ACID|NAD|NADH
reac_648	CONIFERYL-ALDEHYDE|FERULIC-ACID|NADP|NADPH
reac_649	CPD-725|LINOLENIC_ACID|OXYGEN-MOLECULE
reac_65	N4-N-ACETYL-BETA-D-GLUCOSAMINYL-12|N4-N-ACETYL-BETA-D-GLUCOSAMINYL-X|UDP|UDP-D-XYLOSE
reac_650	12-OXO-CIS-9-DODECENOATE|CIS-3-HEXENAL|CPD-725
reac_651	CIS-3-HEXENAL|TRANS-2-HEXENAL
reac_652	CIS-3-HEXENAL|CIS-3-HEXENOL
reac_653	TRANS-2-HEXENAL|TRANS-2-HEXENOL
reac_654	12-OXO-CIS-9-DODECENOATE|12-OXO-TRANS-10-DODECENOATE
reac_655	AMMONIA|HYDROGEN-PEROXIDE|INDOLE_ACETALDEHYDE|OXYGEN-MOLECULE|TRYPTAMINE
reac_656	CARBON-DIOXIDE|INDOLE-3-ACETALDOXIME|NADP|NADPH|OXYGEN-MOLECULE|TRP
reac_657	INDOLE-3-ACETALDOXIME|INDOLEYL-CPD
reac_658	AMMONIA|INDOLEYL-CPD|INDOLE_ACETATE_AUXIN
reac_659	N-HYDROXYL-TRYPTAMINE|NADP|NADPH|OXYGEN-MOLECULE|TRYPTAMINE
reac_66	3-ENOLPYRUVYL-SHIKIMATE-5P|PHOSPHO-ENOL-PYRUVATE|Pi|SHIKIMATE-5P
reac_660	INDOLE-3-ACETALDOXIME|N-HYDROXYL-TRYPTAMINE
reac_661	GLYCEROL-3P|INDOLE|INDOLE-3-GLYCEROL-P
reac_662	ACET|INDOLE|INDOLE_ACETATE_AUXIN
reac_663	CPD-1861|CPD-1862|UDP|UDP-GLUCOSE
reac_664	CPD-1862|CPD-1863|PAP|PAPS
reac_665	CPD-1863|CPD-1881|GLC
reac_666	ALPHA-GLUCOSE|FRU|SUCROSE
reac_667	CPD-1962|LEUCOPELARGONIDIN-CMPD|NADP|NADPH
reac_668	CPD-1961|CPD-590|NADP|NADPH
reac_669	CPD-1961|CPD-1962|CPD-1981
reac_67	CPD-465|FARNESYL-PP|PPI
reac_670	ADP|ALPHA-GLC-6-P|ALPHA-GLUCOSE|ATP
reac_671	2-KETOGLUTARATE|CARBON-DIOXIDE|CPD-482|CPD1F-134|OXYGEN-MOLECULE|SUC
reac_672	2-KETOGLUTARATE|CARBON-DIOXIDE|CPD-482|CPD-498|OXYGEN-MOLECULE|SUC
reac_673	CPD-2183|CPD-2184
reac_674	CPD-2184|CPD-2185
reac_675	CPD-2185|CPD-2186
reac_676	CPD-2187|CPD-2188
reac_677	1-4-alpha-D-Glucan|ALPHA-MALTOSE|WATER
reac_678	GDP-L-GALACTOSE|GDP-MANNOSE
reac_679	CPD-330|L-GALACTOSE|NAD|NADH
reac_68	CPD-464|GERANYLGERANYL-PP|PPI
reac_680	CPD-110|ISOCHORISMATE|PYRUVATE
reac_681	CINNAMOYL-COA|CO-A|CPD-674
reac_682	CINNAMOYL-COA|HYDROXYCINNAMOYL-COA
reac_683	HYDROXYCINNAMOYL-COA|NADP|NADPH|OXOCINNAMOYL-COA
reac_684	BENZOATE|BENZOYLCOA|CO-A
reac_685	ACETYL-COA|BENZOYLCOA|CO-A|OXOCINNAMOYL-COA
reac_686	BENZOATE|CPD-110|NADP|NADPH|OXYGEN-MOLECULE
reac_687	BENZOYLCOA|SALICYLOYL-COA
reac_688	CO-A|CPD-110|SALICYLOYL-COA
reac_689	18-HYDROXYOLEATE|18-OXOOLEATE|NADP|NADPH
reac_69	5-METHYLTHIOADENOSINE|CPD-463|S-ADENOSYLMETHIONINE
reac_690	18-OXOOLEATE|NADP|NADPH|OCTADEC-9-ENE-118-DIOIC-ACID
reac_691	ALPHA-GLUCOSE|ALPHA-MALTOSE
reac_692	4-HYDROXY-3-INDOLYLMETHYL-GLUCOSINOLATE|CPD-1863
reac_693	2-2-METHYLTHIOETHYLMALIC-ACID|ACETYL-COA|CO-A|CPD-479
reac_694	2-2-METHYLTHIOETHYLMALIC-ACID|3-2-METHYLTHIOETHYLMALIC-ACID
reac_695	2-OXO-5-METHYLTHIOPENTANOIC-ACID|3-2-METHYLTHIOETHYLMALIC-ACID|CARBON-DIOXIDE
reac_696	3-METHYLTHIOPROPANALDOXIME|CARBON-DIOXIDE|HOMOMETHIONINE|NADP|NADPH|OXYGEN-MOLECULE
reac_697	3-METHYLTHIOPROPYL-DESULFO-GLUCOSINOLATE|3-METHYLTHIOPROPYLHYDROXAMIC-ACID|UDP|UDP-GLUCOSE
reac_698	3-METHYLTHIOPROPYL-DESULFO-GLUCOSINOLATE|3-METHYLTHIOPROPYL-GLUCOSINOLATE|PAP|PAPS
reac_699	3-METHYLSULFINYLPROPYL-GLUCOSINOLATE|3-METHYLTHIOPROPYL-GLUCOSINOLATE
reac_7	3-HYDROXY-3-METHYL-GLUTARYL-COA|CO-A|MEVALONATE|NADP|NADPH
reac_70	B-ALANINE|L-ALPHA-ALANINE|MALONATE-S-ALD|PYRUVATE
reac_700	3-BENZOYLOXYPROPYL-GLUCOSINOLATE|3-HYDROXYPROPYL-GLUCOSINOLATE|BENZOYLCOA|CO-A
reac_701	CARBON-DIOXIDE|HOMOGENTISATE|MPBQ|PHYTYL-PYROPHOSPHATE|PPI
reac_702	ADENOSYL-HOMO-CYS|DMPBQ|MPBQ|S-ADENOSYLMETHIONINE
reac_703	DMPBQ|GAMA-TOCOPHEROL
reac_704	DELTA-TOCOPHEROL|MPBQ
reac_705	ADENOSYL-HOMO-CYS|BETA-TOCOPHEROL|DELTA-TOCOPHEROL|S-ADENOSYLMETHIONINE
reac_706	CAFFEOYLSHIKIMATE|CPD-412|NADP|NADPH|OXYGEN-MOLECULE
reac_707	4-COUMAROYLQUINATE|CAFFEOYLQUINATE|NADP|NADPH|OXYGEN-MOLECULE
reac_708	4-COUMAROYLQUINATE|CO-A|COUMARYL-COA|QUINATE
reac_709	CONIFERYL-ALCOHOL|CONIFERYL-ALDEHYDE|NADP|NADPH
reac_71	ADP|ATP|CPD-505|INOSITOL-1-3-4-TRIPHOSPHATE
reac_710	CAFFEOYL-COA|CAFFEOYLSHIKIMATE|CO-A|SHIKIMATE
reac_711	CAFFEOYL-COA|CAFFEOYLQUINATE|CO-A|QUINATE
reac_712	2-METHYL-6-SOLANYL-14-BENZOQUINONE|CARBON-DIOXIDE|HOMOGENTISATE|PPI|SOLANYL-PYROPHOSPHATE
reac_713	2-METHYL-6-SOLANYL-14-BENZOQUINONE|ADENOSYL-HOMO-CYS|PLASTOQUINONE-9|S-ADENOSYLMETHIONINE
reac_714	2-KETOGLUTARATE|CARBON-DIOXIDE|CPD-6224|CPD-632|OXYGEN-MOLECULE|SUC
reac_715	INDOLE-3-ACETYL-ALA|INDOLE_ACETATE_AUXIN|L-ALPHA-ALANINE
reac_716	INDOLE-3-ACETYL-LEU|INDOLE_ACETATE_AUXIN|LEU
reac_717	INDOLE-3-ACETYL-ASP|INDOLE_ACETATE_AUXIN|L-ASPARTATE
reac_718	GLT|INDOLE-3-ACETYL-GLU|INDOLE_ACETATE_AUXIN
reac_719	GLN|INDOLE-3-ACETYL-GLN|INDOLE_ACETATE_AUXIN
reac_72	ADP|ATP|CPD-1107|CPD-178
reac_720	FORMALDEHYDE|GLUTATHIONE|S-HYDROXYMETHYLGLUTATHIONE
reac_721	CPD-548|NAD|NADH|S-HYDROXYMETHYLGLUTATHIONE
reac_722	CPD-548|NADP|NADPH|S-HYDROXYMETHYLGLUTATHIONE
reac_723	INDOLE-3-ACETYL-ALA|INDOLE_ACETATE_AUXIN|L-ALPHA-ALANINE
reac_724	INDOLE-3-ACETYL-LEU|INDOLE_ACETATE_AUXIN|LEU
reac_725	CPD-501|PPI|UDP-D-GALACTURONATE|UTP
reac_726	CPD1F-131|CPD1F-133|NADP|NADPH|OXYGEN-MOLECULE
reac_727	CARBON-DIOXIDE|CO-A|COUMARYL-COA|CPD-3041|MALONYL-COA|NADP|NADPH
reac_728	CPD-3041|CPD-3061
reac_729	CPD1F-130|CPD1F-131|NADP|NADPH|OXYGEN-MOLECULE
reac_73	ADP|ATP|CPD-506|INOSITOL-1-3-4-TRIPHOSPHATE
reac_730	5-HYDROXY-FERULIC-ACID|ADENOSYL-HOMO-CYS|S-ADENOSYLMETHIONINE|SINAPATE
reac_731	ASCORBATE|CPD-318|HYDROGEN-PEROXIDE
reac_732	ASCORBATE|CPD-318|NADP|NADPH
reac_733	ASCORBATE|CPD-318|L-DEHYDRO-ASCORBATE
reac_734	ASCORBATE|CPD-318|OXYGEN-MOLECULE
reac_735	ADENOSYL-HOMO-CYS|CPD-696|CYCLOARTENOL|S-ADENOSYLMETHIONINE
reac_736	ALPHA-METHYL-5-ALPHA-ERGOSTA|CPD-4081|NADP|NADPH
reac_737	CPD-4081|CPD-4101
reac_738	CPD-4125|CPD-4126
reac_739	CPD-4126|CPD-4127|NADP|NADPH
reac_74	ADP|ATP|CPD-1107|CPD-505
reac_740	CPD-4127|CPD-4142
reac_741	CPD-4141|CPD-706
reac_742	CPD-4142|CPD-4143
reac_743	CPD-3943|CPD-707|NADP|NADPH|OXYGEN-MOLECULE
reac_744	CPD-3943|CPD-3945
reac_745	CPD-3946|CPD-712
reac_746	CPD-3945|CPD-3946|NADP|NADPH
reac_747	CPD-3946|CPD-709|NADP|NADPH|OXYGEN-MOLECULE
reac_748	CPD-3945|CPD-698|NADP|NADPH|OXYGEN-MOLECULE
reac_749	CPD-719|CPD-720|OXYGEN-MOLECULE
reac_75	2-PHOSPHO-4-CYTIDINE-5-DIPHOSPHO-2-C-MET|4-CYTIDINE-5-DIPHOSPHO-2-C|ADP|ATP
reac_750	CPD-707|CPD-8135|NADP|NADPH
reac_751	CPD-4143|CPD-4162|NADP|NADPH
reac_752	CPD-3941|CPD-707|NAD|NADH
reac_753	CPD-3941|CPD-698
reac_754	CPD-698|CPD-707|NAD|NADH
reac_755	CPD-698|CPD-707|NADP|NADPH
reac_756	ATP|CPD-4201|CPD-4211|PPI
reac_757	CPD-4201|CPD-4202|NADP|NADPH
reac_758	ADP|CPD-4203|CPD-4211|PPI
reac_759	CPD-4203|CPD-4204|NADP|NADPH
reac_76	ADP|ATP|INOSITOL-1456-TETRAKISPHOSPHATE|inositol_1,4,5-trisphosphate
reac_760	AMP|CPD-4205|CPD-4211|PPI
reac_761	CPD-4205|CPD-4206|NADP|NADPH
reac_762	CPD-4201|CPD-4203|Pi
reac_763	CPD-4202|CPD-4204|Pi
reac_764	CPD-4203|CPD-4205|Pi
reac_765	CPD-4204|CPD-4206|Pi
reac_766	CPD-4205|CPD-4207|Pi
reac_767	CPD-4206|CPD-4208|Pi
reac_768	CPD-4207|CPD-4209|RIBOSE
reac_769	CPD-4207|CPD-4208
reac_77	FRUCTOSE-16-DIPHOSPHATE|FRUCTOSE-6P|PPI|Pi
reac_770	CPD-4209|CPD-4210
reac_771	CPD-4208|CPD-4210|RIBOSE
reac_772	CPD-4441|CPD-4442|RIBOSE
reac_773	CPD-4442|CPD-4443|Pi
reac_774	CARBON-DIOXIDE|NADP|NADPH|OXYGEN-MOLECULE|PHE|PHENYLACETALDOXIME
reac_775	BENZYL-DESULFOGLUCOSINOLATE|PHENYLACETOTHIOHYDROXIMATE|UDP|UDP-GLUCOSE
reac_776	BENZYL-DESULFOGLUCOSINOLATE|BENZYL-GLUCOSINOLATE|PAP|PAPS
reac_777	ADENINE|CPD-4209|FAD|FADH2|PRENAL
reac_778	ADENOSINE|CPD-4207|FAD|FADH2|PRENAL
reac_779	ADENINE|CPD-4210|CPD-4483|FAD|FADH2
reac_78	ATP|NAD|NICOTINAMIDE_NUCLEOTIDE|PPI
reac_780	ADENINE|CPD-4441|CPD-4482|FAD|FADH2
reac_781	ADENOSINE|CPD-4208|CPD-4483|FAD|FADH2
reac_782	CPD-4210|CPD-4612|UDP|UDP-GLUCOSE
reac_783	CPD-4210|CPD-4613|UDP|UDP-GLUCOSE
reac_784	CPD-4210|CPD-4614|UDP|UDP-GLUCOSE
reac_785	CPD-332|CPD-4615|UDP|UDP-GLUCOSE
reac_786	CPD-332|CPD-4616|UDP|UDP-GLUCOSE
reac_787	CPD-332|CPD-4617|UDP|UDP-GLUCOSE
reac_788	CPD-4209|CPD-4602|UDP|UDP-GLUCOSE
reac_789	CPD-4209|CPD-4603|UDP|UDP-GLUCOSE
reac_79	CPD-490|PPI|UDP-D-XYLOSE|UTP
reac_790	CPD-4604|CPD-4607|UDP|UDP-GLUCOSE
reac_791	CPD-4604|CPD-4608|UDP|UDP-GLUCOSE
reac_792	CPD-4609|CPD-4610|UDP|UDP-GLUCOSE
reac_793	CPD-4609|CPD-4611|UDP|UDP-GLUCOSE
reac_794	CPD-4441|CPD-4618|UDP|UDP-GLUCOSE
reac_795	CPD-4441|CPD-4619|UDP|UDP-GLUCOSE
reac_796	CPD-4441|CPD-4620|UDP|UDP-GLUCOSE
reac_797	CPD-4614|CPD-4622|UDP|UDP-GLUCOSE
reac_798	CPD-4616|CPD-4621|UDP|UDP-GLUCOSE
reac_799	5-METHYL-THF|METHYLENE-THF|Oxidized-ferredoxins|Reduced-ferredoxins
reac_8	CARBON-DIOXIDE|MAL|NAD|NADH|PYRUVATE
reac_80	GDP-MANNOSE|GTP|MANNOSE-1P|PPI
reac_800	CPD-4887|GERANYL-PP|PPI
reac_801	CPD-4261|CPD-4887
reac_802	CPD-4893|GERANYL-PP|PPI
reac_803	CPD-4892|GERANYL-PP|PPI
reac_804	CPD-4891|GERANYL-PP|PPI
reac_805	CPD-4890|GERANYL-PP|PPI
reac_806	CPD-4889|GERANYL-PP|PPI
reac_807	CPD-4888|GERANYL-PP|PPI
reac_808	CPD-4903|GERANYL-PP|PPI
reac_809	ENT-KAUR-16-EN-19-AL|ENT-KAUR-16-EN-19-OL|NADP|NADPH|OXYGEN-MOLECULE
reac_81	CDP-ETHANOLAMINE|CTP|PHOSPHORYL-ETHANOLAMINE|PPI
reac_810	CPD-474|DIHYDROKAEMPFEROL-CMPD|NADP|NADPH|OXYGEN-MOLECULE
reac_811	2-KETOGLUTARATE|CARBON-DIOXIDE|CPD-474|CPD-520|OXYGEN-MOLECULE|SUC
reac_812	13-HYDROXY-MAGNESIUM-PROTOPORP|MG-PROTOPORPHYRIN-MONOMETHYL-ESTER|NADP|NADPH|OXYGEN-MOLECULE
reac_813	13-HYDROXY-MAGNESIUM-PROTOPORP|131-OXO-MAGNESIUM-PROTOPORPHYRIN-IX-13-M|NADP|NADPH|OXYGEN-MOLECULE
reac_814	131-OXO-MAGNESIUM-PROTOPORPHYRIN-IX-13-M|DIVINYL-PROTOCHLOROPHYLLIDE-A|NADP|NADPH|OXYGEN-MOLECULE
reac_815	DTDP-DEOH-DEOXY-GLUCOSE|DTDP-RHAMNOSE|NADP|NADPH
reac_816	ALPHA-D-MANNOSYLCHITOBIO|CPD-5161|GDP|GDP-MANNOSE
reac_817	CPD-5161|CPD-5162|GDP|GDP-MANNOSE
reac_818	CPD-5162|CPD-5163|GDP|GDP-MANNOSE
reac_819	CPD-5163|CPD-5164|GDP|GDP-MANNOSE
reac_82	CDP-CHOLINE|CTP|PHOSPHORYL-CHOLINE|PPI
reac_820	CPD-171|CPD-5164|CPD-5165|DOLICHOLP
reac_821	CPD-171|CPD-5165|CPD-5166|DOLICHOLP
reac_822	CPD-171|CPD-5166|CPD-5167|DOLICHOLP
reac_823	CPD-171|CPD-5167|CPD-5168|DOLICHOLP
reac_824	CPD-166|CPD-5168|CPD-5169|DOLICHOLP
reac_825	CPD-166|CPD-5169|CPD-5170|DOLICHOLP
reac_826	CPD-166|CPD-5170|DOLICHOLP|OLIGOSACCHARIDE-DIPHOSPHODOLICHOL
reac_827	CPD-663|NADP|NADPH|UDP-L-RHAMNOSE
reac_828	NADP|NADPH|UDP-GLUCOSE|UDP-L-RHAMNOSE
reac_829	CARBON-DIOXIDE|ETHANOL-AMINE|SER
reac_83	CPD-488|GTP|GUANOSINE_DIPHOSPHATE_FUCOSE|PPI
reac_830	ADENOSYL-HOMO-CYS|CPD-406|CPD-5441|S-ADENOSYLMETHIONINE
reac_831	ADENOSYL-HOMO-CYS|CPD-5441|PHOSPHORYL-CHOLINE|S-ADENOSYLMETHIONINE
reac_832	CHOLINE|PHOSPHORYL-CHOLINE|Pi
reac_833	CARBON-DIOXIDE|CPD-659|NADP|NADPH|TYR
reac_834	ADENOSYL-HOMO-CYS|CPD-5601|ETHANOL-AMINE|S-ADENOSYLMETHIONINE
reac_835	ADENOSYL-HOMO-CYS|CPD-5601|CPD-5602|S-ADENOSYLMETHIONINE
reac_836	ADENOSYL-HOMO-CYS|CHOLINE|CPD-5602|S-ADENOSYLMETHIONINE
reac_837	NICOTINAMIDE_NUCLEOTIDE|NICOTINAMIDE_RIBOSE|Pi
reac_838	CPD-5661|CPD1F-118|NADP|NADPH|OXYGEN-MOLECULE
reac_839	CPD-5661|CPD1F-119|NADP|NADPH|OXYGEN-MOLECULE
reac_84	GDP-D-GLUCOSE|GLC-1-P|GTP|PPI
reac_840	CPD-249|CPD-5662|DETHIOBIOTIN
reac_841	BIOTIN|CPD-5662
reac_842	CPD-474|CPD-590|NADP|NADPH
reac_843	2-KETOGLUTARATE|CARBON-DIOXIDE|CPD-590|CPD-591|OXYGEN-MOLECULE|SUC
reac_844	ADP|ATP|CPD-5725|GLT|Pi|THF
reac_845	CPD-5804|P-AMINO-BENZOATE|UDP|UDP-GLUCOSE
reac_846	ACETALD|CARBON-DIOXIDE|PYRUVATE
reac_847	ALPHA-GLC-6-P|FRUCTOSE-6P
reac_848	ALLANTOIN|CARBON-DIOXIDE|CPD-5821
reac_849	5,10-methenyl-thf|5-FORMYL-THF
reac_85	CPD-510|PPI|UDP-GLUCURONATE|UTP
reac_850	AMMONIA|CPD-313|CPD-6082|HYDROGEN-PEROXIDE|OXYGEN-MOLECULE
reac_851	B-ALANINE|CPD-6082|NAD|NADH
reac_852	B-ALANINE|CPD-6082|NADP|NADPH
reac_853	3-HYDROXY-PROPIONYL-COA|ACRYLYL-COA
reac_854	3-HYDROXY-PROPIONATE|3-HYDROXY-PROPIONYL-COA|CO-A
reac_855	CPD-313|CPD-6121|HYDROGEN-PEROXIDE|OXYGEN-MOLECULE|SPERMINE
reac_856	4-AMINO-BUTYRALDEHYDE|CPD-6124
reac_857	CPD-6121|CPD-6123
reac_858	CPD-6122|CPD-6123
reac_859	ADENOSYL-HOMO-CYS|B-ALANINE|CPD-6141|S-ADENOSYLMETHIONINE
reac_86	2-C-METHYL-D-ERYTHRITOL-4-PHOSPHATE|4-CYTIDINE-5-DIPHOSPHO-2-C|CTP|PPI
reac_860	ADENOSYL-HOMO-CYS|CPD-6141|CPD-6142|S-ADENOSYLMETHIONINE
reac_861	ADENOSYL-HOMO-CYS|CPD-6142|CPD-6181|S-ADENOSYLMETHIONINE
reac_862	2-KETOGLUTARATE|CARBON-DIOXIDE|CPD-6202|CPD1F-97|OXYGEN-MOLECULE|SUC
reac_863	2-KETOGLUTARATE|CARBON-DIOXIDE|CPD-6201|CPD1F-120|OXYGEN-MOLECULE|SUC
reac_864	2-KETOGLUTARATE|CARBON-DIOXIDE|CPD-6203|CPD-638|OXYGEN-MOLECULE|SUC
reac_865	2-KETOGLUTARATE|CARBON-DIOXIDE|CPD-6221|CPD1F-84|OXYGEN-MOLECULE|SUC
reac_866	2-KETOGLUTARATE|CARBON-DIOXIDE|CPD-6221|CPD-6222|OXYGEN-MOLECULE|SUC
reac_867	2-KETOGLUTARATE|CARBON-DIOXIDE|CPD-6223|CPD1F-84|OXYGEN-MOLECULE|SUC
reac_868	2-KETOGLUTARATE|CARBON-DIOXIDE|CPD-6228|CPD1F-95|OXYGEN-MOLECULE|SUC
reac_869	CPD-6227|CPD1F-138|NADP|NADPH|OXYGEN-MOLECULE
reac_87	CPD-190|DOLICHOLP|UDP-N-ACETYL-D-GLUCOSAMINE|UMP
reac_870	2-KETOGLUTARATE|CARBON-DIOXIDE|CPD-6225|CPD1F-86|OXYGEN-MOLECULE|SUC
reac_871	2-KETOGLUTARATE|CARBON-DIOXIDE|CPD-6225|CPD-6226|OXYGEN-MOLECULE|SUC
reac_872	2-KETOGLUTARATE|CARBON-DIOXIDE|CPD-6224|CPD1F-137|OXYGEN-MOLECULE|SUC
reac_873	CPD-1002|CPD-1003|NAD|NADH
reac_874	CYS|CYS-GLY|GLY
reac_875	2-KETOGLUTARATE|CARBON-DIOXIDE|CPD-6365|CPD-6367|OXYGEN-MOLECULE|SUC
reac_876	ADENOSYL-HOMO-CYS|BENZOATE|CPD-6441|S-ADENOSYLMETHIONINE
reac_877	ADENOSYL-HOMO-CYS|CPD-110|CPD-6442|S-ADENOSYLMETHIONINE
reac_878	BENZOYLCOA|BENZYL-ALCOHOL|CO-A|CPD-6443
reac_879	ACETYL-COA|BENZYL-ALCOHOL|CO-A|CPD-6501
reac_88	BIOTIN|CH33ADO|CPD-249|DETHIOBIOTIN|MET|S-ADENOSYLMETHIONINE
reac_880	DIHYDROXY-ACETONE-PHOSPHATE|FAD|FADH2|GLYCEROL-3P
reac_881	4-AMINO-BUTYRATE|L-ALPHA-ALANINE|PYRUVATE|SUCC-S-ALD
reac_882	4-HYDROXY-BUTYRATE|NAD|NADH|SUCC-S-ALD
reac_883	4-HYDROXY-BUTYRATE|NADP|NADPH|SUCC-S-ALD
reac_884	CPD-7424|CPD1F-4|CPD1F-92|OXYGEN-MOLECULE
reac_885	CPD-692|CPD1F-92
reac_886	CPD-296|CPD-763|LIPOIC-ACID|RIBOSE|RIBOSE-1-ARSENATE
reac_887	CPD-6365|CPD-6563|UDP|UDP-GLUCOSE
reac_888	CPD-6366|CPD-6562|UDP|UDP-GLUCOSE
reac_889	CPD-700|EPISTEROL
reac_89	2-KETO-3-METHYL-VALERATE|2-METHYL-BUTYRYL-COA|CARBON-DIOXIDE|CO-A|NAD|NADH
reac_890	CPD-700|CPD-706|NADP|NADPH
reac_891	CPD-4141|CPD-707
reac_892	CPD-6366|CPD-6562|GLC
reac_893	CPD-707|CPD-708
reac_894	CPD-698|CPD-708
reac_895	CPD-698|CPD-709|NADP|NADPH
reac_896	CPD-709|CPD-710
reac_897	CPD-711|CPD-713
reac_898	CPD-713|CPD-714|NADP|NADPH|OXYGEN-MOLECULE
reac_899	ADP|ATP|CPD-1107|INOSITOL-1456-TETRAKISPHOSPHATE
reac_9	DIHYDROXY-ACETONE-PHOSPHATE|GLYCEROL-3P|NAD|NADH
reac_90	2K-4CH3-PENTANOATE|CARBON-DIOXIDE|CO-A|ISOVALERYL-COA|NAD|NADH
reac_900	ADP|ATP|CPD-1107|MI-HEXAKISPHOSPHATE
reac_901	CPD-716|CPD-718
reac_902	CPD-718|CPD-719
reac_903	ADP|ATP|CPD-534|INOSITOL-1456-TETRAKISPHOSPHATE
reac_904	ADP|ATP|CPD-1107|CPD-506
reac_905	ADP|ATP|CPD-505|CPD-6661
reac_906	ADP|ATP|CPD-6661|MI-HEXAKISPHOSPHATE
reac_907	CPD-634|CPD-697|NADP|NADPH|OXYGEN-MOLECULE
reac_908	1-L-MYO-INOSITOL-1-P|ADP|ATP|D-MYO-INOSITOL-34-BISPHOSPHATE
reac_909	ADP|ATP|CPD-6681|D-MYO-INOSITOL-34-BISPHOSPHATE
reac_91	2-KETOGLUTARATE|CARBON-DIOXIDE|CO-A|NAD|NADH|SUC-COA
reac_910	ADP|ATP|CPD-178|CPD-6681
reac_911	ACET|CPD-667|CYS|L-CYSTATHIONINE
reac_912	CPD-6741|MI-HEXAKISPHOSPHATE|Pi
reac_913	CPD-6741|CPD-6742|Pi
reac_914	CPD-534|CPD-6742|Pi
reac_915	CPD-6742|CPD-6744|Pi
reac_916	CPD-6744|CPD-6747|Pi
reac_917	CPD-6746|CPD-6747|Pi
reac_918	CPD-6741|CPD-6743|Pi
reac_919	CPD-6743|CPD-6745|Pi
reac_92	2-PG|PHOSPHO-ENOL-PYRUVATE
reac_920	CPD-6743|CPD-6744|Pi
reac_921	CPD-6745|CPD-6747|Pi
reac_922	CPD-6747|D-MYO-INOSITOL-1-MONOPHOSPHATE|Pi
reac_923	D-MYO-INOSITOL-1-MONOPHOSPHATE|MYO-INOSITOL|Pi
reac_924	CPD-6746|MYO-INOSITOL|Pi
reac_925	CPD-6781|MI-PENTAKISPHOSPHATE|Pi
reac_926	CPD-6745|CPD-6781|Pi
reac_927	CPD-6781|CPD-6782|Pi
reac_928	CPD-6782|CPD-6783|Pi
reac_929	CPD-6746|CPD-6783|Pi
reac_93	ERYTHROSE-4P|FRUCTOSE-6P|GAP|XYLULOSE-5-PHOSPHATE
reac_930	CPD-1825|PPI|UDP-L-ARABINOSE|UTP
reac_931	ACET|CPD-730|CPD-731|OXYGEN-MOLECULE
reac_932	CPD-731|CPD-734
reac_933	CARBON-DIOXIDE|CPD-6947|DIHYDROXYNAPHTHOATE|PHYTYL-PYROPHOSPHATE|PPI
reac_934	2-METHYL-3-PHYTYL-14-NAPHTHOQUINONE|ADENOSYL-HOMO-CYS|CPD-6947|S-ADENOSYLMETHIONINE
reac_935	CPD-6948|EPOXYSQUALENE
reac_936	CPD1F-132|ENT-KAUR-16-EN-19-AL|NADP|NADPH|OXYGEN-MOLECULE
reac_937	2-KETOGLUTARATE|CARBON-DIOXIDE|CPD-6202|CPD-6228|OXYGEN-MOLECULE|SUC
reac_938	2-KETOGLUTARATE|CARBON-DIOXIDE|CPD-6201|CPD-6202|OXYGEN-MOLECULE|SUC
reac_939	2-KETOGLUTARATE|CARBON-DIOXIDE|CPD-6201|CPD1F-137|OXYGEN-MOLECULE|SUC
reac_94	AMP|PAP|Pi
reac_940	IMP|INOSINE|Pi
reac_941	GMP|GUANOSINE|Pi
reac_942	ALLANTOIN|CARBON-DIOXIDE|HYDROGEN-PEROXIDE|OXYGEN-MOLECULE|URATE
reac_943	AMP|ATP|CO-A|CPD-6972|O-SUCCINYLBENZOATE|PPI
reac_944	CO-A|CPD-6972|DIHYDROXYNAPHTHOATE
reac_945	CARBON-DIOXIDE|CPD-6228|CPD1F-137|NADP|NADPH|OXYGEN-MOLECULE
reac_946	CARBON-DIOXIDE|CPD1F-134|CPD1F-95|NADP|NADPH|OXYGEN-MOLECULE
reac_947	CPD-6991|CPD-6993
reac_948	CPD-431|NADP|NADPH|NARINGENIN-CMPD|OXYGEN-MOLECULE
reac_949	5734-TETRAHYDROXYFLAVONE|CPD-431|NADP|NADPH|OXYGEN-MOLECULE
reac_95	2-DEHYDROPANTOATE|2-KETO-ISOVALERATE|METHYLENE-THF|THF
reac_950	CPD-6994|NADP|NADPH|NARINGENIN-CMPD|OXYGEN-MOLECULE
reac_951	5734-TETRAHYDROXYFLAVONE|CPD-6994|NADP|NADPH|OXYGEN-MOLECULE
reac_952	CPD-7002|GERANYLGERANYL-PP|NADP|NADPH
reac_953	CPD-7002|CPD-7003|NADP|NADPH
reac_954	CPD-7003|NADP|NADPH|PHYTYL-PYROPHOSPHATE
reac_955	CHLOROPHYLLIDE-A|CPD-7005|GERANYLGERANYL-PP|PPI
reac_956	CPD-7004|CPD-7005|NADP|NADPH
reac_957	CPD-7004|CPD-7006|NADP|NADPH
reac_958	CHLOROPHYLL-A|CPD-7006|NADP|NADPH
reac_959	CPD-7013|CPD-7014|GERANYLGERANYL-PP|PPI
reac_96	ASN|CPD-603
reac_960	CHLOROPHYLL-B|CPD-7014|PHYTYL-PYROPHOSPHATE|PPI
reac_961	CHLOROPHYLLIDE-A|CPD-7015|NADP|NADPH|OXYGEN-MOLECULE
reac_962	CPD-7014|CPD-7015|NADP|NADPH|OXYGEN-MOLECULE
reac_963	CHLOROPHYLL-B|CPD-7016|NADP|NADPH|OXYGEN-MOLECULE
reac_964	CHLOROPHYLL-A|CPD-7016|NADP|NADPH|OXYGEN-MOLECULE
reac_965	2-KETOGLUTARATE|CARBON-DIOXIDE|CPD-6971|CPD-6974|OXYGEN-MOLECULE|SUC
reac_966	HYPOXANTHINE|NAD|NADH|XANTHINE
reac_967	CDP|CPD-7025|CTP|PHYTOL
reac_968	2-KETOGLUTARATE|CARBON-DIOXIDE|CPD-431|NARINGENIN-CMPD|OXYGEN-MOLECULE|SUC
reac_969	2-KETOGLUTARATE|5734-TETRAHYDROXYFLAVONE|CARBON-DIOXIDE|CPD-6994|OXYGEN-MOLECULE|SUC
reac_97	3-DEHYDRO-SHIKIMATE|DEHYDROQUINATE
reac_970	NADH|NADPH|Pi
reac_971	CPD-710|CPD-712|NADP|NADPH|OXYGEN-MOLECULE
reac_972	2-KETOGLUTARATE|DELTA{1}-PIPERIDEINE-2-6-DICARBOXYLATE|GLT|LL-DIAMINOPIMELATE
reac_973	CHLOROPHYLL-A|CHLOROPHYLLIDE-A|PHYTOL
reac_974	CPD-712|CPD-715|OXYGEN-MOLECULE
reac_975	CPD-7061|CPD-7063|OXYGEN-MOLECULE
reac_976	CPD-7063|CPD-7064
reac_977	CPD-715|CPD-717
reac_978	CPD-717|CPD-720
reac_979	CPD-720|CPD-723|OXYGEN-MOLECULE
reac_98	3-DEOXY-D-ARABINO-HEPTULOSONATE-7-P|DEHYDROQUINATE|Pi
reac_980	CARBON-DIOXIDE|UDP-APIOSE|UDP-GLUCURONATE
reac_981	CPD-7078|GDP-MANNOSE
reac_982	CPD-7078|GDP-L-GALACTOSE
reac_983	2-KETOGLUTARATE|CARBON-DIOXIDE|SUCC-S-ALD
reac_984	2-KETOGLUTARATE|CARBON-DIOXIDE|CPD-474|CPD-6994|OXYGEN-MOLECULE|SUC
reac_985	CPD-723|CPD-724|OXYGEN-MOLECULE
reac_986	CPD-634|CPD-724
reac_987	2K-4CH3-PENTANOATE|CARBON-DIOXIDE|CPD-7100
reac_988	CPD-4211|CPD-7105|CPD-7109|PPI
reac_989	3-METHYL-1-246-TRIHYDROXYPHENYLBUTAN|CPD-4211|CPD-7109|PPI
reac_99	DEHYDROSPHINGANINE|DIHYDRO-SPHINGOSINE|NADP|NADPH
reac_990	4-PRENYLPHLORISOBUTYROPHENONE|CPD-4211|CPD-7104|PPI
reac_991	4-PRENYLPHLORISOBUTYROPHENONE|CPD-4211|CPD-7107|PPI
reac_992	CHOLESTEROL|CPD-7189|NADP|NADPH|OXYGEN-MOLECULE
reac_993	CPD-4143|CPD-7190|NADP|NADPH|OXYGEN-MOLECULE
reac_994	CPD-4127|CPD-7191|NADP|NADPH|OXYGEN-MOLECULE
reac_995	CPD-7192|CPD-7193|NADP|NADPH|OXYGEN-MOLECULE
reac_996	CPD-7202|CPD-7204|CPD1F-129|OXYGEN-MOLECULE
reac_997	ADP|ATP|DCDP|DCMP
reac_998	CPD1F-130|CPD1F-131|NAD|NADH|OXYGEN-MOLECULE
reac_999	CPD1F-131|CPD1F-133|NAD|NADH|OXYGEN-MOLECULE
